1
60000
0 1
1 2
2 1
3 2
4 1
5 2
6 1
7 2
8 1
9 2
10 1
11 2
12 1
13 2
14 1
15 2
16 1
17 2
18 1
19 2
20 1
21 2
22 1
23 2
24 1
25 2
26 1
27 2
28 1
29 2
30 1
31 2
32 1
33 2
34 1
35 2
36 1
37 2
38 1
39 2
40 1
41 2
42 1
43 2
44 1
45 2
46 1
47 2
48 1
49 2
50 1
51 2
52 1
53 2
54 1
55 2
56 1
57 2
58 1
59 2
60 1
61 2
62 1
63 2
64 1
65 2
66 1
67 2
68 1
69 2
70 1
71 2
72 1
73 2
74 1
75 2
76 1
77 2
78 1
79 2
80 1
81 2
82 1
83 2
84 1
85 2
86 1
87 2
88 1
89 2
90 1
91 2
92 1
93 2
94 1
95 2
96 1
97 2
98 1
99 2
100 1
101 2
102 1
103 2
104 1
105 2
106 1
107 2
108 1
109 2
110 1
111 2
112 1
113 2
114 1
115 2
116 1
117 2
118 1
119 2
120 1
121 2
122 1
123 2
124 1
125 2
126 1
127 2
128 1
129 2
130 1
131 2
132 1
133 2
134 1
135 2
136 1
137 2
138 1
139 2
140 1
141 2
142 1
143 2
144 1
145 2
146 1
147 2
148 1
149 2
150 1
151 2
152 1
153 2
154 1
155 2
156 1
157 2
158 1
159 2
160 1
161 2
162 1
163 2
164 1
165 2
166 1
167 2
168 1
169 2
170 1
171 2
172 1
173 2
174 1
175 2
176 1
177 2
178 1
179 2
180 1
181 2
182 1
183 2
184 1
185 2
186 1
187 2
188 1
189 2
190 1
191 2
192 1
193 2
194 1
195 2
196 1
197 2
198 1
199 2
200 1
201 2
202 1
203 2
204 1
205 2
206 1
207 2
208 1
209 2
210 1
211 2
212 1
213 2
214 1
215 2
216 1
217 2
218 1
219 2
220 1
221 2
222 1
223 2
224 1
225 2
226 1
227 2
228 1
229 2
230 1
231 2
232 1
233 2
234 1
235 2
236 1
237 2
238 1
239 2
240 1
241 2
242 1
243 2
244 1
245 2
246 1
247 2
248 1
249 2
250 1
251 2
252 1
253 2
254 1
255 2
256 1
257 2
258 1
259 2
260 1
261 2
262 1
263 2
264 1
265 2
266 1
267 2
268 1
269 2
270 1
271 2
272 1
273 2
274 1
275 2
276 1
277 2
278 1
279 2
280 1
281 2
282 1
283 2
284 1
285 2
286 1
287 2
288 1
289 2
290 1
291 2
292 1
293 2
294 1
295 2
296 1
297 2
298 1
299 2
300 1
301 2
302 1
303 2
304 1
305 2
306 1
307 2
308 1
309 2
310 1
311 2
312 1
313 2
314 1
315 2
316 1
317 2
318 1
319 2
320 1
321 2
322 1
323 2
324 1
325 2
326 1
327 2
328 1
329 2
330 1
331 2
332 1
333 2
334 1
335 2
336 1
337 2
338 1
339 2
340 1
341 2
342 1
343 2
344 1
345 2
346 1
347 2
348 1
349 2
350 1
351 2
352 1
353 2
354 1
355 2
356 1
357 2
358 1
359 2
360 1
361 2
362 1
363 2
364 1
365 2
366 1
367 2
368 1
369 2
370 1
371 2
372 1
373 2
374 1
375 2
376 1
377 2
378 1
379 2
380 1
381 2
382 1
383 2
384 1
385 2
386 1
387 2
388 1
389 2
390 1
391 2
392 1
393 2
394 1
395 2
396 1
397 2
398 1
399 2
400 1
401 2
402 1
403 2
404 1
405 2
406 1
407 2
408 1
409 2
410 1
411 2
412 1
413 2
414 1
415 2
416 1
417 2
418 1
419 2
420 1
421 2
422 1
423 2
424 1
425 2
426 1
427 2
428 1
429 2
430 1
431 2
432 1
433 2
434 1
435 2
436 1
437 2
438 1
439 2
440 1
441 2
442 1
443 2
444 1
445 2
446 1
447 2
448 1
449 2
450 1
451 2
452 1
453 2
454 1
455 2
456 1
457 2
458 1
459 2
460 1
461 2
462 1
463 2
464 1
465 2
466 1
467 2
468 1
469 2
470 1
471 2
472 1
473 2
474 1
475 2
476 1
477 2
478 1
479 2
480 1
481 2
482 1
483 2
484 1
485 2
486 1
487 2
488 1
489 2
490 1
491 2
492 1
493 2
494 1
495 2
496 1
497 2
498 1
499 2
500 1
501 2
502 1
503 2
504 1
505 2
506 1
507 2
508 1
509 2
510 1
511 2
512 1
513 2
514 1
515 2
516 1
517 2
518 1
519 2
520 1
521 2
522 1
523 2
524 1
525 2
526 1
527 2
528 1
529 2
530 1
531 2
532 1
533 2
534 1
535 2
536 1
537 2
538 1
539 2
540 1
541 2
542 1
543 2
544 1
545 2
546 1
547 2
548 1
549 2
550 1
551 2
552 1
553 2
554 1
555 2
556 1
557 2
558 1
559 2
560 1
561 2
562 1
563 2
564 1
565 2
566 1
567 2
568 1
569 2
570 1
571 2
572 1
573 2
574 1
575 2
576 1
577 2
578 1
579 2
580 1
581 2
582 1
583 2
584 1
585 2
586 1
587 2
588 1
589 2
590 1
591 2
592 1
593 2
594 1
595 2
596 1
597 2
598 1
599 2
600 1
601 2
602 1
603 2
604 1
605 2
606 1
607 2
608 1
609 2
610 1
611 2
612 1
613 2
614 1
615 2
616 1
617 2
618 1
619 2
620 1
621 2
622 1
623 2
624 1
625 2
626 1
627 2
628 1
629 2
630 1
631 2
632 1
633 2
634 1
635 2
636 1
637 2
638 1
639 2
640 1
641 2
642 1
643 2
644 1
645 2
646 1
647 2
648 1
649 2
650 1
651 2
652 1
653 2
654 1
655 2
656 1
657 2
658 1
659 2
660 1
661 2
662 1
663 2
664 1
665 2
666 1
667 2
668 1
669 2
670 1
671 2
672 1
673 2
674 1
675 2
676 1
677 2
678 1
679 2
680 1
681 2
682 1
683 2
684 1
685 2
686 1
687 2
688 1
689 2
690 1
691 2
692 1
693 2
694 1
695 2
696 1
697 2
698 1
699 2
700 1
701 2
702 1
703 2
704 1
705 2
706 1
707 2
708 1
709 2
710 1
711 2
712 1
713 2
714 1
715 2
716 1
717 2
718 1
719 2
720 1
721 2
722 1
723 2
724 1
725 2
726 1
727 2
728 1
729 2
730 1
731 2
732 1
733 2
734 1
735 2
736 1
737 2
738 1
739 2
740 1
741 2
742 1
743 2
744 1
745 2
746 1
747 2
748 1
749 2
750 1
751 2
752 1
753 2
754 1
755 2
756 1
757 2
758 1
759 2
760 1
761 2
762 1
763 2
764 1
765 2
766 1
767 2
768 1
769 2
770 1
771 2
772 1
773 2
774 1
775 2
776 1
777 2
778 1
779 2
780 1
781 2
782 1
783 2
784 1
785 2
786 1
787 2
788 1
789 2
790 1
791 2
792 1
793 2
794 1
795 2
796 1
797 2
798 1
799 2
800 1
801 2
802 1
803 2
804 1
805 2
806 1
807 2
808 1
809 2
810 1
811 2
812 1
813 2
814 1
815 2
816 1
817 2
818 1
819 2
820 1
821 2
822 1
823 2
824 1
825 2
826 1
827 2
828 1
829 2
830 1
831 2
832 1
833 2
834 1
835 2
836 1
837 2
838 1
839 2
840 1
841 2
842 1
843 2
844 1
845 2
846 1
847 2
848 1
849 2
850 1
851 2
852 1
853 2
854 1
855 2
856 1
857 2
858 1
859 2
860 1
861 2
862 1
863 2
864 1
865 2
866 1
867 2
868 1
869 2
870 1
871 2
872 1
873 2
874 1
875 2
876 1
877 2
878 1
879 2
880 1
881 2
882 1
883 2
884 1
885 2
886 1
887 2
888 1
889 2
890 1
891 2
892 1
893 2
894 1
895 2
896 1
897 2
898 1
899 2
900 1
901 2
902 1
903 2
904 1
905 2
906 1
907 2
908 1
909 2
910 1
911 2
912 1
913 2
914 1
915 2
916 1
917 2
918 1
919 2
920 1
921 2
922 1
923 2
924 1
925 2
926 1
927 2
928 1
929 2
930 1
931 2
932 1
933 2
934 1
935 2
936 1
937 2
938 1
939 2
940 1
941 2
942 1
943 2
944 1
945 2
946 1
947 2
948 1
949 2
950 1
951 2
952 1
953 2
954 1
955 2
956 1
957 2
958 1
959 2
960 1
961 2
962 1
963 2
964 1
965 2
966 1
967 2
968 1
969 2
970 1
971 2
972 1
973 2
974 1
975 2
976 1
977 2
978 1
979 2
980 1
981 2
982 1
983 2
984 1
985 2
986 1
987 2
988 1
989 2
990 1
991 2
992 1
993 2
994 1
995 2
996 1
997 2
998 1
999 2
1000 1
1001 2
1002 1
1003 2
1004 1
1005 2
1006 1
1007 2
1008 1
1009 2
1010 1
1011 2
1012 1
1013 2
1014 1
1015 2
1016 1
1017 2
1018 1
1019 2
1020 1
1021 2
1022 1
1023 2
1024 1
1025 2
1026 1
1027 2
1028 1
1029 2
1030 1
1031 2
1032 1
1033 2
1034 1
1035 2
1036 1
1037 2
1038 1
1039 2
1040 1
1041 2
1042 1
1043 2
1044 1
1045 2
1046 1
1047 2
1048 1
1049 2
1050 1
1051 2
1052 1
1053 2
1054 1
1055 2
1056 1
1057 2
1058 1
1059 2
1060 1
1061 2
1062 1
1063 2
1064 1
1065 2
1066 1
1067 2
1068 1
1069 2
1070 1
1071 2
1072 1
1073 2
1074 1
1075 2
1076 1
1077 2
1078 1
1079 2
1080 1
1081 2
1082 1
1083 2
1084 1
1085 2
1086 1
1087 2
1088 1
1089 2
1090 1
1091 2
1092 1
1093 2
1094 1
1095 2
1096 1
1097 2
1098 1
1099 2
1100 1
1101 2
1102 1
1103 2
1104 1
1105 2
1106 1
1107 2
1108 1
1109 2
1110 1
1111 2
1112 1
1113 2
1114 1
1115 2
1116 1
1117 2
1118 1
1119 2
1120 1
1121 2
1122 1
1123 2
1124 1
1125 2
1126 1
1127 2
1128 1
1129 2
1130 1
1131 2
1132 1
1133 2
1134 1
1135 2
1136 1
1137 2
1138 1
1139 2
1140 1
1141 2
1142 1
1143 2
1144 1
1145 2
1146 1
1147 2
1148 1
1149 2
1150 1
1151 2
1152 1
1153 2
1154 1
1155 2
1156 1
1157 2
1158 1
1159 2
1160 1
1161 2
1162 1
1163 2
1164 1
1165 2
1166 1
1167 2
1168 1
1169 2
1170 1
1171 2
1172 1
1173 2
1174 1
1175 2
1176 1
1177 2
1178 1
1179 2
1180 1
1181 2
1182 1
1183 2
1184 1
1185 2
1186 1
1187 2
1188 1
1189 2
1190 1
1191 2
1192 1
1193 2
1194 1
1195 2
1196 1
1197 2
1198 1
1199 2
1200 1
1201 2
1202 1
1203 2
1204 1
1205 2
1206 1
1207 2
1208 1
1209 2
1210 1
1211 2
1212 1
1213 2
1214 1
1215 2
1216 1
1217 2
1218 1
1219 2
1220 1
1221 2
1222 1
1223 2
1224 1
1225 2
1226 1
1227 2
1228 1
1229 2
1230 1
1231 2
1232 1
1233 2
1234 1
1235 2
1236 1
1237 2
1238 1
1239 2
1240 1
1241 2
1242 1
1243 2
1244 1
1245 2
1246 1
1247 2
1248 1
1249 2
1250 1
1251 2
1252 1
1253 2
1254 1
1255 2
1256 1
1257 2
1258 1
1259 2
1260 1
1261 2
1262 1
1263 2
1264 1
1265 2
1266 1
1267 2
1268 1
1269 2
1270 1
1271 2
1272 1
1273 2
1274 1
1275 2
1276 1
1277 2
1278 1
1279 2
1280 1
1281 2
1282 1
1283 2
1284 1
1285 2
1286 1
1287 2
1288 1
1289 2
1290 1
1291 2
1292 1
1293 2
1294 1
1295 2
1296 1
1297 2
1298 1
1299 2
1300 1
1301 2
1302 1
1303 2
1304 1
1305 2
1306 1
1307 2
1308 1
1309 2
1310 1
1311 2
1312 1
1313 2
1314 1
1315 2
1316 1
1317 2
1318 1
1319 2
1320 1
1321 2
1322 1
1323 2
1324 1
1325 2
1326 1
1327 2
1328 1
1329 2
1330 1
1331 2
1332 1
1333 2
1334 1
1335 2
1336 1
1337 2
1338 1
1339 2
1340 1
1341 2
1342 1
1343 2
1344 1
1345 2
1346 1
1347 2
1348 1
1349 2
1350 1
1351 2
1352 1
1353 2
1354 1
1355 2
1356 1
1357 2
1358 1
1359 2
1360 1
1361 2
1362 1
1363 2
1364 1
1365 2
1366 1
1367 2
1368 1
1369 2
1370 1
1371 2
1372 1
1373 2
1374 1
1375 2
1376 1
1377 2
1378 1
1379 2
1380 1
1381 2
1382 1
1383 2
1384 1
1385 2
1386 1
1387 2
1388 1
1389 2
1390 1
1391 2
1392 1
1393 2
1394 1
1395 2
1396 1
1397 2
1398 1
1399 2
1400 1
1401 2
1402 1
1403 2
1404 1
1405 2
1406 1
1407 2
1408 1
1409 2
1410 1
1411 2
1412 1
1413 2
1414 1
1415 2
1416 1
1417 2
1418 1
1419 2
1420 1
1421 2
1422 1
1423 2
1424 1
1425 2
1426 1
1427 2
1428 1
1429 2
1430 1
1431 2
1432 1
1433 2
1434 1
1435 2
1436 1
1437 2
1438 1
1439 2
1440 1
1441 2
1442 1
1443 2
1444 1
1445 2
1446 1
1447 2
1448 1
1449 2
1450 1
1451 2
1452 1
1453 2
1454 1
1455 2
1456 1
1457 2
1458 1
1459 2
1460 1
1461 2
1462 1
1463 2
1464 1
1465 2
1466 1
1467 2
1468 1
1469 2
1470 1
1471 2
1472 1
1473 2
1474 1
1475 2
1476 1
1477 2
1478 1
1479 2
1480 1
1481 2
1482 1
1483 2
1484 1
1485 2
1486 1
1487 2
1488 1
1489 2
1490 1
1491 2
1492 1
1493 2
1494 1
1495 2
1496 1
1497 2
1498 1
1499 2
1500 1
1501 2
1502 1
1503 2
1504 1
1505 2
1506 1
1507 2
1508 1
1509 2
1510 1
1511 2
1512 1
1513 2
1514 1
1515 2
1516 1
1517 2
1518 1
1519 2
1520 1
1521 2
1522 1
1523 2
1524 1
1525 2
1526 1
1527 2
1528 1
1529 2
1530 1
1531 2
1532 1
1533 2
1534 1
1535 2
1536 1
1537 2
1538 1
1539 2
1540 1
1541 2
1542 1
1543 2
1544 1
1545 2
1546 1
1547 2
1548 1
1549 2
1550 1
1551 2
1552 1
1553 2
1554 1
1555 2
1556 1
1557 2
1558 1
1559 2
1560 1
1561 2
1562 1
1563 2
1564 1
1565 2
1566 1
1567 2
1568 1
1569 2
1570 1
1571 2
1572 1
1573 2
1574 1
1575 2
1576 1
1577 2
1578 1
1579 2
1580 1
1581 2
1582 1
1583 2
1584 1
1585 2
1586 1
1587 2
1588 1
1589 2
1590 1
1591 2
1592 1
1593 2
1594 1
1595 2
1596 1
1597 2
1598 1
1599 2
1600 1
1601 2
1602 1
1603 2
1604 1
1605 2
1606 1
1607 2
1608 1
1609 2
1610 1
1611 2
1612 1
1613 2
1614 1
1615 2
1616 1
1617 2
1618 1
1619 2
1620 1
1621 2
1622 1
1623 2
1624 1
1625 2
1626 1
1627 2
1628 1
1629 2
1630 1
1631 2
1632 1
1633 2
1634 1
1635 2
1636 1
1637 2
1638 1
1639 2
1640 1
1641 2
1642 1
1643 2
1644 1
1645 2
1646 1
1647 2
1648 1
1649 2
1650 1
1651 2
1652 1
1653 2
1654 1
1655 2
1656 1
1657 2
1658 1
1659 2
1660 1
1661 2
1662 1
1663 2
1664 1
1665 2
1666 1
1667 2
1668 1
1669 2
1670 1
1671 2
1672 1
1673 2
1674 1
1675 2
1676 1
1677 2
1678 1
1679 2
1680 1
1681 2
1682 1
1683 2
1684 1
1685 2
1686 1
1687 2
1688 1
1689 2
1690 1
1691 2
1692 1
1693 2
1694 1
1695 2
1696 1
1697 2
1698 1
1699 2
1700 1
1701 2
1702 1
1703 2
1704 1
1705 2
1706 1
1707 2
1708 1
1709 2
1710 1
1711 2
1712 1
1713 2
1714 1
1715 2
1716 1
1717 2
1718 1
1719 2
1720 1
1721 2
1722 1
1723 2
1724 1
1725 2
1726 1
1727 2
1728 1
1729 2
1730 1
1731 2
1732 1
1733 2
1734 1
1735 2
1736 1
1737 2
1738 1
1739 2
1740 1
1741 2
1742 1
1743 2
1744 1
1745 2
1746 1
1747 2
1748 1
1749 2
1750 1
1751 2
1752 1
1753 2
1754 1
1755 2
1756 1
1757 2
1758 1
1759 2
1760 1
1761 2
1762 1
1763 2
1764 1
1765 2
1766 1
1767 2
1768 1
1769 2
1770 1
1771 2
1772 1
1773 2
1774 1
1775 2
1776 1
1777 2
1778 1
1779 2
1780 1
1781 2
1782 1
1783 2
1784 1
1785 2
1786 1
1787 2
1788 1
1789 2
1790 1
1791 2
1792 1
1793 2
1794 1
1795 2
1796 1
1797 2
1798 1
1799 2
1800 1
1801 2
1802 1
1803 2
1804 1
1805 2
1806 1
1807 2
1808 1
1809 2
1810 1
1811 2
1812 1
1813 2
1814 1
1815 2
1816 1
1817 2
1818 1
1819 2
1820 1
1821 2
1822 1
1823 2
1824 1
1825 2
1826 1
1827 2
1828 1
1829 2
1830 1
1831 2
1832 1
1833 2
1834 1
1835 2
1836 1
1837 2
1838 1
1839 2
1840 1
1841 2
1842 1
1843 2
1844 1
1845 2
1846 1
1847 2
1848 1
1849 2
1850 1
1851 2
1852 1
1853 2
1854 1
1855 2
1856 1
1857 2
1858 1
1859 2
1860 1
1861 2
1862 1
1863 2
1864 1
1865 2
1866 1
1867 2
1868 1
1869 2
1870 1
1871 2
1872 1
1873 2
1874 1
1875 2
1876 1
1877 2
1878 1
1879 2
1880 1
1881 2
1882 1
1883 2
1884 1
1885 2
1886 1
1887 2
1888 1
1889 2
1890 1
1891 2
1892 1
1893 2
1894 1
1895 2
1896 1
1897 2
1898 1
1899 2
1900 1
1901 2
1902 1
1903 2
1904 1
1905 2
1906 1
1907 2
1908 1
1909 2
1910 1
1911 2
1912 1
1913 2
1914 1
1915 2
1916 1
1917 2
1918 1
1919 2
1920 1
1921 2
1922 1
1923 2
1924 1
1925 2
1926 1
1927 2
1928 1
1929 2
1930 1
1931 2
1932 1
1933 2
1934 1
1935 2
1936 1
1937 2
1938 1
1939 2
1940 1
1941 2
1942 1
1943 2
1944 1
1945 2
1946 1
1947 2
1948 1
1949 2
1950 1
1951 2
1952 1
1953 2
1954 1
1955 2
1956 1
1957 2
1958 1
1959 2
1960 1
1961 2
1962 1
1963 2
1964 1
1965 2
1966 1
1967 2
1968 1
1969 2
1970 1
1971 2
1972 1
1973 2
1974 1
1975 2
1976 1
1977 2
1978 1
1979 2
1980 1
1981 2
1982 1
1983 2
1984 1
1985 2
1986 1
1987 2
1988 1
1989 2
1990 1
1991 2
1992 1
1993 2
1994 1
1995 2
1996 1
1997 2
1998 1
1999 2
2000 1
2001 2
2002 1
2003 2
2004 1
2005 2
2006 1
2007 2
2008 1
2009 2
2010 1
2011 2
2012 1
2013 2
2014 1
2015 2
2016 1
2017 2
2018 1
2019 2
2020 1
2021 2
2022 1
2023 2
2024 1
2025 2
2026 1
2027 2
2028 1
2029 2
2030 1
2031 2
2032 1
2033 2
2034 1
2035 2
2036 1
2037 2
2038 1
2039 2
2040 1
2041 2
2042 1
2043 2
2044 1
2045 2
2046 1
2047 2
2048 1
2049 2
2050 1
2051 2
2052 1
2053 2
2054 1
2055 2
2056 1
2057 2
2058 1
2059 2
2060 1
2061 2
2062 1
2063 2
2064 1
2065 2
2066 1
2067 2
2068 1
2069 2
2070 1
2071 2
2072 1
2073 2
2074 1
2075 2
2076 1
2077 2
2078 1
2079 2
2080 1
2081 2
2082 1
2083 2
2084 1
2085 2
2086 1
2087 2
2088 1
2089 2
2090 1
2091 2
2092 1
2093 2
2094 1
2095 2
2096 1
2097 2
2098 1
2099 2
2100 1
2101 2
2102 1
2103 2
2104 1
2105 2
2106 1
2107 2
2108 1
2109 2
2110 1
2111 2
2112 1
2113 2
2114 1
2115 2
2116 1
2117 2
2118 1
2119 2
2120 1
2121 2
2122 1
2123 2
2124 1
2125 2
2126 1
2127 2
2128 1
2129 2
2130 1
2131 2
2132 1
2133 2
2134 1
2135 2
2136 1
2137 2
2138 1
2139 2
2140 1
2141 2
2142 1
2143 2
2144 1
2145 2
2146 1
2147 2
2148 1
2149 2
2150 1
2151 2
2152 1
2153 2
2154 1
2155 2
2156 1
2157 2
2158 1
2159 2
2160 1
2161 2
2162 1
2163 2
2164 1
2165 2
2166 1
2167 2
2168 1
2169 2
2170 1
2171 2
2172 1
2173 2
2174 1
2175 2
2176 1
2177 2
2178 1
2179 2
2180 1
2181 2
2182 1
2183 2
2184 1
2185 2
2186 1
2187 2
2188 1
2189 2
2190 1
2191 2
2192 1
2193 2
2194 1
2195 2
2196 1
2197 2
2198 1
2199 2
2200 1
2201 2
2202 1
2203 2
2204 1
2205 2
2206 1
2207 2
2208 1
2209 2
2210 1
2211 2
2212 1
2213 2
2214 1
2215 2
2216 1
2217 2
2218 1
2219 2
2220 1
2221 2
2222 1
2223 2
2224 1
2225 2
2226 1
2227 2
2228 1
2229 2
2230 1
2231 2
2232 1
2233 2
2234 1
2235 2
2236 1
2237 2
2238 1
2239 2
2240 1
2241 2
2242 1
2243 2
2244 1
2245 2
2246 1
2247 2
2248 1
2249 2
2250 1
2251 2
2252 1
2253 2
2254 1
2255 2
2256 1
2257 2
2258 1
2259 2
2260 1
2261 2
2262 1
2263 2
2264 1
2265 2
2266 1
2267 2
2268 1
2269 2
2270 1
2271 2
2272 1
2273 2
2274 1
2275 2
2276 1
2277 2
2278 1
2279 2
2280 1
2281 2
2282 1
2283 2
2284 1
2285 2
2286 1
2287 2
2288 1
2289 2
2290 1
2291 2
2292 1
2293 2
2294 1
2295 2
2296 1
2297 2
2298 1
2299 2
2300 1
2301 2
2302 1
2303 2
2304 1
2305 2
2306 1
2307 2
2308 1
2309 2
2310 1
2311 2
2312 1
2313 2
2314 1
2315 2
2316 1
2317 2
2318 1
2319 2
2320 1
2321 2
2322 1
2323 2
2324 1
2325 2
2326 1
2327 2
2328 1
2329 2
2330 1
2331 2
2332 1
2333 2
2334 1
2335 2
2336 1
2337 2
2338 1
2339 2
2340 1
2341 2
2342 1
2343 2
2344 1
2345 2
2346 1
2347 2
2348 1
2349 2
2350 1
2351 2
2352 1
2353 2
2354 1
2355 2
2356 1
2357 2
2358 1
2359 2
2360 1
2361 2
2362 1
2363 2
2364 1
2365 2
2366 1
2367 2
2368 1
2369 2
2370 1
2371 2
2372 1
2373 2
2374 1
2375 2
2376 1
2377 2
2378 1
2379 2
2380 1
2381 2
2382 1
2383 2
2384 1
2385 2
2386 1
2387 2
2388 1
2389 2
2390 1
2391 2
2392 1
2393 2
2394 1
2395 2
2396 1
2397 2
2398 1
2399 2
2400 1
2401 2
2402 1
2403 2
2404 1
2405 2
2406 1
2407 2
2408 1
2409 2
2410 1
2411 2
2412 1
2413 2
2414 1
2415 2
2416 1
2417 2
2418 1
2419 2
2420 1
2421 2
2422 1
2423 2
2424 1
2425 2
2426 1
2427 2
2428 1
2429 2
2430 1
2431 2
2432 1
2433 2
2434 1
2435 2
2436 1
2437 2
2438 1
2439 2
2440 1
2441 2
2442 1
2443 2
2444 1
2445 2
2446 1
2447 2
2448 1
2449 2
2450 1
2451 2
2452 1
2453 2
2454 1
2455 2
2456 1
2457 2
2458 1
2459 2
2460 1
2461 2
2462 1
2463 2
2464 1
2465 2
2466 1
2467 2
2468 1
2469 2
2470 1
2471 2
2472 1
2473 2
2474 1
2475 2
2476 1
2477 2
2478 1
2479 2
2480 1
2481 2
2482 1
2483 2
2484 1
2485 2
2486 1
2487 2
2488 1
2489 2
2490 1
2491 2
2492 1
2493 2
2494 1
2495 2
2496 1
2497 2
2498 1
2499 2
2500 1
2501 2
2502 1
2503 2
2504 1
2505 2
2506 1
2507 2
2508 1
2509 2
2510 1
2511 2
2512 1
2513 2
2514 1
2515 2
2516 1
2517 2
2518 1
2519 2
2520 1
2521 2
2522 1
2523 2
2524 1
2525 2
2526 1
2527 2
2528 1
2529 2
2530 1
2531 2
2532 1
2533 2
2534 1
2535 2
2536 1
2537 2
2538 1
2539 2
2540 1
2541 2
2542 1
2543 2
2544 1
2545 2
2546 1
2547 2
2548 1
2549 2
2550 1
2551 2
2552 1
2553 2
2554 1
2555 2
2556 1
2557 2
2558 1
2559 2
2560 1
2561 2
2562 1
2563 2
2564 1
2565 2
2566 1
2567 2
2568 1
2569 2
2570 1
2571 2
2572 1
2573 2
2574 1
2575 2
2576 1
2577 2
2578 1
2579 2
2580 1
2581 2
2582 1
2583 2
2584 1
2585 2
2586 1
2587 2
2588 1
2589 2
2590 1
2591 2
2592 1
2593 2
2594 1
2595 2
2596 1
2597 2
2598 1
2599 2
2600 1
2601 2
2602 1
2603 2
2604 1
2605 2
2606 1
2607 2
2608 1
2609 2
2610 1
2611 2
2612 1
2613 2
2614 1
2615 2
2616 1
2617 2
2618 1
2619 2
2620 1
2621 2
2622 1
2623 2
2624 1
2625 2
2626 1
2627 2
2628 1
2629 2
2630 1
2631 2
2632 1
2633 2
2634 1
2635 2
2636 1
2637 2
2638 1
2639 2
2640 1
2641 2
2642 1
2643 2
2644 1
2645 2
2646 1
2647 2
2648 1
2649 2
2650 1
2651 2
2652 1
2653 2
2654 1
2655 2
2656 1
2657 2
2658 1
2659 2
2660 1
2661 2
2662 1
2663 2
2664 1
2665 2
2666 1
2667 2
2668 1
2669 2
2670 1
2671 2
2672 1
2673 2
2674 1
2675 2
2676 1
2677 2
2678 1
2679 2
2680 1
2681 2
2682 1
2683 2
2684 1
2685 2
2686 1
2687 2
2688 1
2689 2
2690 1
2691 2
2692 1
2693 2
2694 1
2695 2
2696 1
2697 2
2698 1
2699 2
2700 1
2701 2
2702 1
2703 2
2704 1
2705 2
2706 1
2707 2
2708 1
2709 2
2710 1
2711 2
2712 1
2713 2
2714 1
2715 2
2716 1
2717 2
2718 1
2719 2
2720 1
2721 2
2722 1
2723 2
2724 1
2725 2
2726 1
2727 2
2728 1
2729 2
2730 1
2731 2
2732 1
2733 2
2734 1
2735 2
2736 1
2737 2
2738 1
2739 2
2740 1
2741 2
2742 1
2743 2
2744 1
2745 2
2746 1
2747 2
2748 1
2749 2
2750 1
2751 2
2752 1
2753 2
2754 1
2755 2
2756 1
2757 2
2758 1
2759 2
2760 1
2761 2
2762 1
2763 2
2764 1
2765 2
2766 1
2767 2
2768 1
2769 2
2770 1
2771 2
2772 1
2773 2
2774 1
2775 2
2776 1
2777 2
2778 1
2779 2
2780 1
2781 2
2782 1
2783 2
2784 1
2785 2
2786 1
2787 2
2788 1
2789 2
2790 1
2791 2
2792 1
2793 2
2794 1
2795 2
2796 1
2797 2
2798 1
2799 2
2800 1
2801 2
2802 1
2803 2
2804 1
2805 2
2806 1
2807 2
2808 1
2809 2
2810 1
2811 2
2812 1
2813 2
2814 1
2815 2
2816 1
2817 2
2818 1
2819 2
2820 1
2821 2
2822 1
2823 2
2824 1
2825 2
2826 1
2827 2
2828 1
2829 2
2830 1
2831 2
2832 1
2833 2
2834 1
2835 2
2836 1
2837 2
2838 1
2839 2
2840 1
2841 2
2842 1
2843 2
2844 1
2845 2
2846 1
2847 2
2848 1
2849 2
2850 1
2851 2
2852 1
2853 2
2854 1
2855 2
2856 1
2857 2
2858 1
2859 2
2860 1
2861 2
2862 1
2863 2
2864 1
2865 2
2866 1
2867 2
2868 1
2869 2
2870 1
2871 2
2872 1
2873 2
2874 1
2875 2
2876 1
2877 2
2878 1
2879 2
2880 1
2881 2
2882 1
2883 2
2884 1
2885 2
2886 1
2887 2
2888 1
2889 2
2890 1
2891 2
2892 1
2893 2
2894 1
2895 2
2896 1
2897 2
2898 1
2899 2
2900 1
2901 2
2902 1
2903 2
2904 1
2905 2
2906 1
2907 2
2908 1
2909 2
2910 1
2911 2
2912 1
2913 2
2914 1
2915 2
2916 1
2917 2
2918 1
2919 2
2920 1
2921 2
2922 1
2923 2
2924 1
2925 2
2926 1
2927 2
2928 1
2929 2
2930 1
2931 2
2932 1
2933 2
2934 1
2935 2
2936 1
2937 2
2938 1
2939 2
2940 1
2941 2
2942 1
2943 2
2944 1
2945 2
2946 1
2947 2
2948 1
2949 2
2950 1
2951 2
2952 1
2953 2
2954 1
2955 2
2956 1
2957 2
2958 1
2959 2
2960 1
2961 2
2962 1
2963 2
2964 1
2965 2
2966 1
2967 2
2968 1
2969 2
2970 1
2971 2
2972 1
2973 2
2974 1
2975 2
2976 1
2977 2
2978 1
2979 2
2980 1
2981 2
2982 1
2983 2
2984 1
2985 2
2986 1
2987 2
2988 1
2989 2
2990 1
2991 2
2992 1
2993 2
2994 1
2995 2
2996 1
2997 2
2998 1
2999 2
3000 1
3001 2
3002 1
3003 2
3004 1
3005 2
3006 1
3007 2
3008 1
3009 2
3010 1
3011 2
3012 1
3013 2
3014 1
3015 2
3016 1
3017 2
3018 1
3019 2
3020 1
3021 2
3022 1
3023 2
3024 1
3025 2
3026 1
3027 2
3028 1
3029 2
3030 1
3031 2
3032 1
3033 2
3034 1
3035 2
3036 1
3037 2
3038 1
3039 2
3040 1
3041 2
3042 1
3043 2
3044 1
3045 2
3046 1
3047 2
3048 1
3049 2
3050 1
3051 2
3052 1
3053 2
3054 1
3055 2
3056 1
3057 2
3058 1
3059 2
3060 1
3061 2
3062 1
3063 2
3064 1
3065 2
3066 1
3067 2
3068 1
3069 2
3070 1
3071 2
3072 1
3073 2
3074 1
3075 2
3076 1
3077 2
3078 1
3079 2
3080 1
3081 2
3082 1
3083 2
3084 1
3085 2
3086 1
3087 2
3088 1
3089 2
3090 1
3091 2
3092 1
3093 2
3094 1
3095 2
3096 1
3097 2
3098 1
3099 2
3100 1
3101 2
3102 1
3103 2
3104 1
3105 2
3106 1
3107 2
3108 1
3109 2
3110 1
3111 2
3112 1
3113 2
3114 1
3115 2
3116 1
3117 2
3118 1
3119 2
3120 1
3121 2
3122 1
3123 2
3124 1
3125 2
3126 1
3127 2
3128 1
3129 2
3130 1
3131 2
3132 1
3133 2
3134 1
3135 2
3136 1
3137 2
3138 1
3139 2
3140 1
3141 2
3142 1
3143 2
3144 1
3145 2
3146 1
3147 2
3148 1
3149 2
3150 1
3151 2
3152 1
3153 2
3154 1
3155 2
3156 1
3157 2
3158 1
3159 2
3160 1
3161 2
3162 1
3163 2
3164 1
3165 2
3166 1
3167 2
3168 1
3169 2
3170 1
3171 2
3172 1
3173 2
3174 1
3175 2
3176 1
3177 2
3178 1
3179 2
3180 1
3181 2
3182 1
3183 2
3184 1
3185 2
3186 1
3187 2
3188 1
3189 2
3190 1
3191 2
3192 1
3193 2
3194 1
3195 2
3196 1
3197 2
3198 1
3199 2
3200 1
3201 2
3202 1
3203 2
3204 1
3205 2
3206 1
3207 2
3208 1
3209 2
3210 1
3211 2
3212 1
3213 2
3214 1
3215 2
3216 1
3217 2
3218 1
3219 2
3220 1
3221 2
3222 1
3223 2
3224 1
3225 2
3226 1
3227 2
3228 1
3229 2
3230 1
3231 2
3232 1
3233 2
3234 1
3235 2
3236 1
3237 2
3238 1
3239 2
3240 1
3241 2
3242 1
3243 2
3244 1
3245 2
3246 1
3247 2
3248 1
3249 2
3250 1
3251 2
3252 1
3253 2
3254 1
3255 2
3256 1
3257 2
3258 1
3259 2
3260 1
3261 2
3262 1
3263 2
3264 1
3265 2
3266 1
3267 2
3268 1
3269 2
3270 1
3271 2
3272 1
3273 2
3274 1
3275 2
3276 1
3277 2
3278 1
3279 2
3280 1
3281 2
3282 1
3283 2
3284 1
3285 2
3286 1
3287 2
3288 1
3289 2
3290 1
3291 2
3292 1
3293 2
3294 1
3295 2
3296 1
3297 2
3298 1
3299 2
3300 1
3301 2
3302 1
3303 2
3304 1
3305 2
3306 1
3307 2
3308 1
3309 2
3310 1
3311 2
3312 1
3313 2
3314 1
3315 2
3316 1
3317 2
3318 1
3319 2
3320 1
3321 2
3322 1
3323 2
3324 1
3325 2
3326 1
3327 2
3328 1
3329 2
3330 1
3331 2
3332 1
3333 2
3334 1
3335 2
3336 1
3337 2
3338 1
3339 2
3340 1
3341 2
3342 1
3343 2
3344 1
3345 2
3346 1
3347 2
3348 1
3349 2
3350 1
3351 2
3352 1
3353 2
3354 1
3355 2
3356 1
3357 2
3358 1
3359 2
3360 1
3361 2
3362 1
3363 2
3364 1
3365 2
3366 1
3367 2
3368 1
3369 2
3370 1
3371 2
3372 1
3373 2
3374 1
3375 2
3376 1
3377 2
3378 1
3379 2
3380 1
3381 2
3382 1
3383 2
3384 1
3385 2
3386 1
3387 2
3388 1
3389 2
3390 1
3391 2
3392 1
3393 2
3394 1
3395 2
3396 1
3397 2
3398 1
3399 2
3400 1
3401 2
3402 1
3403 2
3404 1
3405 2
3406 1
3407 2
3408 1
3409 2
3410 1
3411 2
3412 1
3413 2
3414 1
3415 2
3416 1
3417 2
3418 1
3419 2
3420 1
3421 2
3422 1
3423 2
3424 1
3425 2
3426 1
3427 2
3428 1
3429 2
3430 1
3431 2
3432 1
3433 2
3434 1
3435 2
3436 1
3437 2
3438 1
3439 2
3440 1
3441 2
3442 1
3443 2
3444 1
3445 2
3446 1
3447 2
3448 1
3449 2
3450 1
3451 2
3452 1
3453 2
3454 1
3455 2
3456 1
3457 2
3458 1
3459 2
3460 1
3461 2
3462 1
3463 2
3464 1
3465 2
3466 1
3467 2
3468 1
3469 2
3470 1
3471 2
3472 1
3473 2
3474 1
3475 2
3476 1
3477 2
3478 1
3479 2
3480 1
3481 2
3482 1
3483 2
3484 1
3485 2
3486 1
3487 2
3488 1
3489 2
3490 1
3491 2
3492 1
3493 2
3494 1
3495 2
3496 1
3497 2
3498 1
3499 2
3500 1
3501 2
3502 1
3503 2
3504 1
3505 2
3506 1
3507 2
3508 1
3509 2
3510 1
3511 2
3512 1
3513 2
3514 1
3515 2
3516 1
3517 2
3518 1
3519 2
3520 1
3521 2
3522 1
3523 2
3524 1
3525 2
3526 1
3527 2
3528 1
3529 2
3530 1
3531 2
3532 1
3533 2
3534 1
3535 2
3536 1
3537 2
3538 1
3539 2
3540 1
3541 2
3542 1
3543 2
3544 1
3545 2
3546 1
3547 2
3548 1
3549 2
3550 1
3551 2
3552 1
3553 2
3554 1
3555 2
3556 1
3557 2
3558 1
3559 2
3560 1
3561 2
3562 1
3563 2
3564 1
3565 2
3566 1
3567 2
3568 1
3569 2
3570 1
3571 2
3572 1
3573 2
3574 1
3575 2
3576 1
3577 2
3578 1
3579 2
3580 1
3581 2
3582 1
3583 2
3584 1
3585 2
3586 1
3587 2
3588 1
3589 2
3590 1
3591 2
3592 1
3593 2
3594 1
3595 2
3596 1
3597 2
3598 1
3599 2
3600 1
3601 2
3602 1
3603 2
3604 1
3605 2
3606 1
3607 2
3608 1
3609 2
3610 1
3611 2
3612 1
3613 2
3614 1
3615 2
3616 1
3617 2
3618 1
3619 2
3620 1
3621 2
3622 1
3623 2
3624 1
3625 2
3626 1
3627 2
3628 1
3629 2
3630 1
3631 2
3632 1
3633 2
3634 1
3635 2
3636 1
3637 2
3638 1
3639 2
3640 1
3641 2
3642 1
3643 2
3644 1
3645 2
3646 1
3647 2
3648 1
3649 2
3650 1
3651 2
3652 1
3653 2
3654 1
3655 2
3656 1
3657 2
3658 1
3659 2
3660 1
3661 2
3662 1
3663 2
3664 1
3665 2
3666 1
3667 2
3668 1
3669 2
3670 1
3671 2
3672 1
3673 2
3674 1
3675 2
3676 1
3677 2
3678 1
3679 2
3680 1
3681 2
3682 1
3683 2
3684 1
3685 2
3686 1
3687 2
3688 1
3689 2
3690 1
3691 2
3692 1
3693 2
3694 1
3695 2
3696 1
3697 2
3698 1
3699 2
3700 1
3701 2
3702 1
3703 2
3704 1
3705 2
3706 1
3707 2
3708 1
3709 2
3710 1
3711 2
3712 1
3713 2
3714 1
3715 2
3716 1
3717 2
3718 1
3719 2
3720 1
3721 2
3722 1
3723 2
3724 1
3725 2
3726 1
3727 2
3728 1
3729 2
3730 1
3731 2
3732 1
3733 2
3734 1
3735 2
3736 1
3737 2
3738 1
3739 2
3740 1
3741 2
3742 1
3743 2
3744 1
3745 2
3746 1
3747 2
3748 1
3749 2
3750 1
3751 2
3752 1
3753 2
3754 1
3755 2
3756 1
3757 2
3758 1
3759 2
3760 1
3761 2
3762 1
3763 2
3764 1
3765 2
3766 1
3767 2
3768 1
3769 2
3770 1
3771 2
3772 1
3773 2
3774 1
3775 2
3776 1
3777 2
3778 1
3779 2
3780 1
3781 2
3782 1
3783 2
3784 1
3785 2
3786 1
3787 2
3788 1
3789 2
3790 1
3791 2
3792 1
3793 2
3794 1
3795 2
3796 1
3797 2
3798 1
3799 2
3800 1
3801 2
3802 1
3803 2
3804 1
3805 2
3806 1
3807 2
3808 1
3809 2
3810 1
3811 2
3812 1
3813 2
3814 1
3815 2
3816 1
3817 2
3818 1
3819 2
3820 1
3821 2
3822 1
3823 2
3824 1
3825 2
3826 1
3827 2
3828 1
3829 2
3830 1
3831 2
3832 1
3833 2
3834 1
3835 2
3836 1
3837 2
3838 1
3839 2
3840 1
3841 2
3842 1
3843 2
3844 1
3845 2
3846 1
3847 2
3848 1
3849 2
3850 1
3851 2
3852 1
3853 2
3854 1
3855 2
3856 1
3857 2
3858 1
3859 2
3860 1
3861 2
3862 1
3863 2
3864 1
3865 2
3866 1
3867 2
3868 1
3869 2
3870 1
3871 2
3872 1
3873 2
3874 1
3875 2
3876 1
3877 2
3878 1
3879 2
3880 1
3881 2
3882 1
3883 2
3884 1
3885 2
3886 1
3887 2
3888 1
3889 2
3890 1
3891 2
3892 1
3893 2
3894 1
3895 2
3896 1
3897 2
3898 1
3899 2
3900 1
3901 2
3902 1
3903 2
3904 1
3905 2
3906 1
3907 2
3908 1
3909 2
3910 1
3911 2
3912 1
3913 2
3914 1
3915 2
3916 1
3917 2
3918 1
3919 2
3920 1
3921 2
3922 1
3923 2
3924 1
3925 2
3926 1
3927 2
3928 1
3929 2
3930 1
3931 2
3932 1
3933 2
3934 1
3935 2
3936 1
3937 2
3938 1
3939 2
3940 1
3941 2
3942 1
3943 2
3944 1
3945 2
3946 1
3947 2
3948 1
3949 2
3950 1
3951 2
3952 1
3953 2
3954 1
3955 2
3956 1
3957 2
3958 1
3959 2
3960 1
3961 2
3962 1
3963 2
3964 1
3965 2
3966 1
3967 2
3968 1
3969 2
3970 1
3971 2
3972 1
3973 2
3974 1
3975 2
3976 1
3977 2
3978 1
3979 2
3980 1
3981 2
3982 1
3983 2
3984 1
3985 2
3986 1
3987 2
3988 1
3989 2
3990 1
3991 2
3992 1
3993 2
3994 1
3995 2
3996 1
3997 2
3998 1
3999 2
4000 1
4001 2
4002 1
4003 2
4004 1
4005 2
4006 1
4007 2
4008 1
4009 2
4010 1
4011 2
4012 1
4013 2
4014 1
4015 2
4016 1
4017 2
4018 1
4019 2
4020 1
4021 2
4022 1
4023 2
4024 1
4025 2
4026 1
4027 2
4028 1
4029 2
4030 1
4031 2
4032 1
4033 2
4034 1
4035 2
4036 1
4037 2
4038 1
4039 2
4040 1
4041 2
4042 1
4043 2
4044 1
4045 2
4046 1
4047 2
4048 1
4049 2
4050 1
4051 2
4052 1
4053 2
4054 1
4055 2
4056 1
4057 2
4058 1
4059 2
4060 1
4061 2
4062 1
4063 2
4064 1
4065 2
4066 1
4067 2
4068 1
4069 2
4070 1
4071 2
4072 1
4073 2
4074 1
4075 2
4076 1
4077 2
4078 1
4079 2
4080 1
4081 2
4082 1
4083 2
4084 1
4085 2
4086 1
4087 2
4088 1
4089 2
4090 1
4091 2
4092 1
4093 2
4094 1
4095 2
4096 1
4097 2
4098 1
4099 2
4100 1
4101 2
4102 1
4103 2
4104 1
4105 2
4106 1
4107 2
4108 1
4109 2
4110 1
4111 2
4112 1
4113 2
4114 1
4115 2
4116 1
4117 2
4118 1
4119 2
4120 1
4121 2
4122 1
4123 2
4124 1
4125 2
4126 1
4127 2
4128 1
4129 2
4130 1
4131 2
4132 1
4133 2
4134 1
4135 2
4136 1
4137 2
4138 1
4139 2
4140 1
4141 2
4142 1
4143 2
4144 1
4145 2
4146 1
4147 2
4148 1
4149 2
4150 1
4151 2
4152 1
4153 2
4154 1
4155 2
4156 1
4157 2
4158 1
4159 2
4160 1
4161 2
4162 1
4163 2
4164 1
4165 2
4166 1
4167 2
4168 1
4169 2
4170 1
4171 2
4172 1
4173 2
4174 1
4175 2
4176 1
4177 2
4178 1
4179 2
4180 1
4181 2
4182 1
4183 2
4184 1
4185 2
4186 1
4187 2
4188 1
4189 2
4190 1
4191 2
4192 1
4193 2
4194 1
4195 2
4196 1
4197 2
4198 1
4199 2
4200 1
4201 2
4202 1
4203 2
4204 1
4205 2
4206 1
4207 2
4208 1
4209 2
4210 1
4211 2
4212 1
4213 2
4214 1
4215 2
4216 1
4217 2
4218 1
4219 2
4220 1
4221 2
4222 1
4223 2
4224 1
4225 2
4226 1
4227 2
4228 1
4229 2
4230 1
4231 2
4232 1
4233 2
4234 1
4235 2
4236 1
4237 2
4238 1
4239 2
4240 1
4241 2
4242 1
4243 2
4244 1
4245 2
4246 1
4247 2
4248 1
4249 2
4250 1
4251 2
4252 1
4253 2
4254 1
4255 2
4256 1
4257 2
4258 1
4259 2
4260 1
4261 2
4262 1
4263 2
4264 1
4265 2
4266 1
4267 2
4268 1
4269 2
4270 1
4271 2
4272 1
4273 2
4274 1
4275 2
4276 1
4277 2
4278 1
4279 2
4280 1
4281 2
4282 1
4283 2
4284 1
4285 2
4286 1
4287 2
4288 1
4289 2
4290 1
4291 2
4292 1
4293 2
4294 1
4295 2
4296 1
4297 2
4298 1
4299 2
4300 1
4301 2
4302 1
4303 2
4304 1
4305 2
4306 1
4307 2
4308 1
4309 2
4310 1
4311 2
4312 1
4313 2
4314 1
4315 2
4316 1
4317 2
4318 1
4319 2
4320 1
4321 2
4322 1
4323 2
4324 1
4325 2
4326 1
4327 2
4328 1
4329 2
4330 1
4331 2
4332 1
4333 2
4334 1
4335 2
4336 1
4337 2
4338 1
4339 2
4340 1
4341 2
4342 1
4343 2
4344 1
4345 2
4346 1
4347 2
4348 1
4349 2
4350 1
4351 2
4352 1
4353 2
4354 1
4355 2
4356 1
4357 2
4358 1
4359 2
4360 1
4361 2
4362 1
4363 2
4364 1
4365 2
4366 1
4367 2
4368 1
4369 2
4370 1
4371 2
4372 1
4373 2
4374 1
4375 2
4376 1
4377 2
4378 1
4379 2
4380 1
4381 2
4382 1
4383 2
4384 1
4385 2
4386 1
4387 2
4388 1
4389 2
4390 1
4391 2
4392 1
4393 2
4394 1
4395 2
4396 1
4397 2
4398 1
4399 2
4400 1
4401 2
4402 1
4403 2
4404 1
4405 2
4406 1
4407 2
4408 1
4409 2
4410 1
4411 2
4412 1
4413 2
4414 1
4415 2
4416 1
4417 2
4418 1
4419 2
4420 1
4421 2
4422 1
4423 2
4424 1
4425 2
4426 1
4427 2
4428 1
4429 2
4430 1
4431 2
4432 1
4433 2
4434 1
4435 2
4436 1
4437 2
4438 1
4439 2
4440 1
4441 2
4442 1
4443 2
4444 1
4445 2
4446 1
4447 2
4448 1
4449 2
4450 1
4451 2
4452 1
4453 2
4454 1
4455 2
4456 1
4457 2
4458 1
4459 2
4460 1
4461 2
4462 1
4463 2
4464 1
4465 2
4466 1
4467 2
4468 1
4469 2
4470 1
4471 2
4472 1
4473 2
4474 1
4475 2
4476 1
4477 2
4478 1
4479 2
4480 1
4481 2
4482 1
4483 2
4484 1
4485 2
4486 1
4487 2
4488 1
4489 2
4490 1
4491 2
4492 1
4493 2
4494 1
4495 2
4496 1
4497 2
4498 1
4499 2
4500 1
4501 2
4502 1
4503 2
4504 1
4505 2
4506 1
4507 2
4508 1
4509 2
4510 1
4511 2
4512 1
4513 2
4514 1
4515 2
4516 1
4517 2
4518 1
4519 2
4520 1
4521 2
4522 1
4523 2
4524 1
4525 2
4526 1
4527 2
4528 1
4529 2
4530 1
4531 2
4532 1
4533 2
4534 1
4535 2
4536 1
4537 2
4538 1
4539 2
4540 1
4541 2
4542 1
4543 2
4544 1
4545 2
4546 1
4547 2
4548 1
4549 2
4550 1
4551 2
4552 1
4553 2
4554 1
4555 2
4556 1
4557 2
4558 1
4559 2
4560 1
4561 2
4562 1
4563 2
4564 1
4565 2
4566 1
4567 2
4568 1
4569 2
4570 1
4571 2
4572 1
4573 2
4574 1
4575 2
4576 1
4577 2
4578 1
4579 2
4580 1
4581 2
4582 1
4583 2
4584 1
4585 2
4586 1
4587 2
4588 1
4589 2
4590 1
4591 2
4592 1
4593 2
4594 1
4595 2
4596 1
4597 2
4598 1
4599 2
4600 1
4601 2
4602 1
4603 2
4604 1
4605 2
4606 1
4607 2
4608 1
4609 2
4610 1
4611 2
4612 1
4613 2
4614 1
4615 2
4616 1
4617 2
4618 1
4619 2
4620 1
4621 2
4622 1
4623 2
4624 1
4625 2
4626 1
4627 2
4628 1
4629 2
4630 1
4631 2
4632 1
4633 2
4634 1
4635 2
4636 1
4637 2
4638 1
4639 2
4640 1
4641 2
4642 1
4643 2
4644 1
4645 2
4646 1
4647 2
4648 1
4649 2
4650 1
4651 2
4652 1
4653 2
4654 1
4655 2
4656 1
4657 2
4658 1
4659 2
4660 1
4661 2
4662 1
4663 2
4664 1
4665 2
4666 1
4667 2
4668 1
4669 2
4670 1
4671 2
4672 1
4673 2
4674 1
4675 2
4676 1
4677 2
4678 1
4679 2
4680 1
4681 2
4682 1
4683 2
4684 1
4685 2
4686 1
4687 2
4688 1
4689 2
4690 1
4691 2
4692 1
4693 2
4694 1
4695 2
4696 1
4697 2
4698 1
4699 2
4700 1
4701 2
4702 1
4703 2
4704 1
4705 2
4706 1
4707 2
4708 1
4709 2
4710 1
4711 2
4712 1
4713 2
4714 1
4715 2
4716 1
4717 2
4718 1
4719 2
4720 1
4721 2
4722 1
4723 2
4724 1
4725 2
4726 1
4727 2
4728 1
4729 2
4730 1
4731 2
4732 1
4733 2
4734 1
4735 2
4736 1
4737 2
4738 1
4739 2
4740 1
4741 2
4742 1
4743 2
4744 1
4745 2
4746 1
4747 2
4748 1
4749 2
4750 1
4751 2
4752 1
4753 2
4754 1
4755 2
4756 1
4757 2
4758 1
4759 2
4760 1
4761 2
4762 1
4763 2
4764 1
4765 2
4766 1
4767 2
4768 1
4769 2
4770 1
4771 2
4772 1
4773 2
4774 1
4775 2
4776 1
4777 2
4778 1
4779 2
4780 1
4781 2
4782 1
4783 2
4784 1
4785 2
4786 1
4787 2
4788 1
4789 2
4790 1
4791 2
4792 1
4793 2
4794 1
4795 2
4796 1
4797 2
4798 1
4799 2
4800 1
4801 2
4802 1
4803 2
4804 1
4805 2
4806 1
4807 2
4808 1
4809 2
4810 1
4811 2
4812 1
4813 2
4814 1
4815 2
4816 1
4817 2
4818 1
4819 2
4820 1
4821 2
4822 1
4823 2
4824 1
4825 2
4826 1
4827 2
4828 1
4829 2
4830 1
4831 2
4832 1
4833 2
4834 1
4835 2
4836 1
4837 2
4838 1
4839 2
4840 1
4841 2
4842 1
4843 2
4844 1
4845 2
4846 1
4847 2
4848 1
4849 2
4850 1
4851 2
4852 1
4853 2
4854 1
4855 2
4856 1
4857 2
4858 1
4859 2
4860 1
4861 2
4862 1
4863 2
4864 1
4865 2
4866 1
4867 2
4868 1
4869 2
4870 1
4871 2
4872 1
4873 2
4874 1
4875 2
4876 1
4877 2
4878 1
4879 2
4880 1
4881 2
4882 1
4883 2
4884 1
4885 2
4886 1
4887 2
4888 1
4889 2
4890 1
4891 2
4892 1
4893 2
4894 1
4895 2
4896 1
4897 2
4898 1
4899 2
4900 1
4901 2
4902 1
4903 2
4904 1
4905 2
4906 1
4907 2
4908 1
4909 2
4910 1
4911 2
4912 1
4913 2
4914 1
4915 2
4916 1
4917 2
4918 1
4919 2
4920 1
4921 2
4922 1
4923 2
4924 1
4925 2
4926 1
4927 2
4928 1
4929 2
4930 1
4931 2
4932 1
4933 2
4934 1
4935 2
4936 1
4937 2
4938 1
4939 2
4940 1
4941 2
4942 1
4943 2
4944 1
4945 2
4946 1
4947 2
4948 1
4949 2
4950 1
4951 2
4952 1
4953 2
4954 1
4955 2
4956 1
4957 2
4958 1
4959 2
4960 1
4961 2
4962 1
4963 2
4964 1
4965 2
4966 1
4967 2
4968 1
4969 2
4970 1
4971 2
4972 1
4973 2
4974 1
4975 2
4976 1
4977 2
4978 1
4979 2
4980 1
4981 2
4982 1
4983 2
4984 1
4985 2
4986 1
4987 2
4988 1
4989 2
4990 1
4991 2
4992 1
4993 2
4994 1
4995 2
4996 1
4997 2
4998 1
4999 2
5000 1
5001 2
5002 1
5003 2
5004 1
5005 2
5006 1
5007 2
5008 1
5009 2
5010 1
5011 2
5012 1
5013 2
5014 1
5015 2
5016 1
5017 2
5018 1
5019 2
5020 1
5021 2
5022 1
5023 2
5024 1
5025 2
5026 1
5027 2
5028 1
5029 2
5030 1
5031 2
5032 1
5033 2
5034 1
5035 2
5036 1
5037 2
5038 1
5039 2
5040 1
5041 2
5042 1
5043 2
5044 1
5045 2
5046 1
5047 2
5048 1
5049 2
5050 1
5051 2
5052 1
5053 2
5054 1
5055 2
5056 1
5057 2
5058 1
5059 2
5060 1
5061 2
5062 1
5063 2
5064 1
5065 2
5066 1
5067 2
5068 1
5069 2
5070 1
5071 2
5072 1
5073 2
5074 1
5075 2
5076 1
5077 2
5078 1
5079 2
5080 1
5081 2
5082 1
5083 2
5084 1
5085 2
5086 1
5087 2
5088 1
5089 2
5090 1
5091 2
5092 1
5093 2
5094 1
5095 2
5096 1
5097 2
5098 1
5099 2
5100 1
5101 2
5102 1
5103 2
5104 1
5105 2
5106 1
5107 2
5108 1
5109 2
5110 1
5111 2
5112 1
5113 2
5114 1
5115 2
5116 1
5117 2
5118 1
5119 2
5120 1
5121 2
5122 1
5123 2
5124 1
5125 2
5126 1
5127 2
5128 1
5129 2
5130 1
5131 2
5132 1
5133 2
5134 1
5135 2
5136 1
5137 2
5138 1
5139 2
5140 1
5141 2
5142 1
5143 2
5144 1
5145 2
5146 1
5147 2
5148 1
5149 2
5150 1
5151 2
5152 1
5153 2
5154 1
5155 2
5156 1
5157 2
5158 1
5159 2
5160 1
5161 2
5162 1
5163 2
5164 1
5165 2
5166 1
5167 2
5168 1
5169 2
5170 1
5171 2
5172 1
5173 2
5174 1
5175 2
5176 1
5177 2
5178 1
5179 2
5180 1
5181 2
5182 1
5183 2
5184 1
5185 2
5186 1
5187 2
5188 1
5189 2
5190 1
5191 2
5192 1
5193 2
5194 1
5195 2
5196 1
5197 2
5198 1
5199 2
5200 1
5201 2
5202 1
5203 2
5204 1
5205 2
5206 1
5207 2
5208 1
5209 2
5210 1
5211 2
5212 1
5213 2
5214 1
5215 2
5216 1
5217 2
5218 1
5219 2
5220 1
5221 2
5222 1
5223 2
5224 1
5225 2
5226 1
5227 2
5228 1
5229 2
5230 1
5231 2
5232 1
5233 2
5234 1
5235 2
5236 1
5237 2
5238 1
5239 2
5240 1
5241 2
5242 1
5243 2
5244 1
5245 2
5246 1
5247 2
5248 1
5249 2
5250 1
5251 2
5252 1
5253 2
5254 1
5255 2
5256 1
5257 2
5258 1
5259 2
5260 1
5261 2
5262 1
5263 2
5264 1
5265 2
5266 1
5267 2
5268 1
5269 2
5270 1
5271 2
5272 1
5273 2
5274 1
5275 2
5276 1
5277 2
5278 1
5279 2
5280 1
5281 2
5282 1
5283 2
5284 1
5285 2
5286 1
5287 2
5288 1
5289 2
5290 1
5291 2
5292 1
5293 2
5294 1
5295 2
5296 1
5297 2
5298 1
5299 2
5300 1
5301 2
5302 1
5303 2
5304 1
5305 2
5306 1
5307 2
5308 1
5309 2
5310 1
5311 2
5312 1
5313 2
5314 1
5315 2
5316 1
5317 2
5318 1
5319 2
5320 1
5321 2
5322 1
5323 2
5324 1
5325 2
5326 1
5327 2
5328 1
5329 2
5330 1
5331 2
5332 1
5333 2
5334 1
5335 2
5336 1
5337 2
5338 1
5339 2
5340 1
5341 2
5342 1
5343 2
5344 1
5345 2
5346 1
5347 2
5348 1
5349 2
5350 1
5351 2
5352 1
5353 2
5354 1
5355 2
5356 1
5357 2
5358 1
5359 2
5360 1
5361 2
5362 1
5363 2
5364 1
5365 2
5366 1
5367 2
5368 1
5369 2
5370 1
5371 2
5372 1
5373 2
5374 1
5375 2
5376 1
5377 2
5378 1
5379 2
5380 1
5381 2
5382 1
5383 2
5384 1
5385 2
5386 1
5387 2
5388 1
5389 2
5390 1
5391 2
5392 1
5393 2
5394 1
5395 2
5396 1
5397 2
5398 1
5399 2
5400 1
5401 2
5402 1
5403 2
5404 1
5405 2
5406 1
5407 2
5408 1
5409 2
5410 1
5411 2
5412 1
5413 2
5414 1
5415 2
5416 1
5417 2
5418 1
5419 2
5420 1
5421 2
5422 1
5423 2
5424 1
5425 2
5426 1
5427 2
5428 1
5429 2
5430 1
5431 2
5432 1
5433 2
5434 1
5435 2
5436 1
5437 2
5438 1
5439 2
5440 1
5441 2
5442 1
5443 2
5444 1
5445 2
5446 1
5447 2
5448 1
5449 2
5450 1
5451 2
5452 1
5453 2
5454 1
5455 2
5456 1
5457 2
5458 1
5459 2
5460 1
5461 2
5462 1
5463 2
5464 1
5465 2
5466 1
5467 2
5468 1
5469 2
5470 1
5471 2
5472 1
5473 2
5474 1
5475 2
5476 1
5477 2
5478 1
5479 2
5480 1
5481 2
5482 1
5483 2
5484 1
5485 2
5486 1
5487 2
5488 1
5489 2
5490 1
5491 2
5492 1
5493 2
5494 1
5495 2
5496 1
5497 2
5498 1
5499 2
5500 1
5501 2
5502 1
5503 2
5504 1
5505 2
5506 1
5507 2
5508 1
5509 2
5510 1
5511 2
5512 1
5513 2
5514 1
5515 2
5516 1
5517 2
5518 1
5519 2
5520 1
5521 2
5522 1
5523 2
5524 1
5525 2
5526 1
5527 2
5528 1
5529 2
5530 1
5531 2
5532 1
5533 2
5534 1
5535 2
5536 1
5537 2
5538 1
5539 2
5540 1
5541 2
5542 1
5543 2
5544 1
5545 2
5546 1
5547 2
5548 1
5549 2
5550 1
5551 2
5552 1
5553 2
5554 1
5555 2
5556 1
5557 2
5558 1
5559 2
5560 1
5561 2
5562 1
5563 2
5564 1
5565 2
5566 1
5567 2
5568 1
5569 2
5570 1
5571 2
5572 1
5573 2
5574 1
5575 2
5576 1
5577 2
5578 1
5579 2
5580 1
5581 2
5582 1
5583 2
5584 1
5585 2
5586 1
5587 2
5588 1
5589 2
5590 1
5591 2
5592 1
5593 2
5594 1
5595 2
5596 1
5597 2
5598 1
5599 2
5600 1
5601 2
5602 1
5603 2
5604 1
5605 2
5606 1
5607 2
5608 1
5609 2
5610 1
5611 2
5612 1
5613 2
5614 1
5615 2
5616 1
5617 2
5618 1
5619 2
5620 1
5621 2
5622 1
5623 2
5624 1
5625 2
5626 1
5627 2
5628 1
5629 2
5630 1
5631 2
5632 1
5633 2
5634 1
5635 2
5636 1
5637 2
5638 1
5639 2
5640 1
5641 2
5642 1
5643 2
5644 1
5645 2
5646 1
5647 2
5648 1
5649 2
5650 1
5651 2
5652 1
5653 2
5654 1
5655 2
5656 1
5657 2
5658 1
5659 2
5660 1
5661 2
5662 1
5663 2
5664 1
5665 2
5666 1
5667 2
5668 1
5669 2
5670 1
5671 2
5672 1
5673 2
5674 1
5675 2
5676 1
5677 2
5678 1
5679 2
5680 1
5681 2
5682 1
5683 2
5684 1
5685 2
5686 1
5687 2
5688 1
5689 2
5690 1
5691 2
5692 1
5693 2
5694 1
5695 2
5696 1
5697 2
5698 1
5699 2
5700 1
5701 2
5702 1
5703 2
5704 1
5705 2
5706 1
5707 2
5708 1
5709 2
5710 1
5711 2
5712 1
5713 2
5714 1
5715 2
5716 1
5717 2
5718 1
5719 2
5720 1
5721 2
5722 1
5723 2
5724 1
5725 2
5726 1
5727 2
5728 1
5729 2
5730 1
5731 2
5732 1
5733 2
5734 1
5735 2
5736 1
5737 2
5738 1
5739 2
5740 1
5741 2
5742 1
5743 2
5744 1
5745 2
5746 1
5747 2
5748 1
5749 2
5750 1
5751 2
5752 1
5753 2
5754 1
5755 2
5756 1
5757 2
5758 1
5759 2
5760 1
5761 2
5762 1
5763 2
5764 1
5765 2
5766 1
5767 2
5768 1
5769 2
5770 1
5771 2
5772 1
5773 2
5774 1
5775 2
5776 1
5777 2
5778 1
5779 2
5780 1
5781 2
5782 1
5783 2
5784 1
5785 2
5786 1
5787 2
5788 1
5789 2
5790 1
5791 2
5792 1
5793 2
5794 1
5795 2
5796 1
5797 2
5798 1
5799 2
5800 1
5801 2
5802 1
5803 2
5804 1
5805 2
5806 1
5807 2
5808 1
5809 2
5810 1
5811 2
5812 1
5813 2
5814 1
5815 2
5816 1
5817 2
5818 1
5819 2
5820 1
5821 2
5822 1
5823 2
5824 1
5825 2
5826 1
5827 2
5828 1
5829 2
5830 1
5831 2
5832 1
5833 2
5834 1
5835 2
5836 1
5837 2
5838 1
5839 2
5840 1
5841 2
5842 1
5843 2
5844 1
5845 2
5846 1
5847 2
5848 1
5849 2
5850 1
5851 2
5852 1
5853 2
5854 1
5855 2
5856 1
5857 2
5858 1
5859 2
5860 1
5861 2
5862 1
5863 2
5864 1
5865 2
5866 1
5867 2
5868 1
5869 2
5870 1
5871 2
5872 1
5873 2
5874 1
5875 2
5876 1
5877 2
5878 1
5879 2
5880 1
5881 2
5882 1
5883 2
5884 1
5885 2
5886 1
5887 2
5888 1
5889 2
5890 1
5891 2
5892 1
5893 2
5894 1
5895 2
5896 1
5897 2
5898 1
5899 2
5900 1
5901 2
5902 1
5903 2
5904 1
5905 2
5906 1
5907 2
5908 1
5909 2
5910 1
5911 2
5912 1
5913 2
5914 1
5915 2
5916 1
5917 2
5918 1
5919 2
5920 1
5921 2
5922 1
5923 2
5924 1
5925 2
5926 1
5927 2
5928 1
5929 2
5930 1
5931 2
5932 1
5933 2
5934 1
5935 2
5936 1
5937 2
5938 1
5939 2
5940 1
5941 2
5942 1
5943 2
5944 1
5945 2
5946 1
5947 2
5948 1
5949 2
5950 1
5951 2
5952 1
5953 2
5954 1
5955 2
5956 1
5957 2
5958 1
5959 2
5960 1
5961 2
5962 1
5963 2
5964 1
5965 2
5966 1
5967 2
5968 1
5969 2
5970 1
5971 2
5972 1
5973 2
5974 1
5975 2
5976 1
5977 2
5978 1
5979 2
5980 1
5981 2
5982 1
5983 2
5984 1
5985 2
5986 1
5987 2
5988 1
5989 2
5990 1
5991 2
5992 1
5993 2
5994 1
5995 2
5996 1
5997 2
5998 1
5999 2
6000 1
6001 2
6002 1
6003 2
6004 1
6005 2
6006 1
6007 2
6008 1
6009 2
6010 1
6011 2
6012 1
6013 2
6014 1
6015 2
6016 1
6017 2
6018 1
6019 2
6020 1
6021 2
6022 1
6023 2
6024 1
6025 2
6026 1
6027 2
6028 1
6029 2
6030 1
6031 2
6032 1
6033 2
6034 1
6035 2
6036 1
6037 2
6038 1
6039 2
6040 1
6041 2
6042 1
6043 2
6044 1
6045 2
6046 1
6047 2
6048 1
6049 2
6050 1
6051 2
6052 1
6053 2
6054 1
6055 2
6056 1
6057 2
6058 1
6059 2
6060 1
6061 2
6062 1
6063 2
6064 1
6065 2
6066 1
6067 2
6068 1
6069 2
6070 1
6071 2
6072 1
6073 2
6074 1
6075 2
6076 1
6077 2
6078 1
6079 2
6080 1
6081 2
6082 1
6083 2
6084 1
6085 2
6086 1
6087 2
6088 1
6089 2
6090 1
6091 2
6092 1
6093 2
6094 1
6095 2
6096 1
6097 2
6098 1
6099 2
6100 1
6101 2
6102 1
6103 2
6104 1
6105 2
6106 1
6107 2
6108 1
6109 2
6110 1
6111 2
6112 1
6113 2
6114 1
6115 2
6116 1
6117 2
6118 1
6119 2
6120 1
6121 2
6122 1
6123 2
6124 1
6125 2
6126 1
6127 2
6128 1
6129 2
6130 1
6131 2
6132 1
6133 2
6134 1
6135 2
6136 1
6137 2
6138 1
6139 2
6140 1
6141 2
6142 1
6143 2
6144 1
6145 2
6146 1
6147 2
6148 1
6149 2
6150 1
6151 2
6152 1
6153 2
6154 1
6155 2
6156 1
6157 2
6158 1
6159 2
6160 1
6161 2
6162 1
6163 2
6164 1
6165 2
6166 1
6167 2
6168 1
6169 2
6170 1
6171 2
6172 1
6173 2
6174 1
6175 2
6176 1
6177 2
6178 1
6179 2
6180 1
6181 2
6182 1
6183 2
6184 1
6185 2
6186 1
6187 2
6188 1
6189 2
6190 1
6191 2
6192 1
6193 2
6194 1
6195 2
6196 1
6197 2
6198 1
6199 2
6200 1
6201 2
6202 1
6203 2
6204 1
6205 2
6206 1
6207 2
6208 1
6209 2
6210 1
6211 2
6212 1
6213 2
6214 1
6215 2
6216 1
6217 2
6218 1
6219 2
6220 1
6221 2
6222 1
6223 2
6224 1
6225 2
6226 1
6227 2
6228 1
6229 2
6230 1
6231 2
6232 1
6233 2
6234 1
6235 2
6236 1
6237 2
6238 1
6239 2
6240 1
6241 2
6242 1
6243 2
6244 1
6245 2
6246 1
6247 2
6248 1
6249 2
6250 1
6251 2
6252 1
6253 2
6254 1
6255 2
6256 1
6257 2
6258 1
6259 2
6260 1
6261 2
6262 1
6263 2
6264 1
6265 2
6266 1
6267 2
6268 1
6269 2
6270 1
6271 2
6272 1
6273 2
6274 1
6275 2
6276 1
6277 2
6278 1
6279 2
6280 1
6281 2
6282 1
6283 2
6284 1
6285 2
6286 1
6287 2
6288 1
6289 2
6290 1
6291 2
6292 1
6293 2
6294 1
6295 2
6296 1
6297 2
6298 1
6299 2
6300 1
6301 2
6302 1
6303 2
6304 1
6305 2
6306 1
6307 2
6308 1
6309 2
6310 1
6311 2
6312 1
6313 2
6314 1
6315 2
6316 1
6317 2
6318 1
6319 2
6320 1
6321 2
6322 1
6323 2
6324 1
6325 2
6326 1
6327 2
6328 1
6329 2
6330 1
6331 2
6332 1
6333 2
6334 1
6335 2
6336 1
6337 2
6338 1
6339 2
6340 1
6341 2
6342 1
6343 2
6344 1
6345 2
6346 1
6347 2
6348 1
6349 2
6350 1
6351 2
6352 1
6353 2
6354 1
6355 2
6356 1
6357 2
6358 1
6359 2
6360 1
6361 2
6362 1
6363 2
6364 1
6365 2
6366 1
6367 2
6368 1
6369 2
6370 1
6371 2
6372 1
6373 2
6374 1
6375 2
6376 1
6377 2
6378 1
6379 2
6380 1
6381 2
6382 1
6383 2
6384 1
6385 2
6386 1
6387 2
6388 1
6389 2
6390 1
6391 2
6392 1
6393 2
6394 1
6395 2
6396 1
6397 2
6398 1
6399 2
6400 1
6401 2
6402 1
6403 2
6404 1
6405 2
6406 1
6407 2
6408 1
6409 2
6410 1
6411 2
6412 1
6413 2
6414 1
6415 2
6416 1
6417 2
6418 1
6419 2
6420 1
6421 2
6422 1
6423 2
6424 1
6425 2
6426 1
6427 2
6428 1
6429 2
6430 1
6431 2
6432 1
6433 2
6434 1
6435 2
6436 1
6437 2
6438 1
6439 2
6440 1
6441 2
6442 1
6443 2
6444 1
6445 2
6446 1
6447 2
6448 1
6449 2
6450 1
6451 2
6452 1
6453 2
6454 1
6455 2
6456 1
6457 2
6458 1
6459 2
6460 1
6461 2
6462 1
6463 2
6464 1
6465 2
6466 1
6467 2
6468 1
6469 2
6470 1
6471 2
6472 1
6473 2
6474 1
6475 2
6476 1
6477 2
6478 1
6479 2
6480 1
6481 2
6482 1
6483 2
6484 1
6485 2
6486 1
6487 2
6488 1
6489 2
6490 1
6491 2
6492 1
6493 2
6494 1
6495 2
6496 1
6497 2
6498 1
6499 2
6500 1
6501 2
6502 1
6503 2
6504 1
6505 2
6506 1
6507 2
6508 1
6509 2
6510 1
6511 2
6512 1
6513 2
6514 1
6515 2
6516 1
6517 2
6518 1
6519 2
6520 1
6521 2
6522 1
6523 2
6524 1
6525 2
6526 1
6527 2
6528 1
6529 2
6530 1
6531 2
6532 1
6533 2
6534 1
6535 2
6536 1
6537 2
6538 1
6539 2
6540 1
6541 2
6542 1
6543 2
6544 1
6545 2
6546 1
6547 2
6548 1
6549 2
6550 1
6551 2
6552 1
6553 2
6554 1
6555 2
6556 1
6557 2
6558 1
6559 2
6560 1
6561 2
6562 1
6563 2
6564 1
6565 2
6566 1
6567 2
6568 1
6569 2
6570 1
6571 2
6572 1
6573 2
6574 1
6575 2
6576 1
6577 2
6578 1
6579 2
6580 1
6581 2
6582 1
6583 2
6584 1
6585 2
6586 1
6587 2
6588 1
6589 2
6590 1
6591 2
6592 1
6593 2
6594 1
6595 2
6596 1
6597 2
6598 1
6599 2
6600 1
6601 2
6602 1
6603 2
6604 1
6605 2
6606 1
6607 2
6608 1
6609 2
6610 1
6611 2
6612 1
6613 2
6614 1
6615 2
6616 1
6617 2
6618 1
6619 2
6620 1
6621 2
6622 1
6623 2
6624 1
6625 2
6626 1
6627 2
6628 1
6629 2
6630 1
6631 2
6632 1
6633 2
6634 1
6635 2
6636 1
6637 2
6638 1
6639 2
6640 1
6641 2
6642 1
6643 2
6644 1
6645 2
6646 1
6647 2
6648 1
6649 2
6650 1
6651 2
6652 1
6653 2
6654 1
6655 2
6656 1
6657 2
6658 1
6659 2
6660 1
6661 2
6662 1
6663 2
6664 1
6665 2
6666 1
6667 2
6668 1
6669 2
6670 1
6671 2
6672 1
6673 2
6674 1
6675 2
6676 1
6677 2
6678 1
6679 2
6680 1
6681 2
6682 1
6683 2
6684 1
6685 2
6686 1
6687 2
6688 1
6689 2
6690 1
6691 2
6692 1
6693 2
6694 1
6695 2
6696 1
6697 2
6698 1
6699 2
6700 1
6701 2
6702 1
6703 2
6704 1
6705 2
6706 1
6707 2
6708 1
6709 2
6710 1
6711 2
6712 1
6713 2
6714 1
6715 2
6716 1
6717 2
6718 1
6719 2
6720 1
6721 2
6722 1
6723 2
6724 1
6725 2
6726 1
6727 2
6728 1
6729 2
6730 1
6731 2
6732 1
6733 2
6734 1
6735 2
6736 1
6737 2
6738 1
6739 2
6740 1
6741 2
6742 1
6743 2
6744 1
6745 2
6746 1
6747 2
6748 1
6749 2
6750 1
6751 2
6752 1
6753 2
6754 1
6755 2
6756 1
6757 2
6758 1
6759 2
6760 1
6761 2
6762 1
6763 2
6764 1
6765 2
6766 1
6767 2
6768 1
6769 2
6770 1
6771 2
6772 1
6773 2
6774 1
6775 2
6776 1
6777 2
6778 1
6779 2
6780 1
6781 2
6782 1
6783 2
6784 1
6785 2
6786 1
6787 2
6788 1
6789 2
6790 1
6791 2
6792 1
6793 2
6794 1
6795 2
6796 1
6797 2
6798 1
6799 2
6800 1
6801 2
6802 1
6803 2
6804 1
6805 2
6806 1
6807 2
6808 1
6809 2
6810 1
6811 2
6812 1
6813 2
6814 1
6815 2
6816 1
6817 2
6818 1
6819 2
6820 1
6821 2
6822 1
6823 2
6824 1
6825 2
6826 1
6827 2
6828 1
6829 2
6830 1
6831 2
6832 1
6833 2
6834 1
6835 2
6836 1
6837 2
6838 1
6839 2
6840 1
6841 2
6842 1
6843 2
6844 1
6845 2
6846 1
6847 2
6848 1
6849 2
6850 1
6851 2
6852 1
6853 2
6854 1
6855 2
6856 1
6857 2
6858 1
6859 2
6860 1
6861 2
6862 1
6863 2
6864 1
6865 2
6866 1
6867 2
6868 1
6869 2
6870 1
6871 2
6872 1
6873 2
6874 1
6875 2
6876 1
6877 2
6878 1
6879 2
6880 1
6881 2
6882 1
6883 2
6884 1
6885 2
6886 1
6887 2
6888 1
6889 2
6890 1
6891 2
6892 1
6893 2
6894 1
6895 2
6896 1
6897 2
6898 1
6899 2
6900 1
6901 2
6902 1
6903 2
6904 1
6905 2
6906 1
6907 2
6908 1
6909 2
6910 1
6911 2
6912 1
6913 2
6914 1
6915 2
6916 1
6917 2
6918 1
6919 2
6920 1
6921 2
6922 1
6923 2
6924 1
6925 2
6926 1
6927 2
6928 1
6929 2
6930 1
6931 2
6932 1
6933 2
6934 1
6935 2
6936 1
6937 2
6938 1
6939 2
6940 1
6941 2
6942 1
6943 2
6944 1
6945 2
6946 1
6947 2
6948 1
6949 2
6950 1
6951 2
6952 1
6953 2
6954 1
6955 2
6956 1
6957 2
6958 1
6959 2
6960 1
6961 2
6962 1
6963 2
6964 1
6965 2
6966 1
6967 2
6968 1
6969 2
6970 1
6971 2
6972 1
6973 2
6974 1
6975 2
6976 1
6977 2
6978 1
6979 2
6980 1
6981 2
6982 1
6983 2
6984 1
6985 2
6986 1
6987 2
6988 1
6989 2
6990 1
6991 2
6992 1
6993 2
6994 1
6995 2
6996 1
6997 2
6998 1
6999 2
7000 1
7001 2
7002 1
7003 2
7004 1
7005 2
7006 1
7007 2
7008 1
7009 2
7010 1
7011 2
7012 1
7013 2
7014 1
7015 2
7016 1
7017 2
7018 1
7019 2
7020 1
7021 2
7022 1
7023 2
7024 1
7025 2
7026 1
7027 2
7028 1
7029 2
7030 1
7031 2
7032 1
7033 2
7034 1
7035 2
7036 1
7037 2
7038 1
7039 2
7040 1
7041 2
7042 1
7043 2
7044 1
7045 2
7046 1
7047 2
7048 1
7049 2
7050 1
7051 2
7052 1
7053 2
7054 1
7055 2
7056 1
7057 2
7058 1
7059 2
7060 1
7061 2
7062 1
7063 2
7064 1
7065 2
7066 1
7067 2
7068 1
7069 2
7070 1
7071 2
7072 1
7073 2
7074 1
7075 2
7076 1
7077 2
7078 1
7079 2
7080 1
7081 2
7082 1
7083 2
7084 1
7085 2
7086 1
7087 2
7088 1
7089 2
7090 1
7091 2
7092 1
7093 2
7094 1
7095 2
7096 1
7097 2
7098 1
7099 2
7100 1
7101 2
7102 1
7103 2
7104 1
7105 2
7106 1
7107 2
7108 1
7109 2
7110 1
7111 2
7112 1
7113 2
7114 1
7115 2
7116 1
7117 2
7118 1
7119 2
7120 1
7121 2
7122 1
7123 2
7124 1
7125 2
7126 1
7127 2
7128 1
7129 2
7130 1
7131 2
7132 1
7133 2
7134 1
7135 2
7136 1
7137 2
7138 1
7139 2
7140 1
7141 2
7142 1
7143 2
7144 1
7145 2
7146 1
7147 2
7148 1
7149 2
7150 1
7151 2
7152 1
7153 2
7154 1
7155 2
7156 1
7157 2
7158 1
7159 2
7160 1
7161 2
7162 1
7163 2
7164 1
7165 2
7166 1
7167 2
7168 1
7169 2
7170 1
7171 2
7172 1
7173 2
7174 1
7175 2
7176 1
7177 2
7178 1
7179 2
7180 1
7181 2
7182 1
7183 2
7184 1
7185 2
7186 1
7187 2
7188 1
7189 2
7190 1
7191 2
7192 1
7193 2
7194 1
7195 2
7196 1
7197 2
7198 1
7199 2
7200 1
7201 2
7202 1
7203 2
7204 1
7205 2
7206 1
7207 2
7208 1
7209 2
7210 1
7211 2
7212 1
7213 2
7214 1
7215 2
7216 1
7217 2
7218 1
7219 2
7220 1
7221 2
7222 1
7223 2
7224 1
7225 2
7226 1
7227 2
7228 1
7229 2
7230 1
7231 2
7232 1
7233 2
7234 1
7235 2
7236 1
7237 2
7238 1
7239 2
7240 1
7241 2
7242 1
7243 2
7244 1
7245 2
7246 1
7247 2
7248 1
7249 2
7250 1
7251 2
7252 1
7253 2
7254 1
7255 2
7256 1
7257 2
7258 1
7259 2
7260 1
7261 2
7262 1
7263 2
7264 1
7265 2
7266 1
7267 2
7268 1
7269 2
7270 1
7271 2
7272 1
7273 2
7274 1
7275 2
7276 1
7277 2
7278 1
7279 2
7280 1
7281 2
7282 1
7283 2
7284 1
7285 2
7286 1
7287 2
7288 1
7289 2
7290 1
7291 2
7292 1
7293 2
7294 1
7295 2
7296 1
7297 2
7298 1
7299 2
7300 1
7301 2
7302 1
7303 2
7304 1
7305 2
7306 1
7307 2
7308 1
7309 2
7310 1
7311 2
7312 1
7313 2
7314 1
7315 2
7316 1
7317 2
7318 1
7319 2
7320 1
7321 2
7322 1
7323 2
7324 1
7325 2
7326 1
7327 2
7328 1
7329 2
7330 1
7331 2
7332 1
7333 2
7334 1
7335 2
7336 1
7337 2
7338 1
7339 2
7340 1
7341 2
7342 1
7343 2
7344 1
7345 2
7346 1
7347 2
7348 1
7349 2
7350 1
7351 2
7352 1
7353 2
7354 1
7355 2
7356 1
7357 2
7358 1
7359 2
7360 1
7361 2
7362 1
7363 2
7364 1
7365 2
7366 1
7367 2
7368 1
7369 2
7370 1
7371 2
7372 1
7373 2
7374 1
7375 2
7376 1
7377 2
7378 1
7379 2
7380 1
7381 2
7382 1
7383 2
7384 1
7385 2
7386 1
7387 2
7388 1
7389 2
7390 1
7391 2
7392 1
7393 2
7394 1
7395 2
7396 1
7397 2
7398 1
7399 2
7400 1
7401 2
7402 1
7403 2
7404 1
7405 2
7406 1
7407 2
7408 1
7409 2
7410 1
7411 2
7412 1
7413 2
7414 1
7415 2
7416 1
7417 2
7418 1
7419 2
7420 1
7421 2
7422 1
7423 2
7424 1
7425 2
7426 1
7427 2
7428 1
7429 2
7430 1
7431 2
7432 1
7433 2
7434 1
7435 2
7436 1
7437 2
7438 1
7439 2
7440 1
7441 2
7442 1
7443 2
7444 1
7445 2
7446 1
7447 2
7448 1
7449 2
7450 1
7451 2
7452 1
7453 2
7454 1
7455 2
7456 1
7457 2
7458 1
7459 2
7460 1
7461 2
7462 1
7463 2
7464 1
7465 2
7466 1
7467 2
7468 1
7469 2
7470 1
7471 2
7472 1
7473 2
7474 1
7475 2
7476 1
7477 2
7478 1
7479 2
7480 1
7481 2
7482 1
7483 2
7484 1
7485 2
7486 1
7487 2
7488 1
7489 2
7490 1
7491 2
7492 1
7493 2
7494 1
7495 2
7496 1
7497 2
7498 1
7499 2
7500 1
7501 2
7502 1
7503 2
7504 1
7505 2
7506 1
7507 2
7508 1
7509 2
7510 1
7511 2
7512 1
7513 2
7514 1
7515 2
7516 1
7517 2
7518 1
7519 2
7520 1
7521 2
7522 1
7523 2
7524 1
7525 2
7526 1
7527 2
7528 1
7529 2
7530 1
7531 2
7532 1
7533 2
7534 1
7535 2
7536 1
7537 2
7538 1
7539 2
7540 1
7541 2
7542 1
7543 2
7544 1
7545 2
7546 1
7547 2
7548 1
7549 2
7550 1
7551 2
7552 1
7553 2
7554 1
7555 2
7556 1
7557 2
7558 1
7559 2
7560 1
7561 2
7562 1
7563 2
7564 1
7565 2
7566 1
7567 2
7568 1
7569 2
7570 1
7571 2
7572 1
7573 2
7574 1
7575 2
7576 1
7577 2
7578 1
7579 2
7580 1
7581 2
7582 1
7583 2
7584 1
7585 2
7586 1
7587 2
7588 1
7589 2
7590 1
7591 2
7592 1
7593 2
7594 1
7595 2
7596 1
7597 2
7598 1
7599 2
7600 1
7601 2
7602 1
7603 2
7604 1
7605 2
7606 1
7607 2
7608 1
7609 2
7610 1
7611 2
7612 1
7613 2
7614 1
7615 2
7616 1
7617 2
7618 1
7619 2
7620 1
7621 2
7622 1
7623 2
7624 1
7625 2
7626 1
7627 2
7628 1
7629 2
7630 1
7631 2
7632 1
7633 2
7634 1
7635 2
7636 1
7637 2
7638 1
7639 2
7640 1
7641 2
7642 1
7643 2
7644 1
7645 2
7646 1
7647 2
7648 1
7649 2
7650 1
7651 2
7652 1
7653 2
7654 1
7655 2
7656 1
7657 2
7658 1
7659 2
7660 1
7661 2
7662 1
7663 2
7664 1
7665 2
7666 1
7667 2
7668 1
7669 2
7670 1
7671 2
7672 1
7673 2
7674 1
7675 2
7676 1
7677 2
7678 1
7679 2
7680 1
7681 2
7682 1
7683 2
7684 1
7685 2
7686 1
7687 2
7688 1
7689 2
7690 1
7691 2
7692 1
7693 2
7694 1
7695 2
7696 1
7697 2
7698 1
7699 2
7700 1
7701 2
7702 1
7703 2
7704 1
7705 2
7706 1
7707 2
7708 1
7709 2
7710 1
7711 2
7712 1
7713 2
7714 1
7715 2
7716 1
7717 2
7718 1
7719 2
7720 1
7721 2
7722 1
7723 2
7724 1
7725 2
7726 1
7727 2
7728 1
7729 2
7730 1
7731 2
7732 1
7733 2
7734 1
7735 2
7736 1
7737 2
7738 1
7739 2
7740 1
7741 2
7742 1
7743 2
7744 1
7745 2
7746 1
7747 2
7748 1
7749 2
7750 1
7751 2
7752 1
7753 2
7754 1
7755 2
7756 1
7757 2
7758 1
7759 2
7760 1
7761 2
7762 1
7763 2
7764 1
7765 2
7766 1
7767 2
7768 1
7769 2
7770 1
7771 2
7772 1
7773 2
7774 1
7775 2
7776 1
7777 2
7778 1
7779 2
7780 1
7781 2
7782 1
7783 2
7784 1
7785 2
7786 1
7787 2
7788 1
7789 2
7790 1
7791 2
7792 1
7793 2
7794 1
7795 2
7796 1
7797 2
7798 1
7799 2
7800 1
7801 2
7802 1
7803 2
7804 1
7805 2
7806 1
7807 2
7808 1
7809 2
7810 1
7811 2
7812 1
7813 2
7814 1
7815 2
7816 1
7817 2
7818 1
7819 2
7820 1
7821 2
7822 1
7823 2
7824 1
7825 2
7826 1
7827 2
7828 1
7829 2
7830 1
7831 2
7832 1
7833 2
7834 1
7835 2
7836 1
7837 2
7838 1
7839 2
7840 1
7841 2
7842 1
7843 2
7844 1
7845 2
7846 1
7847 2
7848 1
7849 2
7850 1
7851 2
7852 1
7853 2
7854 1
7855 2
7856 1
7857 2
7858 1
7859 2
7860 1
7861 2
7862 1
7863 2
7864 1
7865 2
7866 1
7867 2
7868 1
7869 2
7870 1
7871 2
7872 1
7873 2
7874 1
7875 2
7876 1
7877 2
7878 1
7879 2
7880 1
7881 2
7882 1
7883 2
7884 1
7885 2
7886 1
7887 2
7888 1
7889 2
7890 1
7891 2
7892 1
7893 2
7894 1
7895 2
7896 1
7897 2
7898 1
7899 2
7900 1
7901 2
7902 1
7903 2
7904 1
7905 2
7906 1
7907 2
7908 1
7909 2
7910 1
7911 2
7912 1
7913 2
7914 1
7915 2
7916 1
7917 2
7918 1
7919 2
7920 1
7921 2
7922 1
7923 2
7924 1
7925 2
7926 1
7927 2
7928 1
7929 2
7930 1
7931 2
7932 1
7933 2
7934 1
7935 2
7936 1
7937 2
7938 1
7939 2
7940 1
7941 2
7942 1
7943 2
7944 1
7945 2
7946 1
7947 2
7948 1
7949 2
7950 1
7951 2
7952 1
7953 2
7954 1
7955 2
7956 1
7957 2
7958 1
7959 2
7960 1
7961 2
7962 1
7963 2
7964 1
7965 2
7966 1
7967 2
7968 1
7969 2
7970 1
7971 2
7972 1
7973 2
7974 1
7975 2
7976 1
7977 2
7978 1
7979 2
7980 1
7981 2
7982 1
7983 2
7984 1
7985 2
7986 1
7987 2
7988 1
7989 2
7990 1
7991 2
7992 1
7993 2
7994 1
7995 2
7996 1
7997 2
7998 1
7999 2
8000 1
8001 2
8002 1
8003 2
8004 1
8005 2
8006 1
8007 2
8008 1
8009 2
8010 1
8011 2
8012 1
8013 2
8014 1
8015 2
8016 1
8017 2
8018 1
8019 2
8020 1
8021 2
8022 1
8023 2
8024 1
8025 2
8026 1
8027 2
8028 1
8029 2
8030 1
8031 2
8032 1
8033 2
8034 1
8035 2
8036 1
8037 2
8038 1
8039 2
8040 1
8041 2
8042 1
8043 2
8044 1
8045 2
8046 1
8047 2
8048 1
8049 2
8050 1
8051 2
8052 1
8053 2
8054 1
8055 2
8056 1
8057 2
8058 1
8059 2
8060 1
8061 2
8062 1
8063 2
8064 1
8065 2
8066 1
8067 2
8068 1
8069 2
8070 1
8071 2
8072 1
8073 2
8074 1
8075 2
8076 1
8077 2
8078 1
8079 2
8080 1
8081 2
8082 1
8083 2
8084 1
8085 2
8086 1
8087 2
8088 1
8089 2
8090 1
8091 2
8092 1
8093 2
8094 1
8095 2
8096 1
8097 2
8098 1
8099 2
8100 1
8101 2
8102 1
8103 2
8104 1
8105 2
8106 1
8107 2
8108 1
8109 2
8110 1
8111 2
8112 1
8113 2
8114 1
8115 2
8116 1
8117 2
8118 1
8119 2
8120 1
8121 2
8122 1
8123 2
8124 1
8125 2
8126 1
8127 2
8128 1
8129 2
8130 1
8131 2
8132 1
8133 2
8134 1
8135 2
8136 1
8137 2
8138 1
8139 2
8140 1
8141 2
8142 1
8143 2
8144 1
8145 2
8146 1
8147 2
8148 1
8149 2
8150 1
8151 2
8152 1
8153 2
8154 1
8155 2
8156 1
8157 2
8158 1
8159 2
8160 1
8161 2
8162 1
8163 2
8164 1
8165 2
8166 1
8167 2
8168 1
8169 2
8170 1
8171 2
8172 1
8173 2
8174 1
8175 2
8176 1
8177 2
8178 1
8179 2
8180 1
8181 2
8182 1
8183 2
8184 1
8185 2
8186 1
8187 2
8188 1
8189 2
8190 1
8191 2
8192 1
8193 2
8194 1
8195 2
8196 1
8197 2
8198 1
8199 2
8200 1
8201 2
8202 1
8203 2
8204 1
8205 2
8206 1
8207 2
8208 1
8209 2
8210 1
8211 2
8212 1
8213 2
8214 1
8215 2
8216 1
8217 2
8218 1
8219 2
8220 1
8221 2
8222 1
8223 2
8224 1
8225 2
8226 1
8227 2
8228 1
8229 2
8230 1
8231 2
8232 1
8233 2
8234 1
8235 2
8236 1
8237 2
8238 1
8239 2
8240 1
8241 2
8242 1
8243 2
8244 1
8245 2
8246 1
8247 2
8248 1
8249 2
8250 1
8251 2
8252 1
8253 2
8254 1
8255 2
8256 1
8257 2
8258 1
8259 2
8260 1
8261 2
8262 1
8263 2
8264 1
8265 2
8266 1
8267 2
8268 1
8269 2
8270 1
8271 2
8272 1
8273 2
8274 1
8275 2
8276 1
8277 2
8278 1
8279 2
8280 1
8281 2
8282 1
8283 2
8284 1
8285 2
8286 1
8287 2
8288 1
8289 2
8290 1
8291 2
8292 1
8293 2
8294 1
8295 2
8296 1
8297 2
8298 1
8299 2
8300 1
8301 2
8302 1
8303 2
8304 1
8305 2
8306 1
8307 2
8308 1
8309 2
8310 1
8311 2
8312 1
8313 2
8314 1
8315 2
8316 1
8317 2
8318 1
8319 2
8320 1
8321 2
8322 1
8323 2
8324 1
8325 2
8326 1
8327 2
8328 1
8329 2
8330 1
8331 2
8332 1
8333 2
8334 1
8335 2
8336 1
8337 2
8338 1
8339 2
8340 1
8341 2
8342 1
8343 2
8344 1
8345 2
8346 1
8347 2
8348 1
8349 2
8350 1
8351 2
8352 1
8353 2
8354 1
8355 2
8356 1
8357 2
8358 1
8359 2
8360 1
8361 2
8362 1
8363 2
8364 1
8365 2
8366 1
8367 2
8368 1
8369 2
8370 1
8371 2
8372 1
8373 2
8374 1
8375 2
8376 1
8377 2
8378 1
8379 2
8380 1
8381 2
8382 1
8383 2
8384 1
8385 2
8386 1
8387 2
8388 1
8389 2
8390 1
8391 2
8392 1
8393 2
8394 1
8395 2
8396 1
8397 2
8398 1
8399 2
8400 1
8401 2
8402 1
8403 2
8404 1
8405 2
8406 1
8407 2
8408 1
8409 2
8410 1
8411 2
8412 1
8413 2
8414 1
8415 2
8416 1
8417 2
8418 1
8419 2
8420 1
8421 2
8422 1
8423 2
8424 1
8425 2
8426 1
8427 2
8428 1
8429 2
8430 1
8431 2
8432 1
8433 2
8434 1
8435 2
8436 1
8437 2
8438 1
8439 2
8440 1
8441 2
8442 1
8443 2
8444 1
8445 2
8446 1
8447 2
8448 1
8449 2
8450 1
8451 2
8452 1
8453 2
8454 1
8455 2
8456 1
8457 2
8458 1
8459 2
8460 1
8461 2
8462 1
8463 2
8464 1
8465 2
8466 1
8467 2
8468 1
8469 2
8470 1
8471 2
8472 1
8473 2
8474 1
8475 2
8476 1
8477 2
8478 1
8479 2
8480 1
8481 2
8482 1
8483 2
8484 1
8485 2
8486 1
8487 2
8488 1
8489 2
8490 1
8491 2
8492 1
8493 2
8494 1
8495 2
8496 1
8497 2
8498 1
8499 2
8500 1
8501 2
8502 1
8503 2
8504 1
8505 2
8506 1
8507 2
8508 1
8509 2
8510 1
8511 2
8512 1
8513 2
8514 1
8515 2
8516 1
8517 2
8518 1
8519 2
8520 1
8521 2
8522 1
8523 2
8524 1
8525 2
8526 1
8527 2
8528 1
8529 2
8530 1
8531 2
8532 1
8533 2
8534 1
8535 2
8536 1
8537 2
8538 1
8539 2
8540 1
8541 2
8542 1
8543 2
8544 1
8545 2
8546 1
8547 2
8548 1
8549 2
8550 1
8551 2
8552 1
8553 2
8554 1
8555 2
8556 1
8557 2
8558 1
8559 2
8560 1
8561 2
8562 1
8563 2
8564 1
8565 2
8566 1
8567 2
8568 1
8569 2
8570 1
8571 2
8572 1
8573 2
8574 1
8575 2
8576 1
8577 2
8578 1
8579 2
8580 1
8581 2
8582 1
8583 2
8584 1
8585 2
8586 1
8587 2
8588 1
8589 2
8590 1
8591 2
8592 1
8593 2
8594 1
8595 2
8596 1
8597 2
8598 1
8599 2
8600 1
8601 2
8602 1
8603 2
8604 1
8605 2
8606 1
8607 2
8608 1
8609 2
8610 1
8611 2
8612 1
8613 2
8614 1
8615 2
8616 1
8617 2
8618 1
8619 2
8620 1
8621 2
8622 1
8623 2
8624 1
8625 2
8626 1
8627 2
8628 1
8629 2
8630 1
8631 2
8632 1
8633 2
8634 1
8635 2
8636 1
8637 2
8638 1
8639 2
8640 1
8641 2
8642 1
8643 2
8644 1
8645 2
8646 1
8647 2
8648 1
8649 2
8650 1
8651 2
8652 1
8653 2
8654 1
8655 2
8656 1
8657 2
8658 1
8659 2
8660 1
8661 2
8662 1
8663 2
8664 1
8665 2
8666 1
8667 2
8668 1
8669 2
8670 1
8671 2
8672 1
8673 2
8674 1
8675 2
8676 1
8677 2
8678 1
8679 2
8680 1
8681 2
8682 1
8683 2
8684 1
8685 2
8686 1
8687 2
8688 1
8689 2
8690 1
8691 2
8692 1
8693 2
8694 1
8695 2
8696 1
8697 2
8698 1
8699 2
8700 1
8701 2
8702 1
8703 2
8704 1
8705 2
8706 1
8707 2
8708 1
8709 2
8710 1
8711 2
8712 1
8713 2
8714 1
8715 2
8716 1
8717 2
8718 1
8719 2
8720 1
8721 2
8722 1
8723 2
8724 1
8725 2
8726 1
8727 2
8728 1
8729 2
8730 1
8731 2
8732 1
8733 2
8734 1
8735 2
8736 1
8737 2
8738 1
8739 2
8740 1
8741 2
8742 1
8743 2
8744 1
8745 2
8746 1
8747 2
8748 1
8749 2
8750 1
8751 2
8752 1
8753 2
8754 1
8755 2
8756 1
8757 2
8758 1
8759 2
8760 1
8761 2
8762 1
8763 2
8764 1
8765 2
8766 1
8767 2
8768 1
8769 2
8770 1
8771 2
8772 1
8773 2
8774 1
8775 2
8776 1
8777 2
8778 1
8779 2
8780 1
8781 2
8782 1
8783 2
8784 1
8785 2
8786 1
8787 2
8788 1
8789 2
8790 1
8791 2
8792 1
8793 2
8794 1
8795 2
8796 1
8797 2
8798 1
8799 2
8800 1
8801 2
8802 1
8803 2
8804 1
8805 2
8806 1
8807 2
8808 1
8809 2
8810 1
8811 2
8812 1
8813 2
8814 1
8815 2
8816 1
8817 2
8818 1
8819 2
8820 1
8821 2
8822 1
8823 2
8824 1
8825 2
8826 1
8827 2
8828 1
8829 2
8830 1
8831 2
8832 1
8833 2
8834 1
8835 2
8836 1
8837 2
8838 1
8839 2
8840 1
8841 2
8842 1
8843 2
8844 1
8845 2
8846 1
8847 2
8848 1
8849 2
8850 1
8851 2
8852 1
8853 2
8854 1
8855 2
8856 1
8857 2
8858 1
8859 2
8860 1
8861 2
8862 1
8863 2
8864 1
8865 2
8866 1
8867 2
8868 1
8869 2
8870 1
8871 2
8872 1
8873 2
8874 1
8875 2
8876 1
8877 2
8878 1
8879 2
8880 1
8881 2
8882 1
8883 2
8884 1
8885 2
8886 1
8887 2
8888 1
8889 2
8890 1
8891 2
8892 1
8893 2
8894 1
8895 2
8896 1
8897 2
8898 1
8899 2
8900 1
8901 2
8902 1
8903 2
8904 1
8905 2
8906 1
8907 2
8908 1
8909 2
8910 1
8911 2
8912 1
8913 2
8914 1
8915 2
8916 1
8917 2
8918 1
8919 2
8920 1
8921 2
8922 1
8923 2
8924 1
8925 2
8926 1
8927 2
8928 1
8929 2
8930 1
8931 2
8932 1
8933 2
8934 1
8935 2
8936 1
8937 2
8938 1
8939 2
8940 1
8941 2
8942 1
8943 2
8944 1
8945 2
8946 1
8947 2
8948 1
8949 2
8950 1
8951 2
8952 1
8953 2
8954 1
8955 2
8956 1
8957 2
8958 1
8959 2
8960 1
8961 2
8962 1
8963 2
8964 1
8965 2
8966 1
8967 2
8968 1
8969 2
8970 1
8971 2
8972 1
8973 2
8974 1
8975 2
8976 1
8977 2
8978 1
8979 2
8980 1
8981 2
8982 1
8983 2
8984 1
8985 2
8986 1
8987 2
8988 1
8989 2
8990 1
8991 2
8992 1
8993 2
8994 1
8995 2
8996 1
8997 2
8998 1
8999 2
9000 1
9001 2
9002 1
9003 2
9004 1
9005 2
9006 1
9007 2
9008 1
9009 2
9010 1
9011 2
9012 1
9013 2
9014 1
9015 2
9016 1
9017 2
9018 1
9019 2
9020 1
9021 2
9022 1
9023 2
9024 1
9025 2
9026 1
9027 2
9028 1
9029 2
9030 1
9031 2
9032 1
9033 2
9034 1
9035 2
9036 1
9037 2
9038 1
9039 2
9040 1
9041 2
9042 1
9043 2
9044 1
9045 2
9046 1
9047 2
9048 1
9049 2
9050 1
9051 2
9052 1
9053 2
9054 1
9055 2
9056 1
9057 2
9058 1
9059 2
9060 1
9061 2
9062 1
9063 2
9064 1
9065 2
9066 1
9067 2
9068 1
9069 2
9070 1
9071 2
9072 1
9073 2
9074 1
9075 2
9076 1
9077 2
9078 1
9079 2
9080 1
9081 2
9082 1
9083 2
9084 1
9085 2
9086 1
9087 2
9088 1
9089 2
9090 1
9091 2
9092 1
9093 2
9094 1
9095 2
9096 1
9097 2
9098 1
9099 2
9100 1
9101 2
9102 1
9103 2
9104 1
9105 2
9106 1
9107 2
9108 1
9109 2
9110 1
9111 2
9112 1
9113 2
9114 1
9115 2
9116 1
9117 2
9118 1
9119 2
9120 1
9121 2
9122 1
9123 2
9124 1
9125 2
9126 1
9127 2
9128 1
9129 2
9130 1
9131 2
9132 1
9133 2
9134 1
9135 2
9136 1
9137 2
9138 1
9139 2
9140 1
9141 2
9142 1
9143 2
9144 1
9145 2
9146 1
9147 2
9148 1
9149 2
9150 1
9151 2
9152 1
9153 2
9154 1
9155 2
9156 1
9157 2
9158 1
9159 2
9160 1
9161 2
9162 1
9163 2
9164 1
9165 2
9166 1
9167 2
9168 1
9169 2
9170 1
9171 2
9172 1
9173 2
9174 1
9175 2
9176 1
9177 2
9178 1
9179 2
9180 1
9181 2
9182 1
9183 2
9184 1
9185 2
9186 1
9187 2
9188 1
9189 2
9190 1
9191 2
9192 1
9193 2
9194 1
9195 2
9196 1
9197 2
9198 1
9199 2
9200 1
9201 2
9202 1
9203 2
9204 1
9205 2
9206 1
9207 2
9208 1
9209 2
9210 1
9211 2
9212 1
9213 2
9214 1
9215 2
9216 1
9217 2
9218 1
9219 2
9220 1
9221 2
9222 1
9223 2
9224 1
9225 2
9226 1
9227 2
9228 1
9229 2
9230 1
9231 2
9232 1
9233 2
9234 1
9235 2
9236 1
9237 2
9238 1
9239 2
9240 1
9241 2
9242 1
9243 2
9244 1
9245 2
9246 1
9247 2
9248 1
9249 2
9250 1
9251 2
9252 1
9253 2
9254 1
9255 2
9256 1
9257 2
9258 1
9259 2
9260 1
9261 2
9262 1
9263 2
9264 1
9265 2
9266 1
9267 2
9268 1
9269 2
9270 1
9271 2
9272 1
9273 2
9274 1
9275 2
9276 1
9277 2
9278 1
9279 2
9280 1
9281 2
9282 1
9283 2
9284 1
9285 2
9286 1
9287 2
9288 1
9289 2
9290 1
9291 2
9292 1
9293 2
9294 1
9295 2
9296 1
9297 2
9298 1
9299 2
9300 1
9301 2
9302 1
9303 2
9304 1
9305 2
9306 1
9307 2
9308 1
9309 2
9310 1
9311 2
9312 1
9313 2
9314 1
9315 2
9316 1
9317 2
9318 1
9319 2
9320 1
9321 2
9322 1
9323 2
9324 1
9325 2
9326 1
9327 2
9328 1
9329 2
9330 1
9331 2
9332 1
9333 2
9334 1
9335 2
9336 1
9337 2
9338 1
9339 2
9340 1
9341 2
9342 1
9343 2
9344 1
9345 2
9346 1
9347 2
9348 1
9349 2
9350 1
9351 2
9352 1
9353 2
9354 1
9355 2
9356 1
9357 2
9358 1
9359 2
9360 1
9361 2
9362 1
9363 2
9364 1
9365 2
9366 1
9367 2
9368 1
9369 2
9370 1
9371 2
9372 1
9373 2
9374 1
9375 2
9376 1
9377 2
9378 1
9379 2
9380 1
9381 2
9382 1
9383 2
9384 1
9385 2
9386 1
9387 2
9388 1
9389 2
9390 1
9391 2
9392 1
9393 2
9394 1
9395 2
9396 1
9397 2
9398 1
9399 2
9400 1
9401 2
9402 1
9403 2
9404 1
9405 2
9406 1
9407 2
9408 1
9409 2
9410 1
9411 2
9412 1
9413 2
9414 1
9415 2
9416 1
9417 2
9418 1
9419 2
9420 1
9421 2
9422 1
9423 2
9424 1
9425 2
9426 1
9427 2
9428 1
9429 2
9430 1
9431 2
9432 1
9433 2
9434 1
9435 2
9436 1
9437 2
9438 1
9439 2
9440 1
9441 2
9442 1
9443 2
9444 1
9445 2
9446 1
9447 2
9448 1
9449 2
9450 1
9451 2
9452 1
9453 2
9454 1
9455 2
9456 1
9457 2
9458 1
9459 2
9460 1
9461 2
9462 1
9463 2
9464 1
9465 2
9466 1
9467 2
9468 1
9469 2
9470 1
9471 2
9472 1
9473 2
9474 1
9475 2
9476 1
9477 2
9478 1
9479 2
9480 1
9481 2
9482 1
9483 2
9484 1
9485 2
9486 1
9487 2
9488 1
9489 2
9490 1
9491 2
9492 1
9493 2
9494 1
9495 2
9496 1
9497 2
9498 1
9499 2
9500 1
9501 2
9502 1
9503 2
9504 1
9505 2
9506 1
9507 2
9508 1
9509 2
9510 1
9511 2
9512 1
9513 2
9514 1
9515 2
9516 1
9517 2
9518 1
9519 2
9520 1
9521 2
9522 1
9523 2
9524 1
9525 2
9526 1
9527 2
9528 1
9529 2
9530 1
9531 2
9532 1
9533 2
9534 1
9535 2
9536 1
9537 2
9538 1
9539 2
9540 1
9541 2
9542 1
9543 2
9544 1
9545 2
9546 1
9547 2
9548 1
9549 2
9550 1
9551 2
9552 1
9553 2
9554 1
9555 2
9556 1
9557 2
9558 1
9559 2
9560 1
9561 2
9562 1
9563 2
9564 1
9565 2
9566 1
9567 2
9568 1
9569 2
9570 1
9571 2
9572 1
9573 2
9574 1
9575 2
9576 1
9577 2
9578 1
9579 2
9580 1
9581 2
9582 1
9583 2
9584 1
9585 2
9586 1
9587 2
9588 1
9589 2
9590 1
9591 2
9592 1
9593 2
9594 1
9595 2
9596 1
9597 2
9598 1
9599 2
9600 1
9601 2
9602 1
9603 2
9604 1
9605 2
9606 1
9607 2
9608 1
9609 2
9610 1
9611 2
9612 1
9613 2
9614 1
9615 2
9616 1
9617 2
9618 1
9619 2
9620 1
9621 2
9622 1
9623 2
9624 1
9625 2
9626 1
9627 2
9628 1
9629 2
9630 1
9631 2
9632 1
9633 2
9634 1
9635 2
9636 1
9637 2
9638 1
9639 2
9640 1
9641 2
9642 1
9643 2
9644 1
9645 2
9646 1
9647 2
9648 1
9649 2
9650 1
9651 2
9652 1
9653 2
9654 1
9655 2
9656 1
9657 2
9658 1
9659 2
9660 1
9661 2
9662 1
9663 2
9664 1
9665 2
9666 1
9667 2
9668 1
9669 2
9670 1
9671 2
9672 1
9673 2
9674 1
9675 2
9676 1
9677 2
9678 1
9679 2
9680 1
9681 2
9682 1
9683 2
9684 1
9685 2
9686 1
9687 2
9688 1
9689 2
9690 1
9691 2
9692 1
9693 2
9694 1
9695 2
9696 1
9697 2
9698 1
9699 2
9700 1
9701 2
9702 1
9703 2
9704 1
9705 2
9706 1
9707 2
9708 1
9709 2
9710 1
9711 2
9712 1
9713 2
9714 1
9715 2
9716 1
9717 2
9718 1
9719 2
9720 1
9721 2
9722 1
9723 2
9724 1
9725 2
9726 1
9727 2
9728 1
9729 2
9730 1
9731 2
9732 1
9733 2
9734 1
9735 2
9736 1
9737 2
9738 1
9739 2
9740 1
9741 2
9742 1
9743 2
9744 1
9745 2
9746 1
9747 2
9748 1
9749 2
9750 1
9751 2
9752 1
9753 2
9754 1
9755 2
9756 1
9757 2
9758 1
9759 2
9760 1
9761 2
9762 1
9763 2
9764 1
9765 2
9766 1
9767 2
9768 1
9769 2
9770 1
9771 2
9772 1
9773 2
9774 1
9775 2
9776 1
9777 2
9778 1
9779 2
9780 1
9781 2
9782 1
9783 2
9784 1
9785 2
9786 1
9787 2
9788 1
9789 2
9790 1
9791 2
9792 1
9793 2
9794 1
9795 2
9796 1
9797 2
9798 1
9799 2
9800 1
9801 2
9802 1
9803 2
9804 1
9805 2
9806 1
9807 2
9808 1
9809 2
9810 1
9811 2
9812 1
9813 2
9814 1
9815 2
9816 1
9817 2
9818 1
9819 2
9820 1
9821 2
9822 1
9823 2
9824 1
9825 2
9826 1
9827 2
9828 1
9829 2
9830 1
9831 2
9832 1
9833 2
9834 1
9835 2
9836 1
9837 2
9838 1
9839 2
9840 1
9841 2
9842 1
9843 2
9844 1
9845 2
9846 1
9847 2
9848 1
9849 2
9850 1
9851 2
9852 1
9853 2
9854 1
9855 2
9856 1
9857 2
9858 1
9859 2
9860 1
9861 2
9862 1
9863 2
9864 1
9865 2
9866 1
9867 2
9868 1
9869 2
9870 1
9871 2
9872 1
9873 2
9874 1
9875 2
9876 1
9877 2
9878 1
9879 2
9880 1
9881 2
9882 1
9883 2
9884 1
9885 2
9886 1
9887 2
9888 1
9889 2
9890 1
9891 2
9892 1
9893 2
9894 1
9895 2
9896 1
9897 2
9898 1
9899 2
9900 1
9901 2
9902 1
9903 2
9904 1
9905 2
9906 1
9907 2
9908 1
9909 2
9910 1
9911 2
9912 1
9913 2
9914 1
9915 2
9916 1
9917 2
9918 1
9919 2
9920 1
9921 2
9922 1
9923 2
9924 1
9925 2
9926 1
9927 2
9928 1
9929 2
9930 1
9931 2
9932 1
9933 2
9934 1
9935 2
9936 1
9937 2
9938 1
9939 2
9940 1
9941 2
9942 1
9943 2
9944 1
9945 2
9946 1
9947 2
9948 1
9949 2
9950 1
9951 2
9952 1
9953 2
9954 1
9955 2
9956 1
9957 2
9958 1
9959 2
9960 1
9961 2
9962 1
9963 2
9964 1
9965 2
9966 1
9967 2
9968 1
9969 2
9970 1
9971 2
9972 1
9973 2
9974 1
9975 2
9976 1
9977 2
9978 1
9979 2
9980 1
9981 2
9982 1
9983 2
9984 1
9985 2
9986 1
9987 2
9988 1
9989 2
9990 1
9991 2
9992 1
9993 2
9994 1
9995 2
9996 1
9997 2
9998 1
9999 2
10000 1
10001 2
10002 1
10003 2
10004 1
10005 2
10006 1
10007 2
10008 1
10009 2
10010 1
10011 2
10012 1
10013 2
10014 1
10015 2
10016 1
10017 2
10018 1
10019 2
10020 1
10021 2
10022 1
10023 2
10024 1
10025 2
10026 1
10027 2
10028 1
10029 2
10030 1
10031 2
10032 1
10033 2
10034 1
10035 2
10036 1
10037 2
10038 1
10039 2
10040 1
10041 2
10042 1
10043 2
10044 1
10045 2
10046 1
10047 2
10048 1
10049 2
10050 1
10051 2
10052 1
10053 2
10054 1
10055 2
10056 1
10057 2
10058 1
10059 2
10060 1
10061 2
10062 1
10063 2
10064 1
10065 2
10066 1
10067 2
10068 1
10069 2
10070 1
10071 2
10072 1
10073 2
10074 1
10075 2
10076 1
10077 2
10078 1
10079 2
10080 1
10081 2
10082 1
10083 2
10084 1
10085 2
10086 1
10087 2
10088 1
10089 2
10090 1
10091 2
10092 1
10093 2
10094 1
10095 2
10096 1
10097 2
10098 1
10099 2
10100 1
10101 2
10102 1
10103 2
10104 1
10105 2
10106 1
10107 2
10108 1
10109 2
10110 1
10111 2
10112 1
10113 2
10114 1
10115 2
10116 1
10117 2
10118 1
10119 2
10120 1
10121 2
10122 1
10123 2
10124 1
10125 2
10126 1
10127 2
10128 1
10129 2
10130 1
10131 2
10132 1
10133 2
10134 1
10135 2
10136 1
10137 2
10138 1
10139 2
10140 1
10141 2
10142 1
10143 2
10144 1
10145 2
10146 1
10147 2
10148 1
10149 2
10150 1
10151 2
10152 1
10153 2
10154 1
10155 2
10156 1
10157 2
10158 1
10159 2
10160 1
10161 2
10162 1
10163 2
10164 1
10165 2
10166 1
10167 2
10168 1
10169 2
10170 1
10171 2
10172 1
10173 2
10174 1
10175 2
10176 1
10177 2
10178 1
10179 2
10180 1
10181 2
10182 1
10183 2
10184 1
10185 2
10186 1
10187 2
10188 1
10189 2
10190 1
10191 2
10192 1
10193 2
10194 1
10195 2
10196 1
10197 2
10198 1
10199 2
10200 1
10201 2
10202 1
10203 2
10204 1
10205 2
10206 1
10207 2
10208 1
10209 2
10210 1
10211 2
10212 1
10213 2
10214 1
10215 2
10216 1
10217 2
10218 1
10219 2
10220 1
10221 2
10222 1
10223 2
10224 1
10225 2
10226 1
10227 2
10228 1
10229 2
10230 1
10231 2
10232 1
10233 2
10234 1
10235 2
10236 1
10237 2
10238 1
10239 2
10240 1
10241 2
10242 1
10243 2
10244 1
10245 2
10246 1
10247 2
10248 1
10249 2
10250 1
10251 2
10252 1
10253 2
10254 1
10255 2
10256 1
10257 2
10258 1
10259 2
10260 1
10261 2
10262 1
10263 2
10264 1
10265 2
10266 1
10267 2
10268 1
10269 2
10270 1
10271 2
10272 1
10273 2
10274 1
10275 2
10276 1
10277 2
10278 1
10279 2
10280 1
10281 2
10282 1
10283 2
10284 1
10285 2
10286 1
10287 2
10288 1
10289 2
10290 1
10291 2
10292 1
10293 2
10294 1
10295 2
10296 1
10297 2
10298 1
10299 2
10300 1
10301 2
10302 1
10303 2
10304 1
10305 2
10306 1
10307 2
10308 1
10309 2
10310 1
10311 2
10312 1
10313 2
10314 1
10315 2
10316 1
10317 2
10318 1
10319 2
10320 1
10321 2
10322 1
10323 2
10324 1
10325 2
10326 1
10327 2
10328 1
10329 2
10330 1
10331 2
10332 1
10333 2
10334 1
10335 2
10336 1
10337 2
10338 1
10339 2
10340 1
10341 2
10342 1
10343 2
10344 1
10345 2
10346 1
10347 2
10348 1
10349 2
10350 1
10351 2
10352 1
10353 2
10354 1
10355 2
10356 1
10357 2
10358 1
10359 2
10360 1
10361 2
10362 1
10363 2
10364 1
10365 2
10366 1
10367 2
10368 1
10369 2
10370 1
10371 2
10372 1
10373 2
10374 1
10375 2
10376 1
10377 2
10378 1
10379 2
10380 1
10381 2
10382 1
10383 2
10384 1
10385 2
10386 1
10387 2
10388 1
10389 2
10390 1
10391 2
10392 1
10393 2
10394 1
10395 2
10396 1
10397 2
10398 1
10399 2
10400 1
10401 2
10402 1
10403 2
10404 1
10405 2
10406 1
10407 2
10408 1
10409 2
10410 1
10411 2
10412 1
10413 2
10414 1
10415 2
10416 1
10417 2
10418 1
10419 2
10420 1
10421 2
10422 1
10423 2
10424 1
10425 2
10426 1
10427 2
10428 1
10429 2
10430 1
10431 2
10432 1
10433 2
10434 1
10435 2
10436 1
10437 2
10438 1
10439 2
10440 1
10441 2
10442 1
10443 2
10444 1
10445 2
10446 1
10447 2
10448 1
10449 2
10450 1
10451 2
10452 1
10453 2
10454 1
10455 2
10456 1
10457 2
10458 1
10459 2
10460 1
10461 2
10462 1
10463 2
10464 1
10465 2
10466 1
10467 2
10468 1
10469 2
10470 1
10471 2
10472 1
10473 2
10474 1
10475 2
10476 1
10477 2
10478 1
10479 2
10480 1
10481 2
10482 1
10483 2
10484 1
10485 2
10486 1
10487 2
10488 1
10489 2
10490 1
10491 2
10492 1
10493 2
10494 1
10495 2
10496 1
10497 2
10498 1
10499 2
10500 1
10501 2
10502 1
10503 2
10504 1
10505 2
10506 1
10507 2
10508 1
10509 2
10510 1
10511 2
10512 1
10513 2
10514 1
10515 2
10516 1
10517 2
10518 1
10519 2
10520 1
10521 2
10522 1
10523 2
10524 1
10525 2
10526 1
10527 2
10528 1
10529 2
10530 1
10531 2
10532 1
10533 2
10534 1
10535 2
10536 1
10537 2
10538 1
10539 2
10540 1
10541 2
10542 1
10543 2
10544 1
10545 2
10546 1
10547 2
10548 1
10549 2
10550 1
10551 2
10552 1
10553 2
10554 1
10555 2
10556 1
10557 2
10558 1
10559 2
10560 1
10561 2
10562 1
10563 2
10564 1
10565 2
10566 1
10567 2
10568 1
10569 2
10570 1
10571 2
10572 1
10573 2
10574 1
10575 2
10576 1
10577 2
10578 1
10579 2
10580 1
10581 2
10582 1
10583 2
10584 1
10585 2
10586 1
10587 2
10588 1
10589 2
10590 1
10591 2
10592 1
10593 2
10594 1
10595 2
10596 1
10597 2
10598 1
10599 2
10600 1
10601 2
10602 1
10603 2
10604 1
10605 2
10606 1
10607 2
10608 1
10609 2
10610 1
10611 2
10612 1
10613 2
10614 1
10615 2
10616 1
10617 2
10618 1
10619 2
10620 1
10621 2
10622 1
10623 2
10624 1
10625 2
10626 1
10627 2
10628 1
10629 2
10630 1
10631 2
10632 1
10633 2
10634 1
10635 2
10636 1
10637 2
10638 1
10639 2
10640 1
10641 2
10642 1
10643 2
10644 1
10645 2
10646 1
10647 2
10648 1
10649 2
10650 1
10651 2
10652 1
10653 2
10654 1
10655 2
10656 1
10657 2
10658 1
10659 2
10660 1
10661 2
10662 1
10663 2
10664 1
10665 2
10666 1
10667 2
10668 1
10669 2
10670 1
10671 2
10672 1
10673 2
10674 1
10675 2
10676 1
10677 2
10678 1
10679 2
10680 1
10681 2
10682 1
10683 2
10684 1
10685 2
10686 1
10687 2
10688 1
10689 2
10690 1
10691 2
10692 1
10693 2
10694 1
10695 2
10696 1
10697 2
10698 1
10699 2
10700 1
10701 2
10702 1
10703 2
10704 1
10705 2
10706 1
10707 2
10708 1
10709 2
10710 1
10711 2
10712 1
10713 2
10714 1
10715 2
10716 1
10717 2
10718 1
10719 2
10720 1
10721 2
10722 1
10723 2
10724 1
10725 2
10726 1
10727 2
10728 1
10729 2
10730 1
10731 2
10732 1
10733 2
10734 1
10735 2
10736 1
10737 2
10738 1
10739 2
10740 1
10741 2
10742 1
10743 2
10744 1
10745 2
10746 1
10747 2
10748 1
10749 2
10750 1
10751 2
10752 1
10753 2
10754 1
10755 2
10756 1
10757 2
10758 1
10759 2
10760 1
10761 2
10762 1
10763 2
10764 1
10765 2
10766 1
10767 2
10768 1
10769 2
10770 1
10771 2
10772 1
10773 2
10774 1
10775 2
10776 1
10777 2
10778 1
10779 2
10780 1
10781 2
10782 1
10783 2
10784 1
10785 2
10786 1
10787 2
10788 1
10789 2
10790 1
10791 2
10792 1
10793 2
10794 1
10795 2
10796 1
10797 2
10798 1
10799 2
10800 1
10801 2
10802 1
10803 2
10804 1
10805 2
10806 1
10807 2
10808 1
10809 2
10810 1
10811 2
10812 1
10813 2
10814 1
10815 2
10816 1
10817 2
10818 1
10819 2
10820 1
10821 2
10822 1
10823 2
10824 1
10825 2
10826 1
10827 2
10828 1
10829 2
10830 1
10831 2
10832 1
10833 2
10834 1
10835 2
10836 1
10837 2
10838 1
10839 2
10840 1
10841 2
10842 1
10843 2
10844 1
10845 2
10846 1
10847 2
10848 1
10849 2
10850 1
10851 2
10852 1
10853 2
10854 1
10855 2
10856 1
10857 2
10858 1
10859 2
10860 1
10861 2
10862 1
10863 2
10864 1
10865 2
10866 1
10867 2
10868 1
10869 2
10870 1
10871 2
10872 1
10873 2
10874 1
10875 2
10876 1
10877 2
10878 1
10879 2
10880 1
10881 2
10882 1
10883 2
10884 1
10885 2
10886 1
10887 2
10888 1
10889 2
10890 1
10891 2
10892 1
10893 2
10894 1
10895 2
10896 1
10897 2
10898 1
10899 2
10900 1
10901 2
10902 1
10903 2
10904 1
10905 2
10906 1
10907 2
10908 1
10909 2
10910 1
10911 2
10912 1
10913 2
10914 1
10915 2
10916 1
10917 2
10918 1
10919 2
10920 1
10921 2
10922 1
10923 2
10924 1
10925 2
10926 1
10927 2
10928 1
10929 2
10930 1
10931 2
10932 1
10933 2
10934 1
10935 2
10936 1
10937 2
10938 1
10939 2
10940 1
10941 2
10942 1
10943 2
10944 1
10945 2
10946 1
10947 2
10948 1
10949 2
10950 1
10951 2
10952 1
10953 2
10954 1
10955 2
10956 1
10957 2
10958 1
10959 2
10960 1
10961 2
10962 1
10963 2
10964 1
10965 2
10966 1
10967 2
10968 1
10969 2
10970 1
10971 2
10972 1
10973 2
10974 1
10975 2
10976 1
10977 2
10978 1
10979 2
10980 1
10981 2
10982 1
10983 2
10984 1
10985 2
10986 1
10987 2
10988 1
10989 2
10990 1
10991 2
10992 1
10993 2
10994 1
10995 2
10996 1
10997 2
10998 1
10999 2
11000 1
11001 2
11002 1
11003 2
11004 1
11005 2
11006 1
11007 2
11008 1
11009 2
11010 1
11011 2
11012 1
11013 2
11014 1
11015 2
11016 1
11017 2
11018 1
11019 2
11020 1
11021 2
11022 1
11023 2
11024 1
11025 2
11026 1
11027 2
11028 1
11029 2
11030 1
11031 2
11032 1
11033 2
11034 1
11035 2
11036 1
11037 2
11038 1
11039 2
11040 1
11041 2
11042 1
11043 2
11044 1
11045 2
11046 1
11047 2
11048 1
11049 2
11050 1
11051 2
11052 1
11053 2
11054 1
11055 2
11056 1
11057 2
11058 1
11059 2
11060 1
11061 2
11062 1
11063 2
11064 1
11065 2
11066 1
11067 2
11068 1
11069 2
11070 1
11071 2
11072 1
11073 2
11074 1
11075 2
11076 1
11077 2
11078 1
11079 2
11080 1
11081 2
11082 1
11083 2
11084 1
11085 2
11086 1
11087 2
11088 1
11089 2
11090 1
11091 2
11092 1
11093 2
11094 1
11095 2
11096 1
11097 2
11098 1
11099 2
11100 1
11101 2
11102 1
11103 2
11104 1
11105 2
11106 1
11107 2
11108 1
11109 2
11110 1
11111 2
11112 1
11113 2
11114 1
11115 2
11116 1
11117 2
11118 1
11119 2
11120 1
11121 2
11122 1
11123 2
11124 1
11125 2
11126 1
11127 2
11128 1
11129 2
11130 1
11131 2
11132 1
11133 2
11134 1
11135 2
11136 1
11137 2
11138 1
11139 2
11140 1
11141 2
11142 1
11143 2
11144 1
11145 2
11146 1
11147 2
11148 1
11149 2
11150 1
11151 2
11152 1
11153 2
11154 1
11155 2
11156 1
11157 2
11158 1
11159 2
11160 1
11161 2
11162 1
11163 2
11164 1
11165 2
11166 1
11167 2
11168 1
11169 2
11170 1
11171 2
11172 1
11173 2
11174 1
11175 2
11176 1
11177 2
11178 1
11179 2
11180 1
11181 2
11182 1
11183 2
11184 1
11185 2
11186 1
11187 2
11188 1
11189 2
11190 1
11191 2
11192 1
11193 2
11194 1
11195 2
11196 1
11197 2
11198 1
11199 2
11200 1
11201 2
11202 1
11203 2
11204 1
11205 2
11206 1
11207 2
11208 1
11209 2
11210 1
11211 2
11212 1
11213 2
11214 1
11215 2
11216 1
11217 2
11218 1
11219 2
11220 1
11221 2
11222 1
11223 2
11224 1
11225 2
11226 1
11227 2
11228 1
11229 2
11230 1
11231 2
11232 1
11233 2
11234 1
11235 2
11236 1
11237 2
11238 1
11239 2
11240 1
11241 2
11242 1
11243 2
11244 1
11245 2
11246 1
11247 2
11248 1
11249 2
11250 1
11251 2
11252 1
11253 2
11254 1
11255 2
11256 1
11257 2
11258 1
11259 2
11260 1
11261 2
11262 1
11263 2
11264 1
11265 2
11266 1
11267 2
11268 1
11269 2
11270 1
11271 2
11272 1
11273 2
11274 1
11275 2
11276 1
11277 2
11278 1
11279 2
11280 1
11281 2
11282 1
11283 2
11284 1
11285 2
11286 1
11287 2
11288 1
11289 2
11290 1
11291 2
11292 1
11293 2
11294 1
11295 2
11296 1
11297 2
11298 1
11299 2
11300 1
11301 2
11302 1
11303 2
11304 1
11305 2
11306 1
11307 2
11308 1
11309 2
11310 1
11311 2
11312 1
11313 2
11314 1
11315 2
11316 1
11317 2
11318 1
11319 2
11320 1
11321 2
11322 1
11323 2
11324 1
11325 2
11326 1
11327 2
11328 1
11329 2
11330 1
11331 2
11332 1
11333 2
11334 1
11335 2
11336 1
11337 2
11338 1
11339 2
11340 1
11341 2
11342 1
11343 2
11344 1
11345 2
11346 1
11347 2
11348 1
11349 2
11350 1
11351 2
11352 1
11353 2
11354 1
11355 2
11356 1
11357 2
11358 1
11359 2
11360 1
11361 2
11362 1
11363 2
11364 1
11365 2
11366 1
11367 2
11368 1
11369 2
11370 1
11371 2
11372 1
11373 2
11374 1
11375 2
11376 1
11377 2
11378 1
11379 2
11380 1
11381 2
11382 1
11383 2
11384 1
11385 2
11386 1
11387 2
11388 1
11389 2
11390 1
11391 2
11392 1
11393 2
11394 1
11395 2
11396 1
11397 2
11398 1
11399 2
11400 1
11401 2
11402 1
11403 2
11404 1
11405 2
11406 1
11407 2
11408 1
11409 2
11410 1
11411 2
11412 1
11413 2
11414 1
11415 2
11416 1
11417 2
11418 1
11419 2
11420 1
11421 2
11422 1
11423 2
11424 1
11425 2
11426 1
11427 2
11428 1
11429 2
11430 1
11431 2
11432 1
11433 2
11434 1
11435 2
11436 1
11437 2
11438 1
11439 2
11440 1
11441 2
11442 1
11443 2
11444 1
11445 2
11446 1
11447 2
11448 1
11449 2
11450 1
11451 2
11452 1
11453 2
11454 1
11455 2
11456 1
11457 2
11458 1
11459 2
11460 1
11461 2
11462 1
11463 2
11464 1
11465 2
11466 1
11467 2
11468 1
11469 2
11470 1
11471 2
11472 1
11473 2
11474 1
11475 2
11476 1
11477 2
11478 1
11479 2
11480 1
11481 2
11482 1
11483 2
11484 1
11485 2
11486 1
11487 2
11488 1
11489 2
11490 1
11491 2
11492 1
11493 2
11494 1
11495 2
11496 1
11497 2
11498 1
11499 2
11500 1
11501 2
11502 1
11503 2
11504 1
11505 2
11506 1
11507 2
11508 1
11509 2
11510 1
11511 2
11512 1
11513 2
11514 1
11515 2
11516 1
11517 2
11518 1
11519 2
11520 1
11521 2
11522 1
11523 2
11524 1
11525 2
11526 1
11527 2
11528 1
11529 2
11530 1
11531 2
11532 1
11533 2
11534 1
11535 2
11536 1
11537 2
11538 1
11539 2
11540 1
11541 2
11542 1
11543 2
11544 1
11545 2
11546 1
11547 2
11548 1
11549 2
11550 1
11551 2
11552 1
11553 2
11554 1
11555 2
11556 1
11557 2
11558 1
11559 2
11560 1
11561 2
11562 1
11563 2
11564 1
11565 2
11566 1
11567 2
11568 1
11569 2
11570 1
11571 2
11572 1
11573 2
11574 1
11575 2
11576 1
11577 2
11578 1
11579 2
11580 1
11581 2
11582 1
11583 2
11584 1
11585 2
11586 1
11587 2
11588 1
11589 2
11590 1
11591 2
11592 1
11593 2
11594 1
11595 2
11596 1
11597 2
11598 1
11599 2
11600 1
11601 2
11602 1
11603 2
11604 1
11605 2
11606 1
11607 2
11608 1
11609 2
11610 1
11611 2
11612 1
11613 2
11614 1
11615 2
11616 1
11617 2
11618 1
11619 2
11620 1
11621 2
11622 1
11623 2
11624 1
11625 2
11626 1
11627 2
11628 1
11629 2
11630 1
11631 2
11632 1
11633 2
11634 1
11635 2
11636 1
11637 2
11638 1
11639 2
11640 1
11641 2
11642 1
11643 2
11644 1
11645 2
11646 1
11647 2
11648 1
11649 2
11650 1
11651 2
11652 1
11653 2
11654 1
11655 2
11656 1
11657 2
11658 1
11659 2
11660 1
11661 2
11662 1
11663 2
11664 1
11665 2
11666 1
11667 2
11668 1
11669 2
11670 1
11671 2
11672 1
11673 2
11674 1
11675 2
11676 1
11677 2
11678 1
11679 2
11680 1
11681 2
11682 1
11683 2
11684 1
11685 2
11686 1
11687 2
11688 1
11689 2
11690 1
11691 2
11692 1
11693 2
11694 1
11695 2
11696 1
11697 2
11698 1
11699 2
11700 1
11701 2
11702 1
11703 2
11704 1
11705 2
11706 1
11707 2
11708 1
11709 2
11710 1
11711 2
11712 1
11713 2
11714 1
11715 2
11716 1
11717 2
11718 1
11719 2
11720 1
11721 2
11722 1
11723 2
11724 1
11725 2
11726 1
11727 2
11728 1
11729 2
11730 1
11731 2
11732 1
11733 2
11734 1
11735 2
11736 1
11737 2
11738 1
11739 2
11740 1
11741 2
11742 1
11743 2
11744 1
11745 2
11746 1
11747 2
11748 1
11749 2
11750 1
11751 2
11752 1
11753 2
11754 1
11755 2
11756 1
11757 2
11758 1
11759 2
11760 1
11761 2
11762 1
11763 2
11764 1
11765 2
11766 1
11767 2
11768 1
11769 2
11770 1
11771 2
11772 1
11773 2
11774 1
11775 2
11776 1
11777 2
11778 1
11779 2
11780 1
11781 2
11782 1
11783 2
11784 1
11785 2
11786 1
11787 2
11788 1
11789 2
11790 1
11791 2
11792 1
11793 2
11794 1
11795 2
11796 1
11797 2
11798 1
11799 2
11800 1
11801 2
11802 1
11803 2
11804 1
11805 2
11806 1
11807 2
11808 1
11809 2
11810 1
11811 2
11812 1
11813 2
11814 1
11815 2
11816 1
11817 2
11818 1
11819 2
11820 1
11821 2
11822 1
11823 2
11824 1
11825 2
11826 1
11827 2
11828 1
11829 2
11830 1
11831 2
11832 1
11833 2
11834 1
11835 2
11836 1
11837 2
11838 1
11839 2
11840 1
11841 2
11842 1
11843 2
11844 1
11845 2
11846 1
11847 2
11848 1
11849 2
11850 1
11851 2
11852 1
11853 2
11854 1
11855 2
11856 1
11857 2
11858 1
11859 2
11860 1
11861 2
11862 1
11863 2
11864 1
11865 2
11866 1
11867 2
11868 1
11869 2
11870 1
11871 2
11872 1
11873 2
11874 1
11875 2
11876 1
11877 2
11878 1
11879 2
11880 1
11881 2
11882 1
11883 2
11884 1
11885 2
11886 1
11887 2
11888 1
11889 2
11890 1
11891 2
11892 1
11893 2
11894 1
11895 2
11896 1
11897 2
11898 1
11899 2
11900 1
11901 2
11902 1
11903 2
11904 1
11905 2
11906 1
11907 2
11908 1
11909 2
11910 1
11911 2
11912 1
11913 2
11914 1
11915 2
11916 1
11917 2
11918 1
11919 2
11920 1
11921 2
11922 1
11923 2
11924 1
11925 2
11926 1
11927 2
11928 1
11929 2
11930 1
11931 2
11932 1
11933 2
11934 1
11935 2
11936 1
11937 2
11938 1
11939 2
11940 1
11941 2
11942 1
11943 2
11944 1
11945 2
11946 1
11947 2
11948 1
11949 2
11950 1
11951 2
11952 1
11953 2
11954 1
11955 2
11956 1
11957 2
11958 1
11959 2
11960 1
11961 2
11962 1
11963 2
11964 1
11965 2
11966 1
11967 2
11968 1
11969 2
11970 1
11971 2
11972 1
11973 2
11974 1
11975 2
11976 1
11977 2
11978 1
11979 2
11980 1
11981 2
11982 1
11983 2
11984 1
11985 2
11986 1
11987 2
11988 1
11989 2
11990 1
11991 2
11992 1
11993 2
11994 1
11995 2
11996 1
11997 2
11998 1
11999 2
12000 1
12001 2
12002 1
12003 2
12004 1
12005 2
12006 1
12007 2
12008 1
12009 2
12010 1
12011 2
12012 1
12013 2
12014 1
12015 2
12016 1
12017 2
12018 1
12019 2
12020 1
12021 2
12022 1
12023 2
12024 1
12025 2
12026 1
12027 2
12028 1
12029 2
12030 1
12031 2
12032 1
12033 2
12034 1
12035 2
12036 1
12037 2
12038 1
12039 2
12040 1
12041 2
12042 1
12043 2
12044 1
12045 2
12046 1
12047 2
12048 1
12049 2
12050 1
12051 2
12052 1
12053 2
12054 1
12055 2
12056 1
12057 2
12058 1
12059 2
12060 1
12061 2
12062 1
12063 2
12064 1
12065 2
12066 1
12067 2
12068 1
12069 2
12070 1
12071 2
12072 1
12073 2
12074 1
12075 2
12076 1
12077 2
12078 1
12079 2
12080 1
12081 2
12082 1
12083 2
12084 1
12085 2
12086 1
12087 2
12088 1
12089 2
12090 1
12091 2
12092 1
12093 2
12094 1
12095 2
12096 1
12097 2
12098 1
12099 2
12100 1
12101 2
12102 1
12103 2
12104 1
12105 2
12106 1
12107 2
12108 1
12109 2
12110 1
12111 2
12112 1
12113 2
12114 1
12115 2
12116 1
12117 2
12118 1
12119 2
12120 1
12121 2
12122 1
12123 2
12124 1
12125 2
12126 1
12127 2
12128 1
12129 2
12130 1
12131 2
12132 1
12133 2
12134 1
12135 2
12136 1
12137 2
12138 1
12139 2
12140 1
12141 2
12142 1
12143 2
12144 1
12145 2
12146 1
12147 2
12148 1
12149 2
12150 1
12151 2
12152 1
12153 2
12154 1
12155 2
12156 1
12157 2
12158 1
12159 2
12160 1
12161 2
12162 1
12163 2
12164 1
12165 2
12166 1
12167 2
12168 1
12169 2
12170 1
12171 2
12172 1
12173 2
12174 1
12175 2
12176 1
12177 2
12178 1
12179 2
12180 1
12181 2
12182 1
12183 2
12184 1
12185 2
12186 1
12187 2
12188 1
12189 2
12190 1
12191 2
12192 1
12193 2
12194 1
12195 2
12196 1
12197 2
12198 1
12199 2
12200 1
12201 2
12202 1
12203 2
12204 1
12205 2
12206 1
12207 2
12208 1
12209 2
12210 1
12211 2
12212 1
12213 2
12214 1
12215 2
12216 1
12217 2
12218 1
12219 2
12220 1
12221 2
12222 1
12223 2
12224 1
12225 2
12226 1
12227 2
12228 1
12229 2
12230 1
12231 2
12232 1
12233 2
12234 1
12235 2
12236 1
12237 2
12238 1
12239 2
12240 1
12241 2
12242 1
12243 2
12244 1
12245 2
12246 1
12247 2
12248 1
12249 2
12250 1
12251 2
12252 1
12253 2
12254 1
12255 2
12256 1
12257 2
12258 1
12259 2
12260 1
12261 2
12262 1
12263 2
12264 1
12265 2
12266 1
12267 2
12268 1
12269 2
12270 1
12271 2
12272 1
12273 2
12274 1
12275 2
12276 1
12277 2
12278 1
12279 2
12280 1
12281 2
12282 1
12283 2
12284 1
12285 2
12286 1
12287 2
12288 1
12289 2
12290 1
12291 2
12292 1
12293 2
12294 1
12295 2
12296 1
12297 2
12298 1
12299 2
12300 1
12301 2
12302 1
12303 2
12304 1
12305 2
12306 1
12307 2
12308 1
12309 2
12310 1
12311 2
12312 1
12313 2
12314 1
12315 2
12316 1
12317 2
12318 1
12319 2
12320 1
12321 2
12322 1
12323 2
12324 1
12325 2
12326 1
12327 2
12328 1
12329 2
12330 1
12331 2
12332 1
12333 2
12334 1
12335 2
12336 1
12337 2
12338 1
12339 2
12340 1
12341 2
12342 1
12343 2
12344 1
12345 2
12346 1
12347 2
12348 1
12349 2
12350 1
12351 2
12352 1
12353 2
12354 1
12355 2
12356 1
12357 2
12358 1
12359 2
12360 1
12361 2
12362 1
12363 2
12364 1
12365 2
12366 1
12367 2
12368 1
12369 2
12370 1
12371 2
12372 1
12373 2
12374 1
12375 2
12376 1
12377 2
12378 1
12379 2
12380 1
12381 2
12382 1
12383 2
12384 1
12385 2
12386 1
12387 2
12388 1
12389 2
12390 1
12391 2
12392 1
12393 2
12394 1
12395 2
12396 1
12397 2
12398 1
12399 2
12400 1
12401 2
12402 1
12403 2
12404 1
12405 2
12406 1
12407 2
12408 1
12409 2
12410 1
12411 2
12412 1
12413 2
12414 1
12415 2
12416 1
12417 2
12418 1
12419 2
12420 1
12421 2
12422 1
12423 2
12424 1
12425 2
12426 1
12427 2
12428 1
12429 2
12430 1
12431 2
12432 1
12433 2
12434 1
12435 2
12436 1
12437 2
12438 1
12439 2
12440 1
12441 2
12442 1
12443 2
12444 1
12445 2
12446 1
12447 2
12448 1
12449 2
12450 1
12451 2
12452 1
12453 2
12454 1
12455 2
12456 1
12457 2
12458 1
12459 2
12460 1
12461 2
12462 1
12463 2
12464 1
12465 2
12466 1
12467 2
12468 1
12469 2
12470 1
12471 2
12472 1
12473 2
12474 1
12475 2
12476 1
12477 2
12478 1
12479 2
12480 1
12481 2
12482 1
12483 2
12484 1
12485 2
12486 1
12487 2
12488 1
12489 2
12490 1
12491 2
12492 1
12493 2
12494 1
12495 2
12496 1
12497 2
12498 1
12499 2
12500 1
12501 2
12502 1
12503 2
12504 1
12505 2
12506 1
12507 2
12508 1
12509 2
12510 1
12511 2
12512 1
12513 2
12514 1
12515 2
12516 1
12517 2
12518 1
12519 2
12520 1
12521 2
12522 1
12523 2
12524 1
12525 2
12526 1
12527 2
12528 1
12529 2
12530 1
12531 2
12532 1
12533 2
12534 1
12535 2
12536 1
12537 2
12538 1
12539 2
12540 1
12541 2
12542 1
12543 2
12544 1
12545 2
12546 1
12547 2
12548 1
12549 2
12550 1
12551 2
12552 1
12553 2
12554 1
12555 2
12556 1
12557 2
12558 1
12559 2
12560 1
12561 2
12562 1
12563 2
12564 1
12565 2
12566 1
12567 2
12568 1
12569 2
12570 1
12571 2
12572 1
12573 2
12574 1
12575 2
12576 1
12577 2
12578 1
12579 2
12580 1
12581 2
12582 1
12583 2
12584 1
12585 2
12586 1
12587 2
12588 1
12589 2
12590 1
12591 2
12592 1
12593 2
12594 1
12595 2
12596 1
12597 2
12598 1
12599 2
12600 1
12601 2
12602 1
12603 2
12604 1
12605 2
12606 1
12607 2
12608 1
12609 2
12610 1
12611 2
12612 1
12613 2
12614 1
12615 2
12616 1
12617 2
12618 1
12619 2
12620 1
12621 2
12622 1
12623 2
12624 1
12625 2
12626 1
12627 2
12628 1
12629 2
12630 1
12631 2
12632 1
12633 2
12634 1
12635 2
12636 1
12637 2
12638 1
12639 2
12640 1
12641 2
12642 1
12643 2
12644 1
12645 2
12646 1
12647 2
12648 1
12649 2
12650 1
12651 2
12652 1
12653 2
12654 1
12655 2
12656 1
12657 2
12658 1
12659 2
12660 1
12661 2
12662 1
12663 2
12664 1
12665 2
12666 1
12667 2
12668 1
12669 2
12670 1
12671 2
12672 1
12673 2
12674 1
12675 2
12676 1
12677 2
12678 1
12679 2
12680 1
12681 2
12682 1
12683 2
12684 1
12685 2
12686 1
12687 2
12688 1
12689 2
12690 1
12691 2
12692 1
12693 2
12694 1
12695 2
12696 1
12697 2
12698 1
12699 2
12700 1
12701 2
12702 1
12703 2
12704 1
12705 2
12706 1
12707 2
12708 1
12709 2
12710 1
12711 2
12712 1
12713 2
12714 1
12715 2
12716 1
12717 2
12718 1
12719 2
12720 1
12721 2
12722 1
12723 2
12724 1
12725 2
12726 1
12727 2
12728 1
12729 2
12730 1
12731 2
12732 1
12733 2
12734 1
12735 2
12736 1
12737 2
12738 1
12739 2
12740 1
12741 2
12742 1
12743 2
12744 1
12745 2
12746 1
12747 2
12748 1
12749 2
12750 1
12751 2
12752 1
12753 2
12754 1
12755 2
12756 1
12757 2
12758 1
12759 2
12760 1
12761 2
12762 1
12763 2
12764 1
12765 2
12766 1
12767 2
12768 1
12769 2
12770 1
12771 2
12772 1
12773 2
12774 1
12775 2
12776 1
12777 2
12778 1
12779 2
12780 1
12781 2
12782 1
12783 2
12784 1
12785 2
12786 1
12787 2
12788 1
12789 2
12790 1
12791 2
12792 1
12793 2
12794 1
12795 2
12796 1
12797 2
12798 1
12799 2
12800 1
12801 2
12802 1
12803 2
12804 1
12805 2
12806 1
12807 2
12808 1
12809 2
12810 1
12811 2
12812 1
12813 2
12814 1
12815 2
12816 1
12817 2
12818 1
12819 2
12820 1
12821 2
12822 1
12823 2
12824 1
12825 2
12826 1
12827 2
12828 1
12829 2
12830 1
12831 2
12832 1
12833 2
12834 1
12835 2
12836 1
12837 2
12838 1
12839 2
12840 1
12841 2
12842 1
12843 2
12844 1
12845 2
12846 1
12847 2
12848 1
12849 2
12850 1
12851 2
12852 1
12853 2
12854 1
12855 2
12856 1
12857 2
12858 1
12859 2
12860 1
12861 2
12862 1
12863 2
12864 1
12865 2
12866 1
12867 2
12868 1
12869 2
12870 1
12871 2
12872 1
12873 2
12874 1
12875 2
12876 1
12877 2
12878 1
12879 2
12880 1
12881 2
12882 1
12883 2
12884 1
12885 2
12886 1
12887 2
12888 1
12889 2
12890 1
12891 2
12892 1
12893 2
12894 1
12895 2
12896 1
12897 2
12898 1
12899 2
12900 1
12901 2
12902 1
12903 2
12904 1
12905 2
12906 1
12907 2
12908 1
12909 2
12910 1
12911 2
12912 1
12913 2
12914 1
12915 2
12916 1
12917 2
12918 1
12919 2
12920 1
12921 2
12922 1
12923 2
12924 1
12925 2
12926 1
12927 2
12928 1
12929 2
12930 1
12931 2
12932 1
12933 2
12934 1
12935 2
12936 1
12937 2
12938 1
12939 2
12940 1
12941 2
12942 1
12943 2
12944 1
12945 2
12946 1
12947 2
12948 1
12949 2
12950 1
12951 2
12952 1
12953 2
12954 1
12955 2
12956 1
12957 2
12958 1
12959 2
12960 1
12961 2
12962 1
12963 2
12964 1
12965 2
12966 1
12967 2
12968 1
12969 2
12970 1
12971 2
12972 1
12973 2
12974 1
12975 2
12976 1
12977 2
12978 1
12979 2
12980 1
12981 2
12982 1
12983 2
12984 1
12985 2
12986 1
12987 2
12988 1
12989 2
12990 1
12991 2
12992 1
12993 2
12994 1
12995 2
12996 1
12997 2
12998 1
12999 2
13000 1
13001 2
13002 1
13003 2
13004 1
13005 2
13006 1
13007 2
13008 1
13009 2
13010 1
13011 2
13012 1
13013 2
13014 1
13015 2
13016 1
13017 2
13018 1
13019 2
13020 1
13021 2
13022 1
13023 2
13024 1
13025 2
13026 1
13027 2
13028 1
13029 2
13030 1
13031 2
13032 1
13033 2
13034 1
13035 2
13036 1
13037 2
13038 1
13039 2
13040 1
13041 2
13042 1
13043 2
13044 1
13045 2
13046 1
13047 2
13048 1
13049 2
13050 1
13051 2
13052 1
13053 2
13054 1
13055 2
13056 1
13057 2
13058 1
13059 2
13060 1
13061 2
13062 1
13063 2
13064 1
13065 2
13066 1
13067 2
13068 1
13069 2
13070 1
13071 2
13072 1
13073 2
13074 1
13075 2
13076 1
13077 2
13078 1
13079 2
13080 1
13081 2
13082 1
13083 2
13084 1
13085 2
13086 1
13087 2
13088 1
13089 2
13090 1
13091 2
13092 1
13093 2
13094 1
13095 2
13096 1
13097 2
13098 1
13099 2
13100 1
13101 2
13102 1
13103 2
13104 1
13105 2
13106 1
13107 2
13108 1
13109 2
13110 1
13111 2
13112 1
13113 2
13114 1
13115 2
13116 1
13117 2
13118 1
13119 2
13120 1
13121 2
13122 1
13123 2
13124 1
13125 2
13126 1
13127 2
13128 1
13129 2
13130 1
13131 2
13132 1
13133 2
13134 1
13135 2
13136 1
13137 2
13138 1
13139 2
13140 1
13141 2
13142 1
13143 2
13144 1
13145 2
13146 1
13147 2
13148 1
13149 2
13150 1
13151 2
13152 1
13153 2
13154 1
13155 2
13156 1
13157 2
13158 1
13159 2
13160 1
13161 2
13162 1
13163 2
13164 1
13165 2
13166 1
13167 2
13168 1
13169 2
13170 1
13171 2
13172 1
13173 2
13174 1
13175 2
13176 1
13177 2
13178 1
13179 2
13180 1
13181 2
13182 1
13183 2
13184 1
13185 2
13186 1
13187 2
13188 1
13189 2
13190 1
13191 2
13192 1
13193 2
13194 1
13195 2
13196 1
13197 2
13198 1
13199 2
13200 1
13201 2
13202 1
13203 2
13204 1
13205 2
13206 1
13207 2
13208 1
13209 2
13210 1
13211 2
13212 1
13213 2
13214 1
13215 2
13216 1
13217 2
13218 1
13219 2
13220 1
13221 2
13222 1
13223 2
13224 1
13225 2
13226 1
13227 2
13228 1
13229 2
13230 1
13231 2
13232 1
13233 2
13234 1
13235 2
13236 1
13237 2
13238 1
13239 2
13240 1
13241 2
13242 1
13243 2
13244 1
13245 2
13246 1
13247 2
13248 1
13249 2
13250 1
13251 2
13252 1
13253 2
13254 1
13255 2
13256 1
13257 2
13258 1
13259 2
13260 1
13261 2
13262 1
13263 2
13264 1
13265 2
13266 1
13267 2
13268 1
13269 2
13270 1
13271 2
13272 1
13273 2
13274 1
13275 2
13276 1
13277 2
13278 1
13279 2
13280 1
13281 2
13282 1
13283 2
13284 1
13285 2
13286 1
13287 2
13288 1
13289 2
13290 1
13291 2
13292 1
13293 2
13294 1
13295 2
13296 1
13297 2
13298 1
13299 2
13300 1
13301 2
13302 1
13303 2
13304 1
13305 2
13306 1
13307 2
13308 1
13309 2
13310 1
13311 2
13312 1
13313 2
13314 1
13315 2
13316 1
13317 2
13318 1
13319 2
13320 1
13321 2
13322 1
13323 2
13324 1
13325 2
13326 1
13327 2
13328 1
13329 2
13330 1
13331 2
13332 1
13333 2
13334 1
13335 2
13336 1
13337 2
13338 1
13339 2
13340 1
13341 2
13342 1
13343 2
13344 1
13345 2
13346 1
13347 2
13348 1
13349 2
13350 1
13351 2
13352 1
13353 2
13354 1
13355 2
13356 1
13357 2
13358 1
13359 2
13360 1
13361 2
13362 1
13363 2
13364 1
13365 2
13366 1
13367 2
13368 1
13369 2
13370 1
13371 2
13372 1
13373 2
13374 1
13375 2
13376 1
13377 2
13378 1
13379 2
13380 1
13381 2
13382 1
13383 2
13384 1
13385 2
13386 1
13387 2
13388 1
13389 2
13390 1
13391 2
13392 1
13393 2
13394 1
13395 2
13396 1
13397 2
13398 1
13399 2
13400 1
13401 2
13402 1
13403 2
13404 1
13405 2
13406 1
13407 2
13408 1
13409 2
13410 1
13411 2
13412 1
13413 2
13414 1
13415 2
13416 1
13417 2
13418 1
13419 2
13420 1
13421 2
13422 1
13423 2
13424 1
13425 2
13426 1
13427 2
13428 1
13429 2
13430 1
13431 2
13432 1
13433 2
13434 1
13435 2
13436 1
13437 2
13438 1
13439 2
13440 1
13441 2
13442 1
13443 2
13444 1
13445 2
13446 1
13447 2
13448 1
13449 2
13450 1
13451 2
13452 1
13453 2
13454 1
13455 2
13456 1
13457 2
13458 1
13459 2
13460 1
13461 2
13462 1
13463 2
13464 1
13465 2
13466 1
13467 2
13468 1
13469 2
13470 1
13471 2
13472 1
13473 2
13474 1
13475 2
13476 1
13477 2
13478 1
13479 2
13480 1
13481 2
13482 1
13483 2
13484 1
13485 2
13486 1
13487 2
13488 1
13489 2
13490 1
13491 2
13492 1
13493 2
13494 1
13495 2
13496 1
13497 2
13498 1
13499 2
13500 1
13501 2
13502 1
13503 2
13504 1
13505 2
13506 1
13507 2
13508 1
13509 2
13510 1
13511 2
13512 1
13513 2
13514 1
13515 2
13516 1
13517 2
13518 1
13519 2
13520 1
13521 2
13522 1
13523 2
13524 1
13525 2
13526 1
13527 2
13528 1
13529 2
13530 1
13531 2
13532 1
13533 2
13534 1
13535 2
13536 1
13537 2
13538 1
13539 2
13540 1
13541 2
13542 1
13543 2
13544 1
13545 2
13546 1
13547 2
13548 1
13549 2
13550 1
13551 2
13552 1
13553 2
13554 1
13555 2
13556 1
13557 2
13558 1
13559 2
13560 1
13561 2
13562 1
13563 2
13564 1
13565 2
13566 1
13567 2
13568 1
13569 2
13570 1
13571 2
13572 1
13573 2
13574 1
13575 2
13576 1
13577 2
13578 1
13579 2
13580 1
13581 2
13582 1
13583 2
13584 1
13585 2
13586 1
13587 2
13588 1
13589 2
13590 1
13591 2
13592 1
13593 2
13594 1
13595 2
13596 1
13597 2
13598 1
13599 2
13600 1
13601 2
13602 1
13603 2
13604 1
13605 2
13606 1
13607 2
13608 1
13609 2
13610 1
13611 2
13612 1
13613 2
13614 1
13615 2
13616 1
13617 2
13618 1
13619 2
13620 1
13621 2
13622 1
13623 2
13624 1
13625 2
13626 1
13627 2
13628 1
13629 2
13630 1
13631 2
13632 1
13633 2
13634 1
13635 2
13636 1
13637 2
13638 1
13639 2
13640 1
13641 2
13642 1
13643 2
13644 1
13645 2
13646 1
13647 2
13648 1
13649 2
13650 1
13651 2
13652 1
13653 2
13654 1
13655 2
13656 1
13657 2
13658 1
13659 2
13660 1
13661 2
13662 1
13663 2
13664 1
13665 2
13666 1
13667 2
13668 1
13669 2
13670 1
13671 2
13672 1
13673 2
13674 1
13675 2
13676 1
13677 2
13678 1
13679 2
13680 1
13681 2
13682 1
13683 2
13684 1
13685 2
13686 1
13687 2
13688 1
13689 2
13690 1
13691 2
13692 1
13693 2
13694 1
13695 2
13696 1
13697 2
13698 1
13699 2
13700 1
13701 2
13702 1
13703 2
13704 1
13705 2
13706 1
13707 2
13708 1
13709 2
13710 1
13711 2
13712 1
13713 2
13714 1
13715 2
13716 1
13717 2
13718 1
13719 2
13720 1
13721 2
13722 1
13723 2
13724 1
13725 2
13726 1
13727 2
13728 1
13729 2
13730 1
13731 2
13732 1
13733 2
13734 1
13735 2
13736 1
13737 2
13738 1
13739 2
13740 1
13741 2
13742 1
13743 2
13744 1
13745 2
13746 1
13747 2
13748 1
13749 2
13750 1
13751 2
13752 1
13753 2
13754 1
13755 2
13756 1
13757 2
13758 1
13759 2
13760 1
13761 2
13762 1
13763 2
13764 1
13765 2
13766 1
13767 2
13768 1
13769 2
13770 1
13771 2
13772 1
13773 2
13774 1
13775 2
13776 1
13777 2
13778 1
13779 2
13780 1
13781 2
13782 1
13783 2
13784 1
13785 2
13786 1
13787 2
13788 1
13789 2
13790 1
13791 2
13792 1
13793 2
13794 1
13795 2
13796 1
13797 2
13798 1
13799 2
13800 1
13801 2
13802 1
13803 2
13804 1
13805 2
13806 1
13807 2
13808 1
13809 2
13810 1
13811 2
13812 1
13813 2
13814 1
13815 2
13816 1
13817 2
13818 1
13819 2
13820 1
13821 2
13822 1
13823 2
13824 1
13825 2
13826 1
13827 2
13828 1
13829 2
13830 1
13831 2
13832 1
13833 2
13834 1
13835 2
13836 1
13837 2
13838 1
13839 2
13840 1
13841 2
13842 1
13843 2
13844 1
13845 2
13846 1
13847 2
13848 1
13849 2
13850 1
13851 2
13852 1
13853 2
13854 1
13855 2
13856 1
13857 2
13858 1
13859 2
13860 1
13861 2
13862 1
13863 2
13864 1
13865 2
13866 1
13867 2
13868 1
13869 2
13870 1
13871 2
13872 1
13873 2
13874 1
13875 2
13876 1
13877 2
13878 1
13879 2
13880 1
13881 2
13882 1
13883 2
13884 1
13885 2
13886 1
13887 2
13888 1
13889 2
13890 1
13891 2
13892 1
13893 2
13894 1
13895 2
13896 1
13897 2
13898 1
13899 2
13900 1
13901 2
13902 1
13903 2
13904 1
13905 2
13906 1
13907 2
13908 1
13909 2
13910 1
13911 2
13912 1
13913 2
13914 1
13915 2
13916 1
13917 2
13918 1
13919 2
13920 1
13921 2
13922 1
13923 2
13924 1
13925 2
13926 1
13927 2
13928 1
13929 2
13930 1
13931 2
13932 1
13933 2
13934 1
13935 2
13936 1
13937 2
13938 1
13939 2
13940 1
13941 2
13942 1
13943 2
13944 1
13945 2
13946 1
13947 2
13948 1
13949 2
13950 1
13951 2
13952 1
13953 2
13954 1
13955 2
13956 1
13957 2
13958 1
13959 2
13960 1
13961 2
13962 1
13963 2
13964 1
13965 2
13966 1
13967 2
13968 1
13969 2
13970 1
13971 2
13972 1
13973 2
13974 1
13975 2
13976 1
13977 2
13978 1
13979 2
13980 1
13981 2
13982 1
13983 2
13984 1
13985 2
13986 1
13987 2
13988 1
13989 2
13990 1
13991 2
13992 1
13993 2
13994 1
13995 2
13996 1
13997 2
13998 1
13999 2
14000 1
14001 2
14002 1
14003 2
14004 1
14005 2
14006 1
14007 2
14008 1
14009 2
14010 1
14011 2
14012 1
14013 2
14014 1
14015 2
14016 1
14017 2
14018 1
14019 2
14020 1
14021 2
14022 1
14023 2
14024 1
14025 2
14026 1
14027 2
14028 1
14029 2
14030 1
14031 2
14032 1
14033 2
14034 1
14035 2
14036 1
14037 2
14038 1
14039 2
14040 1
14041 2
14042 1
14043 2
14044 1
14045 2
14046 1
14047 2
14048 1
14049 2
14050 1
14051 2
14052 1
14053 2
14054 1
14055 2
14056 1
14057 2
14058 1
14059 2
14060 1
14061 2
14062 1
14063 2
14064 1
14065 2
14066 1
14067 2
14068 1
14069 2
14070 1
14071 2
14072 1
14073 2
14074 1
14075 2
14076 1
14077 2
14078 1
14079 2
14080 1
14081 2
14082 1
14083 2
14084 1
14085 2
14086 1
14087 2
14088 1
14089 2
14090 1
14091 2
14092 1
14093 2
14094 1
14095 2
14096 1
14097 2
14098 1
14099 2
14100 1
14101 2
14102 1
14103 2
14104 1
14105 2
14106 1
14107 2
14108 1
14109 2
14110 1
14111 2
14112 1
14113 2
14114 1
14115 2
14116 1
14117 2
14118 1
14119 2
14120 1
14121 2
14122 1
14123 2
14124 1
14125 2
14126 1
14127 2
14128 1
14129 2
14130 1
14131 2
14132 1
14133 2
14134 1
14135 2
14136 1
14137 2
14138 1
14139 2
14140 1
14141 2
14142 1
14143 2
14144 1
14145 2
14146 1
14147 2
14148 1
14149 2
14150 1
14151 2
14152 1
14153 2
14154 1
14155 2
14156 1
14157 2
14158 1
14159 2
14160 1
14161 2
14162 1
14163 2
14164 1
14165 2
14166 1
14167 2
14168 1
14169 2
14170 1
14171 2
14172 1
14173 2
14174 1
14175 2
14176 1
14177 2
14178 1
14179 2
14180 1
14181 2
14182 1
14183 2
14184 1
14185 2
14186 1
14187 2
14188 1
14189 2
14190 1
14191 2
14192 1
14193 2
14194 1
14195 2
14196 1
14197 2
14198 1
14199 2
14200 1
14201 2
14202 1
14203 2
14204 1
14205 2
14206 1
14207 2
14208 1
14209 2
14210 1
14211 2
14212 1
14213 2
14214 1
14215 2
14216 1
14217 2
14218 1
14219 2
14220 1
14221 2
14222 1
14223 2
14224 1
14225 2
14226 1
14227 2
14228 1
14229 2
14230 1
14231 2
14232 1
14233 2
14234 1
14235 2
14236 1
14237 2
14238 1
14239 2
14240 1
14241 2
14242 1
14243 2
14244 1
14245 2
14246 1
14247 2
14248 1
14249 2
14250 1
14251 2
14252 1
14253 2
14254 1
14255 2
14256 1
14257 2
14258 1
14259 2
14260 1
14261 2
14262 1
14263 2
14264 1
14265 2
14266 1
14267 2
14268 1
14269 2
14270 1
14271 2
14272 1
14273 2
14274 1
14275 2
14276 1
14277 2
14278 1
14279 2
14280 1
14281 2
14282 1
14283 2
14284 1
14285 2
14286 1
14287 2
14288 1
14289 2
14290 1
14291 2
14292 1
14293 2
14294 1
14295 2
14296 1
14297 2
14298 1
14299 2
14300 1
14301 2
14302 1
14303 2
14304 1
14305 2
14306 1
14307 2
14308 1
14309 2
14310 1
14311 2
14312 1
14313 2
14314 1
14315 2
14316 1
14317 2
14318 1
14319 2
14320 1
14321 2
14322 1
14323 2
14324 1
14325 2
14326 1
14327 2
14328 1
14329 2
14330 1
14331 2
14332 1
14333 2
14334 1
14335 2
14336 1
14337 2
14338 1
14339 2
14340 1
14341 2
14342 1
14343 2
14344 1
14345 2
14346 1
14347 2
14348 1
14349 2
14350 1
14351 2
14352 1
14353 2
14354 1
14355 2
14356 1
14357 2
14358 1
14359 2
14360 1
14361 2
14362 1
14363 2
14364 1
14365 2
14366 1
14367 2
14368 1
14369 2
14370 1
14371 2
14372 1
14373 2
14374 1
14375 2
14376 1
14377 2
14378 1
14379 2
14380 1
14381 2
14382 1
14383 2
14384 1
14385 2
14386 1
14387 2
14388 1
14389 2
14390 1
14391 2
14392 1
14393 2
14394 1
14395 2
14396 1
14397 2
14398 1
14399 2
14400 1
14401 2
14402 1
14403 2
14404 1
14405 2
14406 1
14407 2
14408 1
14409 2
14410 1
14411 2
14412 1
14413 2
14414 1
14415 2
14416 1
14417 2
14418 1
14419 2
14420 1
14421 2
14422 1
14423 2
14424 1
14425 2
14426 1
14427 2
14428 1
14429 2
14430 1
14431 2
14432 1
14433 2
14434 1
14435 2
14436 1
14437 2
14438 1
14439 2
14440 1
14441 2
14442 1
14443 2
14444 1
14445 2
14446 1
14447 2
14448 1
14449 2
14450 1
14451 2
14452 1
14453 2
14454 1
14455 2
14456 1
14457 2
14458 1
14459 2
14460 1
14461 2
14462 1
14463 2
14464 1
14465 2
14466 1
14467 2
14468 1
14469 2
14470 1
14471 2
14472 1
14473 2
14474 1
14475 2
14476 1
14477 2
14478 1
14479 2
14480 1
14481 2
14482 1
14483 2
14484 1
14485 2
14486 1
14487 2
14488 1
14489 2
14490 1
14491 2
14492 1
14493 2
14494 1
14495 2
14496 1
14497 2
14498 1
14499 2
14500 1
14501 2
14502 1
14503 2
14504 1
14505 2
14506 1
14507 2
14508 1
14509 2
14510 1
14511 2
14512 1
14513 2
14514 1
14515 2
14516 1
14517 2
14518 1
14519 2
14520 1
14521 2
14522 1
14523 2
14524 1
14525 2
14526 1
14527 2
14528 1
14529 2
14530 1
14531 2
14532 1
14533 2
14534 1
14535 2
14536 1
14537 2
14538 1
14539 2
14540 1
14541 2
14542 1
14543 2
14544 1
14545 2
14546 1
14547 2
14548 1
14549 2
14550 1
14551 2
14552 1
14553 2
14554 1
14555 2
14556 1
14557 2
14558 1
14559 2
14560 1
14561 2
14562 1
14563 2
14564 1
14565 2
14566 1
14567 2
14568 1
14569 2
14570 1
14571 2
14572 1
14573 2
14574 1
14575 2
14576 1
14577 2
14578 1
14579 2
14580 1
14581 2
14582 1
14583 2
14584 1
14585 2
14586 1
14587 2
14588 1
14589 2
14590 1
14591 2
14592 1
14593 2
14594 1
14595 2
14596 1
14597 2
14598 1
14599 2
14600 1
14601 2
14602 1
14603 2
14604 1
14605 2
14606 1
14607 2
14608 1
14609 2
14610 1
14611 2
14612 1
14613 2
14614 1
14615 2
14616 1
14617 2
14618 1
14619 2
14620 1
14621 2
14622 1
14623 2
14624 1
14625 2
14626 1
14627 2
14628 1
14629 2
14630 1
14631 2
14632 1
14633 2
14634 1
14635 2
14636 1
14637 2
14638 1
14639 2
14640 1
14641 2
14642 1
14643 2
14644 1
14645 2
14646 1
14647 2
14648 1
14649 2
14650 1
14651 2
14652 1
14653 2
14654 1
14655 2
14656 1
14657 2
14658 1
14659 2
14660 1
14661 2
14662 1
14663 2
14664 1
14665 2
14666 1
14667 2
14668 1
14669 2
14670 1
14671 2
14672 1
14673 2
14674 1
14675 2
14676 1
14677 2
14678 1
14679 2
14680 1
14681 2
14682 1
14683 2
14684 1
14685 2
14686 1
14687 2
14688 1
14689 2
14690 1
14691 2
14692 1
14693 2
14694 1
14695 2
14696 1
14697 2
14698 1
14699 2
14700 1
14701 2
14702 1
14703 2
14704 1
14705 2
14706 1
14707 2
14708 1
14709 2
14710 1
14711 2
14712 1
14713 2
14714 1
14715 2
14716 1
14717 2
14718 1
14719 2
14720 1
14721 2
14722 1
14723 2
14724 1
14725 2
14726 1
14727 2
14728 1
14729 2
14730 1
14731 2
14732 1
14733 2
14734 1
14735 2
14736 1
14737 2
14738 1
14739 2
14740 1
14741 2
14742 1
14743 2
14744 1
14745 2
14746 1
14747 2
14748 1
14749 2
14750 1
14751 2
14752 1
14753 2
14754 1
14755 2
14756 1
14757 2
14758 1
14759 2
14760 1
14761 2
14762 1
14763 2
14764 1
14765 2
14766 1
14767 2
14768 1
14769 2
14770 1
14771 2
14772 1
14773 2
14774 1
14775 2
14776 1
14777 2
14778 1
14779 2
14780 1
14781 2
14782 1
14783 2
14784 1
14785 2
14786 1
14787 2
14788 1
14789 2
14790 1
14791 2
14792 1
14793 2
14794 1
14795 2
14796 1
14797 2
14798 1
14799 2
14800 1
14801 2
14802 1
14803 2
14804 1
14805 2
14806 1
14807 2
14808 1
14809 2
14810 1
14811 2
14812 1
14813 2
14814 1
14815 2
14816 1
14817 2
14818 1
14819 2
14820 1
14821 2
14822 1
14823 2
14824 1
14825 2
14826 1
14827 2
14828 1
14829 2
14830 1
14831 2
14832 1
14833 2
14834 1
14835 2
14836 1
14837 2
14838 1
14839 2
14840 1
14841 2
14842 1
14843 2
14844 1
14845 2
14846 1
14847 2
14848 1
14849 2
14850 1
14851 2
14852 1
14853 2
14854 1
14855 2
14856 1
14857 2
14858 1
14859 2
14860 1
14861 2
14862 1
14863 2
14864 1
14865 2
14866 1
14867 2
14868 1
14869 2
14870 1
14871 2
14872 1
14873 2
14874 1
14875 2
14876 1
14877 2
14878 1
14879 2
14880 1
14881 2
14882 1
14883 2
14884 1
14885 2
14886 1
14887 2
14888 1
14889 2
14890 1
14891 2
14892 1
14893 2
14894 1
14895 2
14896 1
14897 2
14898 1
14899 2
14900 1
14901 2
14902 1
14903 2
14904 1
14905 2
14906 1
14907 2
14908 1
14909 2
14910 1
14911 2
14912 1
14913 2
14914 1
14915 2
14916 1
14917 2
14918 1
14919 2
14920 1
14921 2
14922 1
14923 2
14924 1
14925 2
14926 1
14927 2
14928 1
14929 2
14930 1
14931 2
14932 1
14933 2
14934 1
14935 2
14936 1
14937 2
14938 1
14939 2
14940 1
14941 2
14942 1
14943 2
14944 1
14945 2
14946 1
14947 2
14948 1
14949 2
14950 1
14951 2
14952 1
14953 2
14954 1
14955 2
14956 1
14957 2
14958 1
14959 2
14960 1
14961 2
14962 1
14963 2
14964 1
14965 2
14966 1
14967 2
14968 1
14969 2
14970 1
14971 2
14972 1
14973 2
14974 1
14975 2
14976 1
14977 2
14978 1
14979 2
14980 1
14981 2
14982 1
14983 2
14984 1
14985 2
14986 1
14987 2
14988 1
14989 2
14990 1
14991 2
14992 1
14993 2
14994 1
14995 2
14996 1
14997 2
14998 1
14999 2
15000 1
15001 2
15002 1
15003 2
15004 1
15005 2
15006 1
15007 2
15008 1
15009 2
15010 1
15011 2
15012 1
15013 2
15014 1
15015 2
15016 1
15017 2
15018 1
15019 2
15020 1
15021 2
15022 1
15023 2
15024 1
15025 2
15026 1
15027 2
15028 1
15029 2
15030 1
15031 2
15032 1
15033 2
15034 1
15035 2
15036 1
15037 2
15038 1
15039 2
15040 1
15041 2
15042 1
15043 2
15044 1
15045 2
15046 1
15047 2
15048 1
15049 2
15050 1
15051 2
15052 1
15053 2
15054 1
15055 2
15056 1
15057 2
15058 1
15059 2
15060 1
15061 2
15062 1
15063 2
15064 1
15065 2
15066 1
15067 2
15068 1
15069 2
15070 1
15071 2
15072 1
15073 2
15074 1
15075 2
15076 1
15077 2
15078 1
15079 2
15080 1
15081 2
15082 1
15083 2
15084 1
15085 2
15086 1
15087 2
15088 1
15089 2
15090 1
15091 2
15092 1
15093 2
15094 1
15095 2
15096 1
15097 2
15098 1
15099 2
15100 1
15101 2
15102 1
15103 2
15104 1
15105 2
15106 1
15107 2
15108 1
15109 2
15110 1
15111 2
15112 1
15113 2
15114 1
15115 2
15116 1
15117 2
15118 1
15119 2
15120 1
15121 2
15122 1
15123 2
15124 1
15125 2
15126 1
15127 2
15128 1
15129 2
15130 1
15131 2
15132 1
15133 2
15134 1
15135 2
15136 1
15137 2
15138 1
15139 2
15140 1
15141 2
15142 1
15143 2
15144 1
15145 2
15146 1
15147 2
15148 1
15149 2
15150 1
15151 2
15152 1
15153 2
15154 1
15155 2
15156 1
15157 2
15158 1
15159 2
15160 1
15161 2
15162 1
15163 2
15164 1
15165 2
15166 1
15167 2
15168 1
15169 2
15170 1
15171 2
15172 1
15173 2
15174 1
15175 2
15176 1
15177 2
15178 1
15179 2
15180 1
15181 2
15182 1
15183 2
15184 1
15185 2
15186 1
15187 2
15188 1
15189 2
15190 1
15191 2
15192 1
15193 2
15194 1
15195 2
15196 1
15197 2
15198 1
15199 2
15200 1
15201 2
15202 1
15203 2
15204 1
15205 2
15206 1
15207 2
15208 1
15209 2
15210 1
15211 2
15212 1
15213 2
15214 1
15215 2
15216 1
15217 2
15218 1
15219 2
15220 1
15221 2
15222 1
15223 2
15224 1
15225 2
15226 1
15227 2
15228 1
15229 2
15230 1
15231 2
15232 1
15233 2
15234 1
15235 2
15236 1
15237 2
15238 1
15239 2
15240 1
15241 2
15242 1
15243 2
15244 1
15245 2
15246 1
15247 2
15248 1
15249 2
15250 1
15251 2
15252 1
15253 2
15254 1
15255 2
15256 1
15257 2
15258 1
15259 2
15260 1
15261 2
15262 1
15263 2
15264 1
15265 2
15266 1
15267 2
15268 1
15269 2
15270 1
15271 2
15272 1
15273 2
15274 1
15275 2
15276 1
15277 2
15278 1
15279 2
15280 1
15281 2
15282 1
15283 2
15284 1
15285 2
15286 1
15287 2
15288 1
15289 2
15290 1
15291 2
15292 1
15293 2
15294 1
15295 2
15296 1
15297 2
15298 1
15299 2
15300 1
15301 2
15302 1
15303 2
15304 1
15305 2
15306 1
15307 2
15308 1
15309 2
15310 1
15311 2
15312 1
15313 2
15314 1
15315 2
15316 1
15317 2
15318 1
15319 2
15320 1
15321 2
15322 1
15323 2
15324 1
15325 2
15326 1
15327 2
15328 1
15329 2
15330 1
15331 2
15332 1
15333 2
15334 1
15335 2
15336 1
15337 2
15338 1
15339 2
15340 1
15341 2
15342 1
15343 2
15344 1
15345 2
15346 1
15347 2
15348 1
15349 2
15350 1
15351 2
15352 1
15353 2
15354 1
15355 2
15356 1
15357 2
15358 1
15359 2
15360 1
15361 2
15362 1
15363 2
15364 1
15365 2
15366 1
15367 2
15368 1
15369 2
15370 1
15371 2
15372 1
15373 2
15374 1
15375 2
15376 1
15377 2
15378 1
15379 2
15380 1
15381 2
15382 1
15383 2
15384 1
15385 2
15386 1
15387 2
15388 1
15389 2
15390 1
15391 2
15392 1
15393 2
15394 1
15395 2
15396 1
15397 2
15398 1
15399 2
15400 1
15401 2
15402 1
15403 2
15404 1
15405 2
15406 1
15407 2
15408 1
15409 2
15410 1
15411 2
15412 1
15413 2
15414 1
15415 2
15416 1
15417 2
15418 1
15419 2
15420 1
15421 2
15422 1
15423 2
15424 1
15425 2
15426 1
15427 2
15428 1
15429 2
15430 1
15431 2
15432 1
15433 2
15434 1
15435 2
15436 1
15437 2
15438 1
15439 2
15440 1
15441 2
15442 1
15443 2
15444 1
15445 2
15446 1
15447 2
15448 1
15449 2
15450 1
15451 2
15452 1
15453 2
15454 1
15455 2
15456 1
15457 2
15458 1
15459 2
15460 1
15461 2
15462 1
15463 2
15464 1
15465 2
15466 1
15467 2
15468 1
15469 2
15470 1
15471 2
15472 1
15473 2
15474 1
15475 2
15476 1
15477 2
15478 1
15479 2
15480 1
15481 2
15482 1
15483 2
15484 1
15485 2
15486 1
15487 2
15488 1
15489 2
15490 1
15491 2
15492 1
15493 2
15494 1
15495 2
15496 1
15497 2
15498 1
15499 2
15500 1
15501 2
15502 1
15503 2
15504 1
15505 2
15506 1
15507 2
15508 1
15509 2
15510 1
15511 2
15512 1
15513 2
15514 1
15515 2
15516 1
15517 2
15518 1
15519 2
15520 1
15521 2
15522 1
15523 2
15524 1
15525 2
15526 1
15527 2
15528 1
15529 2
15530 1
15531 2
15532 1
15533 2
15534 1
15535 2
15536 1
15537 2
15538 1
15539 2
15540 1
15541 2
15542 1
15543 2
15544 1
15545 2
15546 1
15547 2
15548 1
15549 2
15550 1
15551 2
15552 1
15553 2
15554 1
15555 2
15556 1
15557 2
15558 1
15559 2
15560 1
15561 2
15562 1
15563 2
15564 1
15565 2
15566 1
15567 2
15568 1
15569 2
15570 1
15571 2
15572 1
15573 2
15574 1
15575 2
15576 1
15577 2
15578 1
15579 2
15580 1
15581 2
15582 1
15583 2
15584 1
15585 2
15586 1
15587 2
15588 1
15589 2
15590 1
15591 2
15592 1
15593 2
15594 1
15595 2
15596 1
15597 2
15598 1
15599 2
15600 1
15601 2
15602 1
15603 2
15604 1
15605 2
15606 1
15607 2
15608 1
15609 2
15610 1
15611 2
15612 1
15613 2
15614 1
15615 2
15616 1
15617 2
15618 1
15619 2
15620 1
15621 2
15622 1
15623 2
15624 1
15625 2
15626 1
15627 2
15628 1
15629 2
15630 1
15631 2
15632 1
15633 2
15634 1
15635 2
15636 1
15637 2
15638 1
15639 2
15640 1
15641 2
15642 1
15643 2
15644 1
15645 2
15646 1
15647 2
15648 1
15649 2
15650 1
15651 2
15652 1
15653 2
15654 1
15655 2
15656 1
15657 2
15658 1
15659 2
15660 1
15661 2
15662 1
15663 2
15664 1
15665 2
15666 1
15667 2
15668 1
15669 2
15670 1
15671 2
15672 1
15673 2
15674 1
15675 2
15676 1
15677 2
15678 1
15679 2
15680 1
15681 2
15682 1
15683 2
15684 1
15685 2
15686 1
15687 2
15688 1
15689 2
15690 1
15691 2
15692 1
15693 2
15694 1
15695 2
15696 1
15697 2
15698 1
15699 2
15700 1
15701 2
15702 1
15703 2
15704 1
15705 2
15706 1
15707 2
15708 1
15709 2
15710 1
15711 2
15712 1
15713 2
15714 1
15715 2
15716 1
15717 2
15718 1
15719 2
15720 1
15721 2
15722 1
15723 2
15724 1
15725 2
15726 1
15727 2
15728 1
15729 2
15730 1
15731 2
15732 1
15733 2
15734 1
15735 2
15736 1
15737 2
15738 1
15739 2
15740 1
15741 2
15742 1
15743 2
15744 1
15745 2
15746 1
15747 2
15748 1
15749 2
15750 1
15751 2
15752 1
15753 2
15754 1
15755 2
15756 1
15757 2
15758 1
15759 2
15760 1
15761 2
15762 1
15763 2
15764 1
15765 2
15766 1
15767 2
15768 1
15769 2
15770 1
15771 2
15772 1
15773 2
15774 1
15775 2
15776 1
15777 2
15778 1
15779 2
15780 1
15781 2
15782 1
15783 2
15784 1
15785 2
15786 1
15787 2
15788 1
15789 2
15790 1
15791 2
15792 1
15793 2
15794 1
15795 2
15796 1
15797 2
15798 1
15799 2
15800 1
15801 2
15802 1
15803 2
15804 1
15805 2
15806 1
15807 2
15808 1
15809 2
15810 1
15811 2
15812 1
15813 2
15814 1
15815 2
15816 1
15817 2
15818 1
15819 2
15820 1
15821 2
15822 1
15823 2
15824 1
15825 2
15826 1
15827 2
15828 1
15829 2
15830 1
15831 2
15832 1
15833 2
15834 1
15835 2
15836 1
15837 2
15838 1
15839 2
15840 1
15841 2
15842 1
15843 2
15844 1
15845 2
15846 1
15847 2
15848 1
15849 2
15850 1
15851 2
15852 1
15853 2
15854 1
15855 2
15856 1
15857 2
15858 1
15859 2
15860 1
15861 2
15862 1
15863 2
15864 1
15865 2
15866 1
15867 2
15868 1
15869 2
15870 1
15871 2
15872 1
15873 2
15874 1
15875 2
15876 1
15877 2
15878 1
15879 2
15880 1
15881 2
15882 1
15883 2
15884 1
15885 2
15886 1
15887 2
15888 1
15889 2
15890 1
15891 2
15892 1
15893 2
15894 1
15895 2
15896 1
15897 2
15898 1
15899 2
15900 1
15901 2
15902 1
15903 2
15904 1
15905 2
15906 1
15907 2
15908 1
15909 2
15910 1
15911 2
15912 1
15913 2
15914 1
15915 2
15916 1
15917 2
15918 1
15919 2
15920 1
15921 2
15922 1
15923 2
15924 1
15925 2
15926 1
15927 2
15928 1
15929 2
15930 1
15931 2
15932 1
15933 2
15934 1
15935 2
15936 1
15937 2
15938 1
15939 2
15940 1
15941 2
15942 1
15943 2
15944 1
15945 2
15946 1
15947 2
15948 1
15949 2
15950 1
15951 2
15952 1
15953 2
15954 1
15955 2
15956 1
15957 2
15958 1
15959 2
15960 1
15961 2
15962 1
15963 2
15964 1
15965 2
15966 1
15967 2
15968 1
15969 2
15970 1
15971 2
15972 1
15973 2
15974 1
15975 2
15976 1
15977 2
15978 1
15979 2
15980 1
15981 2
15982 1
15983 2
15984 1
15985 2
15986 1
15987 2
15988 1
15989 2
15990 1
15991 2
15992 1
15993 2
15994 1
15995 2
15996 1
15997 2
15998 1
15999 2
16000 1
16001 2
16002 1
16003 2
16004 1
16005 2
16006 1
16007 2
16008 1
16009 2
16010 1
16011 2
16012 1
16013 2
16014 1
16015 2
16016 1
16017 2
16018 1
16019 2
16020 1
16021 2
16022 1
16023 2
16024 1
16025 2
16026 1
16027 2
16028 1
16029 2
16030 1
16031 2
16032 1
16033 2
16034 1
16035 2
16036 1
16037 2
16038 1
16039 2
16040 1
16041 2
16042 1
16043 2
16044 1
16045 2
16046 1
16047 2
16048 1
16049 2
16050 1
16051 2
16052 1
16053 2
16054 1
16055 2
16056 1
16057 2
16058 1
16059 2
16060 1
16061 2
16062 1
16063 2
16064 1
16065 2
16066 1
16067 2
16068 1
16069 2
16070 1
16071 2
16072 1
16073 2
16074 1
16075 2
16076 1
16077 2
16078 1
16079 2
16080 1
16081 2
16082 1
16083 2
16084 1
16085 2
16086 1
16087 2
16088 1
16089 2
16090 1
16091 2
16092 1
16093 2
16094 1
16095 2
16096 1
16097 2
16098 1
16099 2
16100 1
16101 2
16102 1
16103 2
16104 1
16105 2
16106 1
16107 2
16108 1
16109 2
16110 1
16111 2
16112 1
16113 2
16114 1
16115 2
16116 1
16117 2
16118 1
16119 2
16120 1
16121 2
16122 1
16123 2
16124 1
16125 2
16126 1
16127 2
16128 1
16129 2
16130 1
16131 2
16132 1
16133 2
16134 1
16135 2
16136 1
16137 2
16138 1
16139 2
16140 1
16141 2
16142 1
16143 2
16144 1
16145 2
16146 1
16147 2
16148 1
16149 2
16150 1
16151 2
16152 1
16153 2
16154 1
16155 2
16156 1
16157 2
16158 1
16159 2
16160 1
16161 2
16162 1
16163 2
16164 1
16165 2
16166 1
16167 2
16168 1
16169 2
16170 1
16171 2
16172 1
16173 2
16174 1
16175 2
16176 1
16177 2
16178 1
16179 2
16180 1
16181 2
16182 1
16183 2
16184 1
16185 2
16186 1
16187 2
16188 1
16189 2
16190 1
16191 2
16192 1
16193 2
16194 1
16195 2
16196 1
16197 2
16198 1
16199 2
16200 1
16201 2
16202 1
16203 2
16204 1
16205 2
16206 1
16207 2
16208 1
16209 2
16210 1
16211 2
16212 1
16213 2
16214 1
16215 2
16216 1
16217 2
16218 1
16219 2
16220 1
16221 2
16222 1
16223 2
16224 1
16225 2
16226 1
16227 2
16228 1
16229 2
16230 1
16231 2
16232 1
16233 2
16234 1
16235 2
16236 1
16237 2
16238 1
16239 2
16240 1
16241 2
16242 1
16243 2
16244 1
16245 2
16246 1
16247 2
16248 1
16249 2
16250 1
16251 2
16252 1
16253 2
16254 1
16255 2
16256 1
16257 2
16258 1
16259 2
16260 1
16261 2
16262 1
16263 2
16264 1
16265 2
16266 1
16267 2
16268 1
16269 2
16270 1
16271 2
16272 1
16273 2
16274 1
16275 2
16276 1
16277 2
16278 1
16279 2
16280 1
16281 2
16282 1
16283 2
16284 1
16285 2
16286 1
16287 2
16288 1
16289 2
16290 1
16291 2
16292 1
16293 2
16294 1
16295 2
16296 1
16297 2
16298 1
16299 2
16300 1
16301 2
16302 1
16303 2
16304 1
16305 2
16306 1
16307 2
16308 1
16309 2
16310 1
16311 2
16312 1
16313 2
16314 1
16315 2
16316 1
16317 2
16318 1
16319 2
16320 1
16321 2
16322 1
16323 2
16324 1
16325 2
16326 1
16327 2
16328 1
16329 2
16330 1
16331 2
16332 1
16333 2
16334 1
16335 2
16336 1
16337 2
16338 1
16339 2
16340 1
16341 2
16342 1
16343 2
16344 1
16345 2
16346 1
16347 2
16348 1
16349 2
16350 1
16351 2
16352 1
16353 2
16354 1
16355 2
16356 1
16357 2
16358 1
16359 2
16360 1
16361 2
16362 1
16363 2
16364 1
16365 2
16366 1
16367 2
16368 1
16369 2
16370 1
16371 2
16372 1
16373 2
16374 1
16375 2
16376 1
16377 2
16378 1
16379 2
16380 1
16381 2
16382 1
16383 2
16384 1
16385 2
16386 1
16387 2
16388 1
16389 2
16390 1
16391 2
16392 1
16393 2
16394 1
16395 2
16396 1
16397 2
16398 1
16399 2
16400 1
16401 2
16402 1
16403 2
16404 1
16405 2
16406 1
16407 2
16408 1
16409 2
16410 1
16411 2
16412 1
16413 2
16414 1
16415 2
16416 1
16417 2
16418 1
16419 2
16420 1
16421 2
16422 1
16423 2
16424 1
16425 2
16426 1
16427 2
16428 1
16429 2
16430 1
16431 2
16432 1
16433 2
16434 1
16435 2
16436 1
16437 2
16438 1
16439 2
16440 1
16441 2
16442 1
16443 2
16444 1
16445 2
16446 1
16447 2
16448 1
16449 2
16450 1
16451 2
16452 1
16453 2
16454 1
16455 2
16456 1
16457 2
16458 1
16459 2
16460 1
16461 2
16462 1
16463 2
16464 1
16465 2
16466 1
16467 2
16468 1
16469 2
16470 1
16471 2
16472 1
16473 2
16474 1
16475 2
16476 1
16477 2
16478 1
16479 2
16480 1
16481 2
16482 1
16483 2
16484 1
16485 2
16486 1
16487 2
16488 1
16489 2
16490 1
16491 2
16492 1
16493 2
16494 1
16495 2
16496 1
16497 2
16498 1
16499 2
16500 1
16501 2
16502 1
16503 2
16504 1
16505 2
16506 1
16507 2
16508 1
16509 2
16510 1
16511 2
16512 1
16513 2
16514 1
16515 2
16516 1
16517 2
16518 1
16519 2
16520 1
16521 2
16522 1
16523 2
16524 1
16525 2
16526 1
16527 2
16528 1
16529 2
16530 1
16531 2
16532 1
16533 2
16534 1
16535 2
16536 1
16537 2
16538 1
16539 2
16540 1
16541 2
16542 1
16543 2
16544 1
16545 2
16546 1
16547 2
16548 1
16549 2
16550 1
16551 2
16552 1
16553 2
16554 1
16555 2
16556 1
16557 2
16558 1
16559 2
16560 1
16561 2
16562 1
16563 2
16564 1
16565 2
16566 1
16567 2
16568 1
16569 2
16570 1
16571 2
16572 1
16573 2
16574 1
16575 2
16576 1
16577 2
16578 1
16579 2
16580 1
16581 2
16582 1
16583 2
16584 1
16585 2
16586 1
16587 2
16588 1
16589 2
16590 1
16591 2
16592 1
16593 2
16594 1
16595 2
16596 1
16597 2
16598 1
16599 2
16600 1
16601 2
16602 1
16603 2
16604 1
16605 2
16606 1
16607 2
16608 1
16609 2
16610 1
16611 2
16612 1
16613 2
16614 1
16615 2
16616 1
16617 2
16618 1
16619 2
16620 1
16621 2
16622 1
16623 2
16624 1
16625 2
16626 1
16627 2
16628 1
16629 2
16630 1
16631 2
16632 1
16633 2
16634 1
16635 2
16636 1
16637 2
16638 1
16639 2
16640 1
16641 2
16642 1
16643 2
16644 1
16645 2
16646 1
16647 2
16648 1
16649 2
16650 1
16651 2
16652 1
16653 2
16654 1
16655 2
16656 1
16657 2
16658 1
16659 2
16660 1
16661 2
16662 1
16663 2
16664 1
16665 2
16666 1
16667 2
16668 1
16669 2
16670 1
16671 2
16672 1
16673 2
16674 1
16675 2
16676 1
16677 2
16678 1
16679 2
16680 1
16681 2
16682 1
16683 2
16684 1
16685 2
16686 1
16687 2
16688 1
16689 2
16690 1
16691 2
16692 1
16693 2
16694 1
16695 2
16696 1
16697 2
16698 1
16699 2
16700 1
16701 2
16702 1
16703 2
16704 1
16705 2
16706 1
16707 2
16708 1
16709 2
16710 1
16711 2
16712 1
16713 2
16714 1
16715 2
16716 1
16717 2
16718 1
16719 2
16720 1
16721 2
16722 1
16723 2
16724 1
16725 2
16726 1
16727 2
16728 1
16729 2
16730 1
16731 2
16732 1
16733 2
16734 1
16735 2
16736 1
16737 2
16738 1
16739 2
16740 1
16741 2
16742 1
16743 2
16744 1
16745 2
16746 1
16747 2
16748 1
16749 2
16750 1
16751 2
16752 1
16753 2
16754 1
16755 2
16756 1
16757 2
16758 1
16759 2
16760 1
16761 2
16762 1
16763 2
16764 1
16765 2
16766 1
16767 2
16768 1
16769 2
16770 1
16771 2
16772 1
16773 2
16774 1
16775 2
16776 1
16777 2
16778 1
16779 2
16780 1
16781 2
16782 1
16783 2
16784 1
16785 2
16786 1
16787 2
16788 1
16789 2
16790 1
16791 2
16792 1
16793 2
16794 1
16795 2
16796 1
16797 2
16798 1
16799 2
16800 1
16801 2
16802 1
16803 2
16804 1
16805 2
16806 1
16807 2
16808 1
16809 2
16810 1
16811 2
16812 1
16813 2
16814 1
16815 2
16816 1
16817 2
16818 1
16819 2
16820 1
16821 2
16822 1
16823 2
16824 1
16825 2
16826 1
16827 2
16828 1
16829 2
16830 1
16831 2
16832 1
16833 2
16834 1
16835 2
16836 1
16837 2
16838 1
16839 2
16840 1
16841 2
16842 1
16843 2
16844 1
16845 2
16846 1
16847 2
16848 1
16849 2
16850 1
16851 2
16852 1
16853 2
16854 1
16855 2
16856 1
16857 2
16858 1
16859 2
16860 1
16861 2
16862 1
16863 2
16864 1
16865 2
16866 1
16867 2
16868 1
16869 2
16870 1
16871 2
16872 1
16873 2
16874 1
16875 2
16876 1
16877 2
16878 1
16879 2
16880 1
16881 2
16882 1
16883 2
16884 1
16885 2
16886 1
16887 2
16888 1
16889 2
16890 1
16891 2
16892 1
16893 2
16894 1
16895 2
16896 1
16897 2
16898 1
16899 2
16900 1
16901 2
16902 1
16903 2
16904 1
16905 2
16906 1
16907 2
16908 1
16909 2
16910 1
16911 2
16912 1
16913 2
16914 1
16915 2
16916 1
16917 2
16918 1
16919 2
16920 1
16921 2
16922 1
16923 2
16924 1
16925 2
16926 1
16927 2
16928 1
16929 2
16930 1
16931 2
16932 1
16933 2
16934 1
16935 2
16936 1
16937 2
16938 1
16939 2
16940 1
16941 2
16942 1
16943 2
16944 1
16945 2
16946 1
16947 2
16948 1
16949 2
16950 1
16951 2
16952 1
16953 2
16954 1
16955 2
16956 1
16957 2
16958 1
16959 2
16960 1
16961 2
16962 1
16963 2
16964 1
16965 2
16966 1
16967 2
16968 1
16969 2
16970 1
16971 2
16972 1
16973 2
16974 1
16975 2
16976 1
16977 2
16978 1
16979 2
16980 1
16981 2
16982 1
16983 2
16984 1
16985 2
16986 1
16987 2
16988 1
16989 2
16990 1
16991 2
16992 1
16993 2
16994 1
16995 2
16996 1
16997 2
16998 1
16999 2
17000 1
17001 2
17002 1
17003 2
17004 1
17005 2
17006 1
17007 2
17008 1
17009 2
17010 1
17011 2
17012 1
17013 2
17014 1
17015 2
17016 1
17017 2
17018 1
17019 2
17020 1
17021 2
17022 1
17023 2
17024 1
17025 2
17026 1
17027 2
17028 1
17029 2
17030 1
17031 2
17032 1
17033 2
17034 1
17035 2
17036 1
17037 2
17038 1
17039 2
17040 1
17041 2
17042 1
17043 2
17044 1
17045 2
17046 1
17047 2
17048 1
17049 2
17050 1
17051 2
17052 1
17053 2
17054 1
17055 2
17056 1
17057 2
17058 1
17059 2
17060 1
17061 2
17062 1
17063 2
17064 1
17065 2
17066 1
17067 2
17068 1
17069 2
17070 1
17071 2
17072 1
17073 2
17074 1
17075 2
17076 1
17077 2
17078 1
17079 2
17080 1
17081 2
17082 1
17083 2
17084 1
17085 2
17086 1
17087 2
17088 1
17089 2
17090 1
17091 2
17092 1
17093 2
17094 1
17095 2
17096 1
17097 2
17098 1
17099 2
17100 1
17101 2
17102 1
17103 2
17104 1
17105 2
17106 1
17107 2
17108 1
17109 2
17110 1
17111 2
17112 1
17113 2
17114 1
17115 2
17116 1
17117 2
17118 1
17119 2
17120 1
17121 2
17122 1
17123 2
17124 1
17125 2
17126 1
17127 2
17128 1
17129 2
17130 1
17131 2
17132 1
17133 2
17134 1
17135 2
17136 1
17137 2
17138 1
17139 2
17140 1
17141 2
17142 1
17143 2
17144 1
17145 2
17146 1
17147 2
17148 1
17149 2
17150 1
17151 2
17152 1
17153 2
17154 1
17155 2
17156 1
17157 2
17158 1
17159 2
17160 1
17161 2
17162 1
17163 2
17164 1
17165 2
17166 1
17167 2
17168 1
17169 2
17170 1
17171 2
17172 1
17173 2
17174 1
17175 2
17176 1
17177 2
17178 1
17179 2
17180 1
17181 2
17182 1
17183 2
17184 1
17185 2
17186 1
17187 2
17188 1
17189 2
17190 1
17191 2
17192 1
17193 2
17194 1
17195 2
17196 1
17197 2
17198 1
17199 2
17200 1
17201 2
17202 1
17203 2
17204 1
17205 2
17206 1
17207 2
17208 1
17209 2
17210 1
17211 2
17212 1
17213 2
17214 1
17215 2
17216 1
17217 2
17218 1
17219 2
17220 1
17221 2
17222 1
17223 2
17224 1
17225 2
17226 1
17227 2
17228 1
17229 2
17230 1
17231 2
17232 1
17233 2
17234 1
17235 2
17236 1
17237 2
17238 1
17239 2
17240 1
17241 2
17242 1
17243 2
17244 1
17245 2
17246 1
17247 2
17248 1
17249 2
17250 1
17251 2
17252 1
17253 2
17254 1
17255 2
17256 1
17257 2
17258 1
17259 2
17260 1
17261 2
17262 1
17263 2
17264 1
17265 2
17266 1
17267 2
17268 1
17269 2
17270 1
17271 2
17272 1
17273 2
17274 1
17275 2
17276 1
17277 2
17278 1
17279 2
17280 1
17281 2
17282 1
17283 2
17284 1
17285 2
17286 1
17287 2
17288 1
17289 2
17290 1
17291 2
17292 1
17293 2
17294 1
17295 2
17296 1
17297 2
17298 1
17299 2
17300 1
17301 2
17302 1
17303 2
17304 1
17305 2
17306 1
17307 2
17308 1
17309 2
17310 1
17311 2
17312 1
17313 2
17314 1
17315 2
17316 1
17317 2
17318 1
17319 2
17320 1
17321 2
17322 1
17323 2
17324 1
17325 2
17326 1
17327 2
17328 1
17329 2
17330 1
17331 2
17332 1
17333 2
17334 1
17335 2
17336 1
17337 2
17338 1
17339 2
17340 1
17341 2
17342 1
17343 2
17344 1
17345 2
17346 1
17347 2
17348 1
17349 2
17350 1
17351 2
17352 1
17353 2
17354 1
17355 2
17356 1
17357 2
17358 1
17359 2
17360 1
17361 2
17362 1
17363 2
17364 1
17365 2
17366 1
17367 2
17368 1
17369 2
17370 1
17371 2
17372 1
17373 2
17374 1
17375 2
17376 1
17377 2
17378 1
17379 2
17380 1
17381 2
17382 1
17383 2
17384 1
17385 2
17386 1
17387 2
17388 1
17389 2
17390 1
17391 2
17392 1
17393 2
17394 1
17395 2
17396 1
17397 2
17398 1
17399 2
17400 1
17401 2
17402 1
17403 2
17404 1
17405 2
17406 1
17407 2
17408 1
17409 2
17410 1
17411 2
17412 1
17413 2
17414 1
17415 2
17416 1
17417 2
17418 1
17419 2
17420 1
17421 2
17422 1
17423 2
17424 1
17425 2
17426 1
17427 2
17428 1
17429 2
17430 1
17431 2
17432 1
17433 2
17434 1
17435 2
17436 1
17437 2
17438 1
17439 2
17440 1
17441 2
17442 1
17443 2
17444 1
17445 2
17446 1
17447 2
17448 1
17449 2
17450 1
17451 2
17452 1
17453 2
17454 1
17455 2
17456 1
17457 2
17458 1
17459 2
17460 1
17461 2
17462 1
17463 2
17464 1
17465 2
17466 1
17467 2
17468 1
17469 2
17470 1
17471 2
17472 1
17473 2
17474 1
17475 2
17476 1
17477 2
17478 1
17479 2
17480 1
17481 2
17482 1
17483 2
17484 1
17485 2
17486 1
17487 2
17488 1
17489 2
17490 1
17491 2
17492 1
17493 2
17494 1
17495 2
17496 1
17497 2
17498 1
17499 2
17500 1
17501 2
17502 1
17503 2
17504 1
17505 2
17506 1
17507 2
17508 1
17509 2
17510 1
17511 2
17512 1
17513 2
17514 1
17515 2
17516 1
17517 2
17518 1
17519 2
17520 1
17521 2
17522 1
17523 2
17524 1
17525 2
17526 1
17527 2
17528 1
17529 2
17530 1
17531 2
17532 1
17533 2
17534 1
17535 2
17536 1
17537 2
17538 1
17539 2
17540 1
17541 2
17542 1
17543 2
17544 1
17545 2
17546 1
17547 2
17548 1
17549 2
17550 1
17551 2
17552 1
17553 2
17554 1
17555 2
17556 1
17557 2
17558 1
17559 2
17560 1
17561 2
17562 1
17563 2
17564 1
17565 2
17566 1
17567 2
17568 1
17569 2
17570 1
17571 2
17572 1
17573 2
17574 1
17575 2
17576 1
17577 2
17578 1
17579 2
17580 1
17581 2
17582 1
17583 2
17584 1
17585 2
17586 1
17587 2
17588 1
17589 2
17590 1
17591 2
17592 1
17593 2
17594 1
17595 2
17596 1
17597 2
17598 1
17599 2
17600 1
17601 2
17602 1
17603 2
17604 1
17605 2
17606 1
17607 2
17608 1
17609 2
17610 1
17611 2
17612 1
17613 2
17614 1
17615 2
17616 1
17617 2
17618 1
17619 2
17620 1
17621 2
17622 1
17623 2
17624 1
17625 2
17626 1
17627 2
17628 1
17629 2
17630 1
17631 2
17632 1
17633 2
17634 1
17635 2
17636 1
17637 2
17638 1
17639 2
17640 1
17641 2
17642 1
17643 2
17644 1
17645 2
17646 1
17647 2
17648 1
17649 2
17650 1
17651 2
17652 1
17653 2
17654 1
17655 2
17656 1
17657 2
17658 1
17659 2
17660 1
17661 2
17662 1
17663 2
17664 1
17665 2
17666 1
17667 2
17668 1
17669 2
17670 1
17671 2
17672 1
17673 2
17674 1
17675 2
17676 1
17677 2
17678 1
17679 2
17680 1
17681 2
17682 1
17683 2
17684 1
17685 2
17686 1
17687 2
17688 1
17689 2
17690 1
17691 2
17692 1
17693 2
17694 1
17695 2
17696 1
17697 2
17698 1
17699 2
17700 1
17701 2
17702 1
17703 2
17704 1
17705 2
17706 1
17707 2
17708 1
17709 2
17710 1
17711 2
17712 1
17713 2
17714 1
17715 2
17716 1
17717 2
17718 1
17719 2
17720 1
17721 2
17722 1
17723 2
17724 1
17725 2
17726 1
17727 2
17728 1
17729 2
17730 1
17731 2
17732 1
17733 2
17734 1
17735 2
17736 1
17737 2
17738 1
17739 2
17740 1
17741 2
17742 1
17743 2
17744 1
17745 2
17746 1
17747 2
17748 1
17749 2
17750 1
17751 2
17752 1
17753 2
17754 1
17755 2
17756 1
17757 2
17758 1
17759 2
17760 1
17761 2
17762 1
17763 2
17764 1
17765 2
17766 1
17767 2
17768 1
17769 2
17770 1
17771 2
17772 1
17773 2
17774 1
17775 2
17776 1
17777 2
17778 1
17779 2
17780 1
17781 2
17782 1
17783 2
17784 1
17785 2
17786 1
17787 2
17788 1
17789 2
17790 1
17791 2
17792 1
17793 2
17794 1
17795 2
17796 1
17797 2
17798 1
17799 2
17800 1
17801 2
17802 1
17803 2
17804 1
17805 2
17806 1
17807 2
17808 1
17809 2
17810 1
17811 2
17812 1
17813 2
17814 1
17815 2
17816 1
17817 2
17818 1
17819 2
17820 1
17821 2
17822 1
17823 2
17824 1
17825 2
17826 1
17827 2
17828 1
17829 2
17830 1
17831 2
17832 1
17833 2
17834 1
17835 2
17836 1
17837 2
17838 1
17839 2
17840 1
17841 2
17842 1
17843 2
17844 1
17845 2
17846 1
17847 2
17848 1
17849 2
17850 1
17851 2
17852 1
17853 2
17854 1
17855 2
17856 1
17857 2
17858 1
17859 2
17860 1
17861 2
17862 1
17863 2
17864 1
17865 2
17866 1
17867 2
17868 1
17869 2
17870 1
17871 2
17872 1
17873 2
17874 1
17875 2
17876 1
17877 2
17878 1
17879 2
17880 1
17881 2
17882 1
17883 2
17884 1
17885 2
17886 1
17887 2
17888 1
17889 2
17890 1
17891 2
17892 1
17893 2
17894 1
17895 2
17896 1
17897 2
17898 1
17899 2
17900 1
17901 2
17902 1
17903 2
17904 1
17905 2
17906 1
17907 2
17908 1
17909 2
17910 1
17911 2
17912 1
17913 2
17914 1
17915 2
17916 1
17917 2
17918 1
17919 2
17920 1
17921 2
17922 1
17923 2
17924 1
17925 2
17926 1
17927 2
17928 1
17929 2
17930 1
17931 2
17932 1
17933 2
17934 1
17935 2
17936 1
17937 2
17938 1
17939 2
17940 1
17941 2
17942 1
17943 2
17944 1
17945 2
17946 1
17947 2
17948 1
17949 2
17950 1
17951 2
17952 1
17953 2
17954 1
17955 2
17956 1
17957 2
17958 1
17959 2
17960 1
17961 2
17962 1
17963 2
17964 1
17965 2
17966 1
17967 2
17968 1
17969 2
17970 1
17971 2
17972 1
17973 2
17974 1
17975 2
17976 1
17977 2
17978 1
17979 2
17980 1
17981 2
17982 1
17983 2
17984 1
17985 2
17986 1
17987 2
17988 1
17989 2
17990 1
17991 2
17992 1
17993 2
17994 1
17995 2
17996 1
17997 2
17998 1
17999 2
18000 1
18001 2
18002 1
18003 2
18004 1
18005 2
18006 1
18007 2
18008 1
18009 2
18010 1
18011 2
18012 1
18013 2
18014 1
18015 2
18016 1
18017 2
18018 1
18019 2
18020 1
18021 2
18022 1
18023 2
18024 1
18025 2
18026 1
18027 2
18028 1
18029 2
18030 1
18031 2
18032 1
18033 2
18034 1
18035 2
18036 1
18037 2
18038 1
18039 2
18040 1
18041 2
18042 1
18043 2
18044 1
18045 2
18046 1
18047 2
18048 1
18049 2
18050 1
18051 2
18052 1
18053 2
18054 1
18055 2
18056 1
18057 2
18058 1
18059 2
18060 1
18061 2
18062 1
18063 2
18064 1
18065 2
18066 1
18067 2
18068 1
18069 2
18070 1
18071 2
18072 1
18073 2
18074 1
18075 2
18076 1
18077 2
18078 1
18079 2
18080 1
18081 2
18082 1
18083 2
18084 1
18085 2
18086 1
18087 2
18088 1
18089 2
18090 1
18091 2
18092 1
18093 2
18094 1
18095 2
18096 1
18097 2
18098 1
18099 2
18100 1
18101 2
18102 1
18103 2
18104 1
18105 2
18106 1
18107 2
18108 1
18109 2
18110 1
18111 2
18112 1
18113 2
18114 1
18115 2
18116 1
18117 2
18118 1
18119 2
18120 1
18121 2
18122 1
18123 2
18124 1
18125 2
18126 1
18127 2
18128 1
18129 2
18130 1
18131 2
18132 1
18133 2
18134 1
18135 2
18136 1
18137 2
18138 1
18139 2
18140 1
18141 2
18142 1
18143 2
18144 1
18145 2
18146 1
18147 2
18148 1
18149 2
18150 1
18151 2
18152 1
18153 2
18154 1
18155 2
18156 1
18157 2
18158 1
18159 2
18160 1
18161 2
18162 1
18163 2
18164 1
18165 2
18166 1
18167 2
18168 1
18169 2
18170 1
18171 2
18172 1
18173 2
18174 1
18175 2
18176 1
18177 2
18178 1
18179 2
18180 1
18181 2
18182 1
18183 2
18184 1
18185 2
18186 1
18187 2
18188 1
18189 2
18190 1
18191 2
18192 1
18193 2
18194 1
18195 2
18196 1
18197 2
18198 1
18199 2
18200 1
18201 2
18202 1
18203 2
18204 1
18205 2
18206 1
18207 2
18208 1
18209 2
18210 1
18211 2
18212 1
18213 2
18214 1
18215 2
18216 1
18217 2
18218 1
18219 2
18220 1
18221 2
18222 1
18223 2
18224 1
18225 2
18226 1
18227 2
18228 1
18229 2
18230 1
18231 2
18232 1
18233 2
18234 1
18235 2
18236 1
18237 2
18238 1
18239 2
18240 1
18241 2
18242 1
18243 2
18244 1
18245 2
18246 1
18247 2
18248 1
18249 2
18250 1
18251 2
18252 1
18253 2
18254 1
18255 2
18256 1
18257 2
18258 1
18259 2
18260 1
18261 2
18262 1
18263 2
18264 1
18265 2
18266 1
18267 2
18268 1
18269 2
18270 1
18271 2
18272 1
18273 2
18274 1
18275 2
18276 1
18277 2
18278 1
18279 2
18280 1
18281 2
18282 1
18283 2
18284 1
18285 2
18286 1
18287 2
18288 1
18289 2
18290 1
18291 2
18292 1
18293 2
18294 1
18295 2
18296 1
18297 2
18298 1
18299 2
18300 1
18301 2
18302 1
18303 2
18304 1
18305 2
18306 1
18307 2
18308 1
18309 2
18310 1
18311 2
18312 1
18313 2
18314 1
18315 2
18316 1
18317 2
18318 1
18319 2
18320 1
18321 2
18322 1
18323 2
18324 1
18325 2
18326 1
18327 2
18328 1
18329 2
18330 1
18331 2
18332 1
18333 2
18334 1
18335 2
18336 1
18337 2
18338 1
18339 2
18340 1
18341 2
18342 1
18343 2
18344 1
18345 2
18346 1
18347 2
18348 1
18349 2
18350 1
18351 2
18352 1
18353 2
18354 1
18355 2
18356 1
18357 2
18358 1
18359 2
18360 1
18361 2
18362 1
18363 2
18364 1
18365 2
18366 1
18367 2
18368 1
18369 2
18370 1
18371 2
18372 1
18373 2
18374 1
18375 2
18376 1
18377 2
18378 1
18379 2
18380 1
18381 2
18382 1
18383 2
18384 1
18385 2
18386 1
18387 2
18388 1
18389 2
18390 1
18391 2
18392 1
18393 2
18394 1
18395 2
18396 1
18397 2
18398 1
18399 2
18400 1
18401 2
18402 1
18403 2
18404 1
18405 2
18406 1
18407 2
18408 1
18409 2
18410 1
18411 2
18412 1
18413 2
18414 1
18415 2
18416 1
18417 2
18418 1
18419 2
18420 1
18421 2
18422 1
18423 2
18424 1
18425 2
18426 1
18427 2
18428 1
18429 2
18430 1
18431 2
18432 1
18433 2
18434 1
18435 2
18436 1
18437 2
18438 1
18439 2
18440 1
18441 2
18442 1
18443 2
18444 1
18445 2
18446 1
18447 2
18448 1
18449 2
18450 1
18451 2
18452 1
18453 2
18454 1
18455 2
18456 1
18457 2
18458 1
18459 2
18460 1
18461 2
18462 1
18463 2
18464 1
18465 2
18466 1
18467 2
18468 1
18469 2
18470 1
18471 2
18472 1
18473 2
18474 1
18475 2
18476 1
18477 2
18478 1
18479 2
18480 1
18481 2
18482 1
18483 2
18484 1
18485 2
18486 1
18487 2
18488 1
18489 2
18490 1
18491 2
18492 1
18493 2
18494 1
18495 2
18496 1
18497 2
18498 1
18499 2
18500 1
18501 2
18502 1
18503 2
18504 1
18505 2
18506 1
18507 2
18508 1
18509 2
18510 1
18511 2
18512 1
18513 2
18514 1
18515 2
18516 1
18517 2
18518 1
18519 2
18520 1
18521 2
18522 1
18523 2
18524 1
18525 2
18526 1
18527 2
18528 1
18529 2
18530 1
18531 2
18532 1
18533 2
18534 1
18535 2
18536 1
18537 2
18538 1
18539 2
18540 1
18541 2
18542 1
18543 2
18544 1
18545 2
18546 1
18547 2
18548 1
18549 2
18550 1
18551 2
18552 1
18553 2
18554 1
18555 2
18556 1
18557 2
18558 1
18559 2
18560 1
18561 2
18562 1
18563 2
18564 1
18565 2
18566 1
18567 2
18568 1
18569 2
18570 1
18571 2
18572 1
18573 2
18574 1
18575 2
18576 1
18577 2
18578 1
18579 2
18580 1
18581 2
18582 1
18583 2
18584 1
18585 2
18586 1
18587 2
18588 1
18589 2
18590 1
18591 2
18592 1
18593 2
18594 1
18595 2
18596 1
18597 2
18598 1
18599 2
18600 1
18601 2
18602 1
18603 2
18604 1
18605 2
18606 1
18607 2
18608 1
18609 2
18610 1
18611 2
18612 1
18613 2
18614 1
18615 2
18616 1
18617 2
18618 1
18619 2
18620 1
18621 2
18622 1
18623 2
18624 1
18625 2
18626 1
18627 2
18628 1
18629 2
18630 1
18631 2
18632 1
18633 2
18634 1
18635 2
18636 1
18637 2
18638 1
18639 2
18640 1
18641 2
18642 1
18643 2
18644 1
18645 2
18646 1
18647 2
18648 1
18649 2
18650 1
18651 2
18652 1
18653 2
18654 1
18655 2
18656 1
18657 2
18658 1
18659 2
18660 1
18661 2
18662 1
18663 2
18664 1
18665 2
18666 1
18667 2
18668 1
18669 2
18670 1
18671 2
18672 1
18673 2
18674 1
18675 2
18676 1
18677 2
18678 1
18679 2
18680 1
18681 2
18682 1
18683 2
18684 1
18685 2
18686 1
18687 2
18688 1
18689 2
18690 1
18691 2
18692 1
18693 2
18694 1
18695 2
18696 1
18697 2
18698 1
18699 2
18700 1
18701 2
18702 1
18703 2
18704 1
18705 2
18706 1
18707 2
18708 1
18709 2
18710 1
18711 2
18712 1
18713 2
18714 1
18715 2
18716 1
18717 2
18718 1
18719 2
18720 1
18721 2
18722 1
18723 2
18724 1
18725 2
18726 1
18727 2
18728 1
18729 2
18730 1
18731 2
18732 1
18733 2
18734 1
18735 2
18736 1
18737 2
18738 1
18739 2
18740 1
18741 2
18742 1
18743 2
18744 1
18745 2
18746 1
18747 2
18748 1
18749 2
18750 1
18751 2
18752 1
18753 2
18754 1
18755 2
18756 1
18757 2
18758 1
18759 2
18760 1
18761 2
18762 1
18763 2
18764 1
18765 2
18766 1
18767 2
18768 1
18769 2
18770 1
18771 2
18772 1
18773 2
18774 1
18775 2
18776 1
18777 2
18778 1
18779 2
18780 1
18781 2
18782 1
18783 2
18784 1
18785 2
18786 1
18787 2
18788 1
18789 2
18790 1
18791 2
18792 1
18793 2
18794 1
18795 2
18796 1
18797 2
18798 1
18799 2
18800 1
18801 2
18802 1
18803 2
18804 1
18805 2
18806 1
18807 2
18808 1
18809 2
18810 1
18811 2
18812 1
18813 2
18814 1
18815 2
18816 1
18817 2
18818 1
18819 2
18820 1
18821 2
18822 1
18823 2
18824 1
18825 2
18826 1
18827 2
18828 1
18829 2
18830 1
18831 2
18832 1
18833 2
18834 1
18835 2
18836 1
18837 2
18838 1
18839 2
18840 1
18841 2
18842 1
18843 2
18844 1
18845 2
18846 1
18847 2
18848 1
18849 2
18850 1
18851 2
18852 1
18853 2
18854 1
18855 2
18856 1
18857 2
18858 1
18859 2
18860 1
18861 2
18862 1
18863 2
18864 1
18865 2
18866 1
18867 2
18868 1
18869 2
18870 1
18871 2
18872 1
18873 2
18874 1
18875 2
18876 1
18877 2
18878 1
18879 2
18880 1
18881 2
18882 1
18883 2
18884 1
18885 2
18886 1
18887 2
18888 1
18889 2
18890 1
18891 2
18892 1
18893 2
18894 1
18895 2
18896 1
18897 2
18898 1
18899 2
18900 1
18901 2
18902 1
18903 2
18904 1
18905 2
18906 1
18907 2
18908 1
18909 2
18910 1
18911 2
18912 1
18913 2
18914 1
18915 2
18916 1
18917 2
18918 1
18919 2
18920 1
18921 2
18922 1
18923 2
18924 1
18925 2
18926 1
18927 2
18928 1
18929 2
18930 1
18931 2
18932 1
18933 2
18934 1
18935 2
18936 1
18937 2
18938 1
18939 2
18940 1
18941 2
18942 1
18943 2
18944 1
18945 2
18946 1
18947 2
18948 1
18949 2
18950 1
18951 2
18952 1
18953 2
18954 1
18955 2
18956 1
18957 2
18958 1
18959 2
18960 1
18961 2
18962 1
18963 2
18964 1
18965 2
18966 1
18967 2
18968 1
18969 2
18970 1
18971 2
18972 1
18973 2
18974 1
18975 2
18976 1
18977 2
18978 1
18979 2
18980 1
18981 2
18982 1
18983 2
18984 1
18985 2
18986 1
18987 2
18988 1
18989 2
18990 1
18991 2
18992 1
18993 2
18994 1
18995 2
18996 1
18997 2
18998 1
18999 2
19000 1
19001 2
19002 1
19003 2
19004 1
19005 2
19006 1
19007 2
19008 1
19009 2
19010 1
19011 2
19012 1
19013 2
19014 1
19015 2
19016 1
19017 2
19018 1
19019 2
19020 1
19021 2
19022 1
19023 2
19024 1
19025 2
19026 1
19027 2
19028 1
19029 2
19030 1
19031 2
19032 1
19033 2
19034 1
19035 2
19036 1
19037 2
19038 1
19039 2
19040 1
19041 2
19042 1
19043 2
19044 1
19045 2
19046 1
19047 2
19048 1
19049 2
19050 1
19051 2
19052 1
19053 2
19054 1
19055 2
19056 1
19057 2
19058 1
19059 2
19060 1
19061 2
19062 1
19063 2
19064 1
19065 2
19066 1
19067 2
19068 1
19069 2
19070 1
19071 2
19072 1
19073 2
19074 1
19075 2
19076 1
19077 2
19078 1
19079 2
19080 1
19081 2
19082 1
19083 2
19084 1
19085 2
19086 1
19087 2
19088 1
19089 2
19090 1
19091 2
19092 1
19093 2
19094 1
19095 2
19096 1
19097 2
19098 1
19099 2
19100 1
19101 2
19102 1
19103 2
19104 1
19105 2
19106 1
19107 2
19108 1
19109 2
19110 1
19111 2
19112 1
19113 2
19114 1
19115 2
19116 1
19117 2
19118 1
19119 2
19120 1
19121 2
19122 1
19123 2
19124 1
19125 2
19126 1
19127 2
19128 1
19129 2
19130 1
19131 2
19132 1
19133 2
19134 1
19135 2
19136 1
19137 2
19138 1
19139 2
19140 1
19141 2
19142 1
19143 2
19144 1
19145 2
19146 1
19147 2
19148 1
19149 2
19150 1
19151 2
19152 1
19153 2
19154 1
19155 2
19156 1
19157 2
19158 1
19159 2
19160 1
19161 2
19162 1
19163 2
19164 1
19165 2
19166 1
19167 2
19168 1
19169 2
19170 1
19171 2
19172 1
19173 2
19174 1
19175 2
19176 1
19177 2
19178 1
19179 2
19180 1
19181 2
19182 1
19183 2
19184 1
19185 2
19186 1
19187 2
19188 1
19189 2
19190 1
19191 2
19192 1
19193 2
19194 1
19195 2
19196 1
19197 2
19198 1
19199 2
19200 1
19201 2
19202 1
19203 2
19204 1
19205 2
19206 1
19207 2
19208 1
19209 2
19210 1
19211 2
19212 1
19213 2
19214 1
19215 2
19216 1
19217 2
19218 1
19219 2
19220 1
19221 2
19222 1
19223 2
19224 1
19225 2
19226 1
19227 2
19228 1
19229 2
19230 1
19231 2
19232 1
19233 2
19234 1
19235 2
19236 1
19237 2
19238 1
19239 2
19240 1
19241 2
19242 1
19243 2
19244 1
19245 2
19246 1
19247 2
19248 1
19249 2
19250 1
19251 2
19252 1
19253 2
19254 1
19255 2
19256 1
19257 2
19258 1
19259 2
19260 1
19261 2
19262 1
19263 2
19264 1
19265 2
19266 1
19267 2
19268 1
19269 2
19270 1
19271 2
19272 1
19273 2
19274 1
19275 2
19276 1
19277 2
19278 1
19279 2
19280 1
19281 2
19282 1
19283 2
19284 1
19285 2
19286 1
19287 2
19288 1
19289 2
19290 1
19291 2
19292 1
19293 2
19294 1
19295 2
19296 1
19297 2
19298 1
19299 2
19300 1
19301 2
19302 1
19303 2
19304 1
19305 2
19306 1
19307 2
19308 1
19309 2
19310 1
19311 2
19312 1
19313 2
19314 1
19315 2
19316 1
19317 2
19318 1
19319 2
19320 1
19321 2
19322 1
19323 2
19324 1
19325 2
19326 1
19327 2
19328 1
19329 2
19330 1
19331 2
19332 1
19333 2
19334 1
19335 2
19336 1
19337 2
19338 1
19339 2
19340 1
19341 2
19342 1
19343 2
19344 1
19345 2
19346 1
19347 2
19348 1
19349 2
19350 1
19351 2
19352 1
19353 2
19354 1
19355 2
19356 1
19357 2
19358 1
19359 2
19360 1
19361 2
19362 1
19363 2
19364 1
19365 2
19366 1
19367 2
19368 1
19369 2
19370 1
19371 2
19372 1
19373 2
19374 1
19375 2
19376 1
19377 2
19378 1
19379 2
19380 1
19381 2
19382 1
19383 2
19384 1
19385 2
19386 1
19387 2
19388 1
19389 2
19390 1
19391 2
19392 1
19393 2
19394 1
19395 2
19396 1
19397 2
19398 1
19399 2
19400 1
19401 2
19402 1
19403 2
19404 1
19405 2
19406 1
19407 2
19408 1
19409 2
19410 1
19411 2
19412 1
19413 2
19414 1
19415 2
19416 1
19417 2
19418 1
19419 2
19420 1
19421 2
19422 1
19423 2
19424 1
19425 2
19426 1
19427 2
19428 1
19429 2
19430 1
19431 2
19432 1
19433 2
19434 1
19435 2
19436 1
19437 2
19438 1
19439 2
19440 1
19441 2
19442 1
19443 2
19444 1
19445 2
19446 1
19447 2
19448 1
19449 2
19450 1
19451 2
19452 1
19453 2
19454 1
19455 2
19456 1
19457 2
19458 1
19459 2
19460 1
19461 2
19462 1
19463 2
19464 1
19465 2
19466 1
19467 2
19468 1
19469 2
19470 1
19471 2
19472 1
19473 2
19474 1
19475 2
19476 1
19477 2
19478 1
19479 2
19480 1
19481 2
19482 1
19483 2
19484 1
19485 2
19486 1
19487 2
19488 1
19489 2
19490 1
19491 2
19492 1
19493 2
19494 1
19495 2
19496 1
19497 2
19498 1
19499 2
19500 1
19501 2
19502 1
19503 2
19504 1
19505 2
19506 1
19507 2
19508 1
19509 2
19510 1
19511 2
19512 1
19513 2
19514 1
19515 2
19516 1
19517 2
19518 1
19519 2
19520 1
19521 2
19522 1
19523 2
19524 1
19525 2
19526 1
19527 2
19528 1
19529 2
19530 1
19531 2
19532 1
19533 2
19534 1
19535 2
19536 1
19537 2
19538 1
19539 2
19540 1
19541 2
19542 1
19543 2
19544 1
19545 2
19546 1
19547 2
19548 1
19549 2
19550 1
19551 2
19552 1
19553 2
19554 1
19555 2
19556 1
19557 2
19558 1
19559 2
19560 1
19561 2
19562 1
19563 2
19564 1
19565 2
19566 1
19567 2
19568 1
19569 2
19570 1
19571 2
19572 1
19573 2
19574 1
19575 2
19576 1
19577 2
19578 1
19579 2
19580 1
19581 2
19582 1
19583 2
19584 1
19585 2
19586 1
19587 2
19588 1
19589 2
19590 1
19591 2
19592 1
19593 2
19594 1
19595 2
19596 1
19597 2
19598 1
19599 2
19600 1
19601 2
19602 1
19603 2
19604 1
19605 2
19606 1
19607 2
19608 1
19609 2
19610 1
19611 2
19612 1
19613 2
19614 1
19615 2
19616 1
19617 2
19618 1
19619 2
19620 1
19621 2
19622 1
19623 2
19624 1
19625 2
19626 1
19627 2
19628 1
19629 2
19630 1
19631 2
19632 1
19633 2
19634 1
19635 2
19636 1
19637 2
19638 1
19639 2
19640 1
19641 2
19642 1
19643 2
19644 1
19645 2
19646 1
19647 2
19648 1
19649 2
19650 1
19651 2
19652 1
19653 2
19654 1
19655 2
19656 1
19657 2
19658 1
19659 2
19660 1
19661 2
19662 1
19663 2
19664 1
19665 2
19666 1
19667 2
19668 1
19669 2
19670 1
19671 2
19672 1
19673 2
19674 1
19675 2
19676 1
19677 2
19678 1
19679 2
19680 1
19681 2
19682 1
19683 2
19684 1
19685 2
19686 1
19687 2
19688 1
19689 2
19690 1
19691 2
19692 1
19693 2
19694 1
19695 2
19696 1
19697 2
19698 1
19699 2
19700 1
19701 2
19702 1
19703 2
19704 1
19705 2
19706 1
19707 2
19708 1
19709 2
19710 1
19711 2
19712 1
19713 2
19714 1
19715 2
19716 1
19717 2
19718 1
19719 2
19720 1
19721 2
19722 1
19723 2
19724 1
19725 2
19726 1
19727 2
19728 1
19729 2
19730 1
19731 2
19732 1
19733 2
19734 1
19735 2
19736 1
19737 2
19738 1
19739 2
19740 1
19741 2
19742 1
19743 2
19744 1
19745 2
19746 1
19747 2
19748 1
19749 2
19750 1
19751 2
19752 1
19753 2
19754 1
19755 2
19756 1
19757 2
19758 1
19759 2
19760 1
19761 2
19762 1
19763 2
19764 1
19765 2
19766 1
19767 2
19768 1
19769 2
19770 1
19771 2
19772 1
19773 2
19774 1
19775 2
19776 1
19777 2
19778 1
19779 2
19780 1
19781 2
19782 1
19783 2
19784 1
19785 2
19786 1
19787 2
19788 1
19789 2
19790 1
19791 2
19792 1
19793 2
19794 1
19795 2
19796 1
19797 2
19798 1
19799 2
19800 1
19801 2
19802 1
19803 2
19804 1
19805 2
19806 1
19807 2
19808 1
19809 2
19810 1
19811 2
19812 1
19813 2
19814 1
19815 2
19816 1
19817 2
19818 1
19819 2
19820 1
19821 2
19822 1
19823 2
19824 1
19825 2
19826 1
19827 2
19828 1
19829 2
19830 1
19831 2
19832 1
19833 2
19834 1
19835 2
19836 1
19837 2
19838 1
19839 2
19840 1
19841 2
19842 1
19843 2
19844 1
19845 2
19846 1
19847 2
19848 1
19849 2
19850 1
19851 2
19852 1
19853 2
19854 1
19855 2
19856 1
19857 2
19858 1
19859 2
19860 1
19861 2
19862 1
19863 2
19864 1
19865 2
19866 1
19867 2
19868 1
19869 2
19870 1
19871 2
19872 1
19873 2
19874 1
19875 2
19876 1
19877 2
19878 1
19879 2
19880 1
19881 2
19882 1
19883 2
19884 1
19885 2
19886 1
19887 2
19888 1
19889 2
19890 1
19891 2
19892 1
19893 2
19894 1
19895 2
19896 1
19897 2
19898 1
19899 2
19900 1
19901 2
19902 1
19903 2
19904 1
19905 2
19906 1
19907 2
19908 1
19909 2
19910 1
19911 2
19912 1
19913 2
19914 1
19915 2
19916 1
19917 2
19918 1
19919 2
19920 1
19921 2
19922 1
19923 2
19924 1
19925 2
19926 1
19927 2
19928 1
19929 2
19930 1
19931 2
19932 1
19933 2
19934 1
19935 2
19936 1
19937 2
19938 1
19939 2
19940 1
19941 2
19942 1
19943 2
19944 1
19945 2
19946 1
19947 2
19948 1
19949 2
19950 1
19951 2
19952 1
19953 2
19954 1
19955 2
19956 1
19957 2
19958 1
19959 2
19960 1
19961 2
19962 1
19963 2
19964 1
19965 2
19966 1
19967 2
19968 1
19969 2
19970 1
19971 2
19972 1
19973 2
19974 1
19975 2
19976 1
19977 2
19978 1
19979 2
19980 1
19981 2
19982 1
19983 2
19984 1
19985 2
19986 1
19987 2
19988 1
19989 2
19990 1
19991 2
19992 1
19993 2
19994 1
19995 2
19996 1
19997 2
19998 1
19999 2
20000 1
20001 2
20002 1
20003 2
20004 1
20005 2
20006 1
20007 2
20008 1
20009 2
20010 1
20011 2
20012 1
20013 2
20014 1
20015 2
20016 1
20017 2
20018 1
20019 2
20020 1
20021 2
20022 1
20023 2
20024 1
20025 2
20026 1
20027 2
20028 1
20029 2
20030 1
20031 2
20032 1
20033 2
20034 1
20035 2
20036 1
20037 2
20038 1
20039 2
20040 1
20041 2
20042 1
20043 2
20044 1
20045 2
20046 1
20047 2
20048 1
20049 2
20050 1
20051 2
20052 1
20053 2
20054 1
20055 2
20056 1
20057 2
20058 1
20059 2
20060 1
20061 2
20062 1
20063 2
20064 1
20065 2
20066 1
20067 2
20068 1
20069 2
20070 1
20071 2
20072 1
20073 2
20074 1
20075 2
20076 1
20077 2
20078 1
20079 2
20080 1
20081 2
20082 1
20083 2
20084 1
20085 2
20086 1
20087 2
20088 1
20089 2
20090 1
20091 2
20092 1
20093 2
20094 1
20095 2
20096 1
20097 2
20098 1
20099 2
20100 1
20101 2
20102 1
20103 2
20104 1
20105 2
20106 1
20107 2
20108 1
20109 2
20110 1
20111 2
20112 1
20113 2
20114 1
20115 2
20116 1
20117 2
20118 1
20119 2
20120 1
20121 2
20122 1
20123 2
20124 1
20125 2
20126 1
20127 2
20128 1
20129 2
20130 1
20131 2
20132 1
20133 2
20134 1
20135 2
20136 1
20137 2
20138 1
20139 2
20140 1
20141 2
20142 1
20143 2
20144 1
20145 2
20146 1
20147 2
20148 1
20149 2
20150 1
20151 2
20152 1
20153 2
20154 1
20155 2
20156 1
20157 2
20158 1
20159 2
20160 1
20161 2
20162 1
20163 2
20164 1
20165 2
20166 1
20167 2
20168 1
20169 2
20170 1
20171 2
20172 1
20173 2
20174 1
20175 2
20176 1
20177 2
20178 1
20179 2
20180 1
20181 2
20182 1
20183 2
20184 1
20185 2
20186 1
20187 2
20188 1
20189 2
20190 1
20191 2
20192 1
20193 2
20194 1
20195 2
20196 1
20197 2
20198 1
20199 2
20200 1
20201 2
20202 1
20203 2
20204 1
20205 2
20206 1
20207 2
20208 1
20209 2
20210 1
20211 2
20212 1
20213 2
20214 1
20215 2
20216 1
20217 2
20218 1
20219 2
20220 1
20221 2
20222 1
20223 2
20224 1
20225 2
20226 1
20227 2
20228 1
20229 2
20230 1
20231 2
20232 1
20233 2
20234 1
20235 2
20236 1
20237 2
20238 1
20239 2
20240 1
20241 2
20242 1
20243 2
20244 1
20245 2
20246 1
20247 2
20248 1
20249 2
20250 1
20251 2
20252 1
20253 2
20254 1
20255 2
20256 1
20257 2
20258 1
20259 2
20260 1
20261 2
20262 1
20263 2
20264 1
20265 2
20266 1
20267 2
20268 1
20269 2
20270 1
20271 2
20272 1
20273 2
20274 1
20275 2
20276 1
20277 2
20278 1
20279 2
20280 1
20281 2
20282 1
20283 2
20284 1
20285 2
20286 1
20287 2
20288 1
20289 2
20290 1
20291 2
20292 1
20293 2
20294 1
20295 2
20296 1
20297 2
20298 1
20299 2
20300 1
20301 2
20302 1
20303 2
20304 1
20305 2
20306 1
20307 2
20308 1
20309 2
20310 1
20311 2
20312 1
20313 2
20314 1
20315 2
20316 1
20317 2
20318 1
20319 2
20320 1
20321 2
20322 1
20323 2
20324 1
20325 2
20326 1
20327 2
20328 1
20329 2
20330 1
20331 2
20332 1
20333 2
20334 1
20335 2
20336 1
20337 2
20338 1
20339 2
20340 1
20341 2
20342 1
20343 2
20344 1
20345 2
20346 1
20347 2
20348 1
20349 2
20350 1
20351 2
20352 1
20353 2
20354 1
20355 2
20356 1
20357 2
20358 1
20359 2
20360 1
20361 2
20362 1
20363 2
20364 1
20365 2
20366 1
20367 2
20368 1
20369 2
20370 1
20371 2
20372 1
20373 2
20374 1
20375 2
20376 1
20377 2
20378 1
20379 2
20380 1
20381 2
20382 1
20383 2
20384 1
20385 2
20386 1
20387 2
20388 1
20389 2
20390 1
20391 2
20392 1
20393 2
20394 1
20395 2
20396 1
20397 2
20398 1
20399 2
20400 1
20401 2
20402 1
20403 2
20404 1
20405 2
20406 1
20407 2
20408 1
20409 2
20410 1
20411 2
20412 1
20413 2
20414 1
20415 2
20416 1
20417 2
20418 1
20419 2
20420 1
20421 2
20422 1
20423 2
20424 1
20425 2
20426 1
20427 2
20428 1
20429 2
20430 1
20431 2
20432 1
20433 2
20434 1
20435 2
20436 1
20437 2
20438 1
20439 2
20440 1
20441 2
20442 1
20443 2
20444 1
20445 2
20446 1
20447 2
20448 1
20449 2
20450 1
20451 2
20452 1
20453 2
20454 1
20455 2
20456 1
20457 2
20458 1
20459 2
20460 1
20461 2
20462 1
20463 2
20464 1
20465 2
20466 1
20467 2
20468 1
20469 2
20470 1
20471 2
20472 1
20473 2
20474 1
20475 2
20476 1
20477 2
20478 1
20479 2
20480 1
20481 2
20482 1
20483 2
20484 1
20485 2
20486 1
20487 2
20488 1
20489 2
20490 1
20491 2
20492 1
20493 2
20494 1
20495 2
20496 1
20497 2
20498 1
20499 2
20500 1
20501 2
20502 1
20503 2
20504 1
20505 2
20506 1
20507 2
20508 1
20509 2
20510 1
20511 2
20512 1
20513 2
20514 1
20515 2
20516 1
20517 2
20518 1
20519 2
20520 1
20521 2
20522 1
20523 2
20524 1
20525 2
20526 1
20527 2
20528 1
20529 2
20530 1
20531 2
20532 1
20533 2
20534 1
20535 2
20536 1
20537 2
20538 1
20539 2
20540 1
20541 2
20542 1
20543 2
20544 1
20545 2
20546 1
20547 2
20548 1
20549 2
20550 1
20551 2
20552 1
20553 2
20554 1
20555 2
20556 1
20557 2
20558 1
20559 2
20560 1
20561 2
20562 1
20563 2
20564 1
20565 2
20566 1
20567 2
20568 1
20569 2
20570 1
20571 2
20572 1
20573 2
20574 1
20575 2
20576 1
20577 2
20578 1
20579 2
20580 1
20581 2
20582 1
20583 2
20584 1
20585 2
20586 1
20587 2
20588 1
20589 2
20590 1
20591 2
20592 1
20593 2
20594 1
20595 2
20596 1
20597 2
20598 1
20599 2
20600 1
20601 2
20602 1
20603 2
20604 1
20605 2
20606 1
20607 2
20608 1
20609 2
20610 1
20611 2
20612 1
20613 2
20614 1
20615 2
20616 1
20617 2
20618 1
20619 2
20620 1
20621 2
20622 1
20623 2
20624 1
20625 2
20626 1
20627 2
20628 1
20629 2
20630 1
20631 2
20632 1
20633 2
20634 1
20635 2
20636 1
20637 2
20638 1
20639 2
20640 1
20641 2
20642 1
20643 2
20644 1
20645 2
20646 1
20647 2
20648 1
20649 2
20650 1
20651 2
20652 1
20653 2
20654 1
20655 2
20656 1
20657 2
20658 1
20659 2
20660 1
20661 2
20662 1
20663 2
20664 1
20665 2
20666 1
20667 2
20668 1
20669 2
20670 1
20671 2
20672 1
20673 2
20674 1
20675 2
20676 1
20677 2
20678 1
20679 2
20680 1
20681 2
20682 1
20683 2
20684 1
20685 2
20686 1
20687 2
20688 1
20689 2
20690 1
20691 2
20692 1
20693 2
20694 1
20695 2
20696 1
20697 2
20698 1
20699 2
20700 1
20701 2
20702 1
20703 2
20704 1
20705 2
20706 1
20707 2
20708 1
20709 2
20710 1
20711 2
20712 1
20713 2
20714 1
20715 2
20716 1
20717 2
20718 1
20719 2
20720 1
20721 2
20722 1
20723 2
20724 1
20725 2
20726 1
20727 2
20728 1
20729 2
20730 1
20731 2
20732 1
20733 2
20734 1
20735 2
20736 1
20737 2
20738 1
20739 2
20740 1
20741 2
20742 1
20743 2
20744 1
20745 2
20746 1
20747 2
20748 1
20749 2
20750 1
20751 2
20752 1
20753 2
20754 1
20755 2
20756 1
20757 2
20758 1
20759 2
20760 1
20761 2
20762 1
20763 2
20764 1
20765 2
20766 1
20767 2
20768 1
20769 2
20770 1
20771 2
20772 1
20773 2
20774 1
20775 2
20776 1
20777 2
20778 1
20779 2
20780 1
20781 2
20782 1
20783 2
20784 1
20785 2
20786 1
20787 2
20788 1
20789 2
20790 1
20791 2
20792 1
20793 2
20794 1
20795 2
20796 1
20797 2
20798 1
20799 2
20800 1
20801 2
20802 1
20803 2
20804 1
20805 2
20806 1
20807 2
20808 1
20809 2
20810 1
20811 2
20812 1
20813 2
20814 1
20815 2
20816 1
20817 2
20818 1
20819 2
20820 1
20821 2
20822 1
20823 2
20824 1
20825 2
20826 1
20827 2
20828 1
20829 2
20830 1
20831 2
20832 1
20833 2
20834 1
20835 2
20836 1
20837 2
20838 1
20839 2
20840 1
20841 2
20842 1
20843 2
20844 1
20845 2
20846 1
20847 2
20848 1
20849 2
20850 1
20851 2
20852 1
20853 2
20854 1
20855 2
20856 1
20857 2
20858 1
20859 2
20860 1
20861 2
20862 1
20863 2
20864 1
20865 2
20866 1
20867 2
20868 1
20869 2
20870 1
20871 2
20872 1
20873 2
20874 1
20875 2
20876 1
20877 2
20878 1
20879 2
20880 1
20881 2
20882 1
20883 2
20884 1
20885 2
20886 1
20887 2
20888 1
20889 2
20890 1
20891 2
20892 1
20893 2
20894 1
20895 2
20896 1
20897 2
20898 1
20899 2
20900 1
20901 2
20902 1
20903 2
20904 1
20905 2
20906 1
20907 2
20908 1
20909 2
20910 1
20911 2
20912 1
20913 2
20914 1
20915 2
20916 1
20917 2
20918 1
20919 2
20920 1
20921 2
20922 1
20923 2
20924 1
20925 2
20926 1
20927 2
20928 1
20929 2
20930 1
20931 2
20932 1
20933 2
20934 1
20935 2
20936 1
20937 2
20938 1
20939 2
20940 1
20941 2
20942 1
20943 2
20944 1
20945 2
20946 1
20947 2
20948 1
20949 2
20950 1
20951 2
20952 1
20953 2
20954 1
20955 2
20956 1
20957 2
20958 1
20959 2
20960 1
20961 2
20962 1
20963 2
20964 1
20965 2
20966 1
20967 2
20968 1
20969 2
20970 1
20971 2
20972 1
20973 2
20974 1
20975 2
20976 1
20977 2
20978 1
20979 2
20980 1
20981 2
20982 1
20983 2
20984 1
20985 2
20986 1
20987 2
20988 1
20989 2
20990 1
20991 2
20992 1
20993 2
20994 1
20995 2
20996 1
20997 2
20998 1
20999 2
21000 1
21001 2
21002 1
21003 2
21004 1
21005 2
21006 1
21007 2
21008 1
21009 2
21010 1
21011 2
21012 1
21013 2
21014 1
21015 2
21016 1
21017 2
21018 1
21019 2
21020 1
21021 2
21022 1
21023 2
21024 1
21025 2
21026 1
21027 2
21028 1
21029 2
21030 1
21031 2
21032 1
21033 2
21034 1
21035 2
21036 1
21037 2
21038 1
21039 2
21040 1
21041 2
21042 1
21043 2
21044 1
21045 2
21046 1
21047 2
21048 1
21049 2
21050 1
21051 2
21052 1
21053 2
21054 1
21055 2
21056 1
21057 2
21058 1
21059 2
21060 1
21061 2
21062 1
21063 2
21064 1
21065 2
21066 1
21067 2
21068 1
21069 2
21070 1
21071 2
21072 1
21073 2
21074 1
21075 2
21076 1
21077 2
21078 1
21079 2
21080 1
21081 2
21082 1
21083 2
21084 1
21085 2
21086 1
21087 2
21088 1
21089 2
21090 1
21091 2
21092 1
21093 2
21094 1
21095 2
21096 1
21097 2
21098 1
21099 2
21100 1
21101 2
21102 1
21103 2
21104 1
21105 2
21106 1
21107 2
21108 1
21109 2
21110 1
21111 2
21112 1
21113 2
21114 1
21115 2
21116 1
21117 2
21118 1
21119 2
21120 1
21121 2
21122 1
21123 2
21124 1
21125 2
21126 1
21127 2
21128 1
21129 2
21130 1
21131 2
21132 1
21133 2
21134 1
21135 2
21136 1
21137 2
21138 1
21139 2
21140 1
21141 2
21142 1
21143 2
21144 1
21145 2
21146 1
21147 2
21148 1
21149 2
21150 1
21151 2
21152 1
21153 2
21154 1
21155 2
21156 1
21157 2
21158 1
21159 2
21160 1
21161 2
21162 1
21163 2
21164 1
21165 2
21166 1
21167 2
21168 1
21169 2
21170 1
21171 2
21172 1
21173 2
21174 1
21175 2
21176 1
21177 2
21178 1
21179 2
21180 1
21181 2
21182 1
21183 2
21184 1
21185 2
21186 1
21187 2
21188 1
21189 2
21190 1
21191 2
21192 1
21193 2
21194 1
21195 2
21196 1
21197 2
21198 1
21199 2
21200 1
21201 2
21202 1
21203 2
21204 1
21205 2
21206 1
21207 2
21208 1
21209 2
21210 1
21211 2
21212 1
21213 2
21214 1
21215 2
21216 1
21217 2
21218 1
21219 2
21220 1
21221 2
21222 1
21223 2
21224 1
21225 2
21226 1
21227 2
21228 1
21229 2
21230 1
21231 2
21232 1
21233 2
21234 1
21235 2
21236 1
21237 2
21238 1
21239 2
21240 1
21241 2
21242 1
21243 2
21244 1
21245 2
21246 1
21247 2
21248 1
21249 2
21250 1
21251 2
21252 1
21253 2
21254 1
21255 2
21256 1
21257 2
21258 1
21259 2
21260 1
21261 2
21262 1
21263 2
21264 1
21265 2
21266 1
21267 2
21268 1
21269 2
21270 1
21271 2
21272 1
21273 2
21274 1
21275 2
21276 1
21277 2
21278 1
21279 2
21280 1
21281 2
21282 1
21283 2
21284 1
21285 2
21286 1
21287 2
21288 1
21289 2
21290 1
21291 2
21292 1
21293 2
21294 1
21295 2
21296 1
21297 2
21298 1
21299 2
21300 1
21301 2
21302 1
21303 2
21304 1
21305 2
21306 1
21307 2
21308 1
21309 2
21310 1
21311 2
21312 1
21313 2
21314 1
21315 2
21316 1
21317 2
21318 1
21319 2
21320 1
21321 2
21322 1
21323 2
21324 1
21325 2
21326 1
21327 2
21328 1
21329 2
21330 1
21331 2
21332 1
21333 2
21334 1
21335 2
21336 1
21337 2
21338 1
21339 2
21340 1
21341 2
21342 1
21343 2
21344 1
21345 2
21346 1
21347 2
21348 1
21349 2
21350 1
21351 2
21352 1
21353 2
21354 1
21355 2
21356 1
21357 2
21358 1
21359 2
21360 1
21361 2
21362 1
21363 2
21364 1
21365 2
21366 1
21367 2
21368 1
21369 2
21370 1
21371 2
21372 1
21373 2
21374 1
21375 2
21376 1
21377 2
21378 1
21379 2
21380 1
21381 2
21382 1
21383 2
21384 1
21385 2
21386 1
21387 2
21388 1
21389 2
21390 1
21391 2
21392 1
21393 2
21394 1
21395 2
21396 1
21397 2
21398 1
21399 2
21400 1
21401 2
21402 1
21403 2
21404 1
21405 2
21406 1
21407 2
21408 1
21409 2
21410 1
21411 2
21412 1
21413 2
21414 1
21415 2
21416 1
21417 2
21418 1
21419 2
21420 1
21421 2
21422 1
21423 2
21424 1
21425 2
21426 1
21427 2
21428 1
21429 2
21430 1
21431 2
21432 1
21433 2
21434 1
21435 2
21436 1
21437 2
21438 1
21439 2
21440 1
21441 2
21442 1
21443 2
21444 1
21445 2
21446 1
21447 2
21448 1
21449 2
21450 1
21451 2
21452 1
21453 2
21454 1
21455 2
21456 1
21457 2
21458 1
21459 2
21460 1
21461 2
21462 1
21463 2
21464 1
21465 2
21466 1
21467 2
21468 1
21469 2
21470 1
21471 2
21472 1
21473 2
21474 1
21475 2
21476 1
21477 2
21478 1
21479 2
21480 1
21481 2
21482 1
21483 2
21484 1
21485 2
21486 1
21487 2
21488 1
21489 2
21490 1
21491 2
21492 1
21493 2
21494 1
21495 2
21496 1
21497 2
21498 1
21499 2
21500 1
21501 2
21502 1
21503 2
21504 1
21505 2
21506 1
21507 2
21508 1
21509 2
21510 1
21511 2
21512 1
21513 2
21514 1
21515 2
21516 1
21517 2
21518 1
21519 2
21520 1
21521 2
21522 1
21523 2
21524 1
21525 2
21526 1
21527 2
21528 1
21529 2
21530 1
21531 2
21532 1
21533 2
21534 1
21535 2
21536 1
21537 2
21538 1
21539 2
21540 1
21541 2
21542 1
21543 2
21544 1
21545 2
21546 1
21547 2
21548 1
21549 2
21550 1
21551 2
21552 1
21553 2
21554 1
21555 2
21556 1
21557 2
21558 1
21559 2
21560 1
21561 2
21562 1
21563 2
21564 1
21565 2
21566 1
21567 2
21568 1
21569 2
21570 1
21571 2
21572 1
21573 2
21574 1
21575 2
21576 1
21577 2
21578 1
21579 2
21580 1
21581 2
21582 1
21583 2
21584 1
21585 2
21586 1
21587 2
21588 1
21589 2
21590 1
21591 2
21592 1
21593 2
21594 1
21595 2
21596 1
21597 2
21598 1
21599 2
21600 1
21601 2
21602 1
21603 2
21604 1
21605 2
21606 1
21607 2
21608 1
21609 2
21610 1
21611 2
21612 1
21613 2
21614 1
21615 2
21616 1
21617 2
21618 1
21619 2
21620 1
21621 2
21622 1
21623 2
21624 1
21625 2
21626 1
21627 2
21628 1
21629 2
21630 1
21631 2
21632 1
21633 2
21634 1
21635 2
21636 1
21637 2
21638 1
21639 2
21640 1
21641 2
21642 1
21643 2
21644 1
21645 2
21646 1
21647 2
21648 1
21649 2
21650 1
21651 2
21652 1
21653 2
21654 1
21655 2
21656 1
21657 2
21658 1
21659 2
21660 1
21661 2
21662 1
21663 2
21664 1
21665 2
21666 1
21667 2
21668 1
21669 2
21670 1
21671 2
21672 1
21673 2
21674 1
21675 2
21676 1
21677 2
21678 1
21679 2
21680 1
21681 2
21682 1
21683 2
21684 1
21685 2
21686 1
21687 2
21688 1
21689 2
21690 1
21691 2
21692 1
21693 2
21694 1
21695 2
21696 1
21697 2
21698 1
21699 2
21700 1
21701 2
21702 1
21703 2
21704 1
21705 2
21706 1
21707 2
21708 1
21709 2
21710 1
21711 2
21712 1
21713 2
21714 1
21715 2
21716 1
21717 2
21718 1
21719 2
21720 1
21721 2
21722 1
21723 2
21724 1
21725 2
21726 1
21727 2
21728 1
21729 2
21730 1
21731 2
21732 1
21733 2
21734 1
21735 2
21736 1
21737 2
21738 1
21739 2
21740 1
21741 2
21742 1
21743 2
21744 1
21745 2
21746 1
21747 2
21748 1
21749 2
21750 1
21751 2
21752 1
21753 2
21754 1
21755 2
21756 1
21757 2
21758 1
21759 2
21760 1
21761 2
21762 1
21763 2
21764 1
21765 2
21766 1
21767 2
21768 1
21769 2
21770 1
21771 2
21772 1
21773 2
21774 1
21775 2
21776 1
21777 2
21778 1
21779 2
21780 1
21781 2
21782 1
21783 2
21784 1
21785 2
21786 1
21787 2
21788 1
21789 2
21790 1
21791 2
21792 1
21793 2
21794 1
21795 2
21796 1
21797 2
21798 1
21799 2
21800 1
21801 2
21802 1
21803 2
21804 1
21805 2
21806 1
21807 2
21808 1
21809 2
21810 1
21811 2
21812 1
21813 2
21814 1
21815 2
21816 1
21817 2
21818 1
21819 2
21820 1
21821 2
21822 1
21823 2
21824 1
21825 2
21826 1
21827 2
21828 1
21829 2
21830 1
21831 2
21832 1
21833 2
21834 1
21835 2
21836 1
21837 2
21838 1
21839 2
21840 1
21841 2
21842 1
21843 2
21844 1
21845 2
21846 1
21847 2
21848 1
21849 2
21850 1
21851 2
21852 1
21853 2
21854 1
21855 2
21856 1
21857 2
21858 1
21859 2
21860 1
21861 2
21862 1
21863 2
21864 1
21865 2
21866 1
21867 2
21868 1
21869 2
21870 1
21871 2
21872 1
21873 2
21874 1
21875 2
21876 1
21877 2
21878 1
21879 2
21880 1
21881 2
21882 1
21883 2
21884 1
21885 2
21886 1
21887 2
21888 1
21889 2
21890 1
21891 2
21892 1
21893 2
21894 1
21895 2
21896 1
21897 2
21898 1
21899 2
21900 1
21901 2
21902 1
21903 2
21904 1
21905 2
21906 1
21907 2
21908 1
21909 2
21910 1
21911 2
21912 1
21913 2
21914 1
21915 2
21916 1
21917 2
21918 1
21919 2
21920 1
21921 2
21922 1
21923 2
21924 1
21925 2
21926 1
21927 2
21928 1
21929 2
21930 1
21931 2
21932 1
21933 2
21934 1
21935 2
21936 1
21937 2
21938 1
21939 2
21940 1
21941 2
21942 1
21943 2
21944 1
21945 2
21946 1
21947 2
21948 1
21949 2
21950 1
21951 2
21952 1
21953 2
21954 1
21955 2
21956 1
21957 2
21958 1
21959 2
21960 1
21961 2
21962 1
21963 2
21964 1
21965 2
21966 1
21967 2
21968 1
21969 2
21970 1
21971 2
21972 1
21973 2
21974 1
21975 2
21976 1
21977 2
21978 1
21979 2
21980 1
21981 2
21982 1
21983 2
21984 1
21985 2
21986 1
21987 2
21988 1
21989 2
21990 1
21991 2
21992 1
21993 2
21994 1
21995 2
21996 1
21997 2
21998 1
21999 2
22000 1
22001 2
22002 1
22003 2
22004 1
22005 2
22006 1
22007 2
22008 1
22009 2
22010 1
22011 2
22012 1
22013 2
22014 1
22015 2
22016 1
22017 2
22018 1
22019 2
22020 1
22021 2
22022 1
22023 2
22024 1
22025 2
22026 1
22027 2
22028 1
22029 2
22030 1
22031 2
22032 1
22033 2
22034 1
22035 2
22036 1
22037 2
22038 1
22039 2
22040 1
22041 2
22042 1
22043 2
22044 1
22045 2
22046 1
22047 2
22048 1
22049 2
22050 1
22051 2
22052 1
22053 2
22054 1
22055 2
22056 1
22057 2
22058 1
22059 2
22060 1
22061 2
22062 1
22063 2
22064 1
22065 2
22066 1
22067 2
22068 1
22069 2
22070 1
22071 2
22072 1
22073 2
22074 1
22075 2
22076 1
22077 2
22078 1
22079 2
22080 1
22081 2
22082 1
22083 2
22084 1
22085 2
22086 1
22087 2
22088 1
22089 2
22090 1
22091 2
22092 1
22093 2
22094 1
22095 2
22096 1
22097 2
22098 1
22099 2
22100 1
22101 2
22102 1
22103 2
22104 1
22105 2
22106 1
22107 2
22108 1
22109 2
22110 1
22111 2
22112 1
22113 2
22114 1
22115 2
22116 1
22117 2
22118 1
22119 2
22120 1
22121 2
22122 1
22123 2
22124 1
22125 2
22126 1
22127 2
22128 1
22129 2
22130 1
22131 2
22132 1
22133 2
22134 1
22135 2
22136 1
22137 2
22138 1
22139 2
22140 1
22141 2
22142 1
22143 2
22144 1
22145 2
22146 1
22147 2
22148 1
22149 2
22150 1
22151 2
22152 1
22153 2
22154 1
22155 2
22156 1
22157 2
22158 1
22159 2
22160 1
22161 2
22162 1
22163 2
22164 1
22165 2
22166 1
22167 2
22168 1
22169 2
22170 1
22171 2
22172 1
22173 2
22174 1
22175 2
22176 1
22177 2
22178 1
22179 2
22180 1
22181 2
22182 1
22183 2
22184 1
22185 2
22186 1
22187 2
22188 1
22189 2
22190 1
22191 2
22192 1
22193 2
22194 1
22195 2
22196 1
22197 2
22198 1
22199 2
22200 1
22201 2
22202 1
22203 2
22204 1
22205 2
22206 1
22207 2
22208 1
22209 2
22210 1
22211 2
22212 1
22213 2
22214 1
22215 2
22216 1
22217 2
22218 1
22219 2
22220 1
22221 2
22222 1
22223 2
22224 1
22225 2
22226 1
22227 2
22228 1
22229 2
22230 1
22231 2
22232 1
22233 2
22234 1
22235 2
22236 1
22237 2
22238 1
22239 2
22240 1
22241 2
22242 1
22243 2
22244 1
22245 2
22246 1
22247 2
22248 1
22249 2
22250 1
22251 2
22252 1
22253 2
22254 1
22255 2
22256 1
22257 2
22258 1
22259 2
22260 1
22261 2
22262 1
22263 2
22264 1
22265 2
22266 1
22267 2
22268 1
22269 2
22270 1
22271 2
22272 1
22273 2
22274 1
22275 2
22276 1
22277 2
22278 1
22279 2
22280 1
22281 2
22282 1
22283 2
22284 1
22285 2
22286 1
22287 2
22288 1
22289 2
22290 1
22291 2
22292 1
22293 2
22294 1
22295 2
22296 1
22297 2
22298 1
22299 2
22300 1
22301 2
22302 1
22303 2
22304 1
22305 2
22306 1
22307 2
22308 1
22309 2
22310 1
22311 2
22312 1
22313 2
22314 1
22315 2
22316 1
22317 2
22318 1
22319 2
22320 1
22321 2
22322 1
22323 2
22324 1
22325 2
22326 1
22327 2
22328 1
22329 2
22330 1
22331 2
22332 1
22333 2
22334 1
22335 2
22336 1
22337 2
22338 1
22339 2
22340 1
22341 2
22342 1
22343 2
22344 1
22345 2
22346 1
22347 2
22348 1
22349 2
22350 1
22351 2
22352 1
22353 2
22354 1
22355 2
22356 1
22357 2
22358 1
22359 2
22360 1
22361 2
22362 1
22363 2
22364 1
22365 2
22366 1
22367 2
22368 1
22369 2
22370 1
22371 2
22372 1
22373 2
22374 1
22375 2
22376 1
22377 2
22378 1
22379 2
22380 1
22381 2
22382 1
22383 2
22384 1
22385 2
22386 1
22387 2
22388 1
22389 2
22390 1
22391 2
22392 1
22393 2
22394 1
22395 2
22396 1
22397 2
22398 1
22399 2
22400 1
22401 2
22402 1
22403 2
22404 1
22405 2
22406 1
22407 2
22408 1
22409 2
22410 1
22411 2
22412 1
22413 2
22414 1
22415 2
22416 1
22417 2
22418 1
22419 2
22420 1
22421 2
22422 1
22423 2
22424 1
22425 2
22426 1
22427 2
22428 1
22429 2
22430 1
22431 2
22432 1
22433 2
22434 1
22435 2
22436 1
22437 2
22438 1
22439 2
22440 1
22441 2
22442 1
22443 2
22444 1
22445 2
22446 1
22447 2
22448 1
22449 2
22450 1
22451 2
22452 1
22453 2
22454 1
22455 2
22456 1
22457 2
22458 1
22459 2
22460 1
22461 2
22462 1
22463 2
22464 1
22465 2
22466 1
22467 2
22468 1
22469 2
22470 1
22471 2
22472 1
22473 2
22474 1
22475 2
22476 1
22477 2
22478 1
22479 2
22480 1
22481 2
22482 1
22483 2
22484 1
22485 2
22486 1
22487 2
22488 1
22489 2
22490 1
22491 2
22492 1
22493 2
22494 1
22495 2
22496 1
22497 2
22498 1
22499 2
22500 1
22501 2
22502 1
22503 2
22504 1
22505 2
22506 1
22507 2
22508 1
22509 2
22510 1
22511 2
22512 1
22513 2
22514 1
22515 2
22516 1
22517 2
22518 1
22519 2
22520 1
22521 2
22522 1
22523 2
22524 1
22525 2
22526 1
22527 2
22528 1
22529 2
22530 1
22531 2
22532 1
22533 2
22534 1
22535 2
22536 1
22537 2
22538 1
22539 2
22540 1
22541 2
22542 1
22543 2
22544 1
22545 2
22546 1
22547 2
22548 1
22549 2
22550 1
22551 2
22552 1
22553 2
22554 1
22555 2
22556 1
22557 2
22558 1
22559 2
22560 1
22561 2
22562 1
22563 2
22564 1
22565 2
22566 1
22567 2
22568 1
22569 2
22570 1
22571 2
22572 1
22573 2
22574 1
22575 2
22576 1
22577 2
22578 1
22579 2
22580 1
22581 2
22582 1
22583 2
22584 1
22585 2
22586 1
22587 2
22588 1
22589 2
22590 1
22591 2
22592 1
22593 2
22594 1
22595 2
22596 1
22597 2
22598 1
22599 2
22600 1
22601 2
22602 1
22603 2
22604 1
22605 2
22606 1
22607 2
22608 1
22609 2
22610 1
22611 2
22612 1
22613 2
22614 1
22615 2
22616 1
22617 2
22618 1
22619 2
22620 1
22621 2
22622 1
22623 2
22624 1
22625 2
22626 1
22627 2
22628 1
22629 2
22630 1
22631 2
22632 1
22633 2
22634 1
22635 2
22636 1
22637 2
22638 1
22639 2
22640 1
22641 2
22642 1
22643 2
22644 1
22645 2
22646 1
22647 2
22648 1
22649 2
22650 1
22651 2
22652 1
22653 2
22654 1
22655 2
22656 1
22657 2
22658 1
22659 2
22660 1
22661 2
22662 1
22663 2
22664 1
22665 2
22666 1
22667 2
22668 1
22669 2
22670 1
22671 2
22672 1
22673 2
22674 1
22675 2
22676 1
22677 2
22678 1
22679 2
22680 1
22681 2
22682 1
22683 2
22684 1
22685 2
22686 1
22687 2
22688 1
22689 2
22690 1
22691 2
22692 1
22693 2
22694 1
22695 2
22696 1
22697 2
22698 1
22699 2
22700 1
22701 2
22702 1
22703 2
22704 1
22705 2
22706 1
22707 2
22708 1
22709 2
22710 1
22711 2
22712 1
22713 2
22714 1
22715 2
22716 1
22717 2
22718 1
22719 2
22720 1
22721 2
22722 1
22723 2
22724 1
22725 2
22726 1
22727 2
22728 1
22729 2
22730 1
22731 2
22732 1
22733 2
22734 1
22735 2
22736 1
22737 2
22738 1
22739 2
22740 1
22741 2
22742 1
22743 2
22744 1
22745 2
22746 1
22747 2
22748 1
22749 2
22750 1
22751 2
22752 1
22753 2
22754 1
22755 2
22756 1
22757 2
22758 1
22759 2
22760 1
22761 2
22762 1
22763 2
22764 1
22765 2
22766 1
22767 2
22768 1
22769 2
22770 1
22771 2
22772 1
22773 2
22774 1
22775 2
22776 1
22777 2
22778 1
22779 2
22780 1
22781 2
22782 1
22783 2
22784 1
22785 2
22786 1
22787 2
22788 1
22789 2
22790 1
22791 2
22792 1
22793 2
22794 1
22795 2
22796 1
22797 2
22798 1
22799 2
22800 1
22801 2
22802 1
22803 2
22804 1
22805 2
22806 1
22807 2
22808 1
22809 2
22810 1
22811 2
22812 1
22813 2
22814 1
22815 2
22816 1
22817 2
22818 1
22819 2
22820 1
22821 2
22822 1
22823 2
22824 1
22825 2
22826 1
22827 2
22828 1
22829 2
22830 1
22831 2
22832 1
22833 2
22834 1
22835 2
22836 1
22837 2
22838 1
22839 2
22840 1
22841 2
22842 1
22843 2
22844 1
22845 2
22846 1
22847 2
22848 1
22849 2
22850 1
22851 2
22852 1
22853 2
22854 1
22855 2
22856 1
22857 2
22858 1
22859 2
22860 1
22861 2
22862 1
22863 2
22864 1
22865 2
22866 1
22867 2
22868 1
22869 2
22870 1
22871 2
22872 1
22873 2
22874 1
22875 2
22876 1
22877 2
22878 1
22879 2
22880 1
22881 2
22882 1
22883 2
22884 1
22885 2
22886 1
22887 2
22888 1
22889 2
22890 1
22891 2
22892 1
22893 2
22894 1
22895 2
22896 1
22897 2
22898 1
22899 2
22900 1
22901 2
22902 1
22903 2
22904 1
22905 2
22906 1
22907 2
22908 1
22909 2
22910 1
22911 2
22912 1
22913 2
22914 1
22915 2
22916 1
22917 2
22918 1
22919 2
22920 1
22921 2
22922 1
22923 2
22924 1
22925 2
22926 1
22927 2
22928 1
22929 2
22930 1
22931 2
22932 1
22933 2
22934 1
22935 2
22936 1
22937 2
22938 1
22939 2
22940 1
22941 2
22942 1
22943 2
22944 1
22945 2
22946 1
22947 2
22948 1
22949 2
22950 1
22951 2
22952 1
22953 2
22954 1
22955 2
22956 1
22957 2
22958 1
22959 2
22960 1
22961 2
22962 1
22963 2
22964 1
22965 2
22966 1
22967 2
22968 1
22969 2
22970 1
22971 2
22972 1
22973 2
22974 1
22975 2
22976 1
22977 2
22978 1
22979 2
22980 1
22981 2
22982 1
22983 2
22984 1
22985 2
22986 1
22987 2
22988 1
22989 2
22990 1
22991 2
22992 1
22993 2
22994 1
22995 2
22996 1
22997 2
22998 1
22999 2
23000 1
23001 2
23002 1
23003 2
23004 1
23005 2
23006 1
23007 2
23008 1
23009 2
23010 1
23011 2
23012 1
23013 2
23014 1
23015 2
23016 1
23017 2
23018 1
23019 2
23020 1
23021 2
23022 1
23023 2
23024 1
23025 2
23026 1
23027 2
23028 1
23029 2
23030 1
23031 2
23032 1
23033 2
23034 1
23035 2
23036 1
23037 2
23038 1
23039 2
23040 1
23041 2
23042 1
23043 2
23044 1
23045 2
23046 1
23047 2
23048 1
23049 2
23050 1
23051 2
23052 1
23053 2
23054 1
23055 2
23056 1
23057 2
23058 1
23059 2
23060 1
23061 2
23062 1
23063 2
23064 1
23065 2
23066 1
23067 2
23068 1
23069 2
23070 1
23071 2
23072 1
23073 2
23074 1
23075 2
23076 1
23077 2
23078 1
23079 2
23080 1
23081 2
23082 1
23083 2
23084 1
23085 2
23086 1
23087 2
23088 1
23089 2
23090 1
23091 2
23092 1
23093 2
23094 1
23095 2
23096 1
23097 2
23098 1
23099 2
23100 1
23101 2
23102 1
23103 2
23104 1
23105 2
23106 1
23107 2
23108 1
23109 2
23110 1
23111 2
23112 1
23113 2
23114 1
23115 2
23116 1
23117 2
23118 1
23119 2
23120 1
23121 2
23122 1
23123 2
23124 1
23125 2
23126 1
23127 2
23128 1
23129 2
23130 1
23131 2
23132 1
23133 2
23134 1
23135 2
23136 1
23137 2
23138 1
23139 2
23140 1
23141 2
23142 1
23143 2
23144 1
23145 2
23146 1
23147 2
23148 1
23149 2
23150 1
23151 2
23152 1
23153 2
23154 1
23155 2
23156 1
23157 2
23158 1
23159 2
23160 1
23161 2
23162 1
23163 2
23164 1
23165 2
23166 1
23167 2
23168 1
23169 2
23170 1
23171 2
23172 1
23173 2
23174 1
23175 2
23176 1
23177 2
23178 1
23179 2
23180 1
23181 2
23182 1
23183 2
23184 1
23185 2
23186 1
23187 2
23188 1
23189 2
23190 1
23191 2
23192 1
23193 2
23194 1
23195 2
23196 1
23197 2
23198 1
23199 2
23200 1
23201 2
23202 1
23203 2
23204 1
23205 2
23206 1
23207 2
23208 1
23209 2
23210 1
23211 2
23212 1
23213 2
23214 1
23215 2
23216 1
23217 2
23218 1
23219 2
23220 1
23221 2
23222 1
23223 2
23224 1
23225 2
23226 1
23227 2
23228 1
23229 2
23230 1
23231 2
23232 1
23233 2
23234 1
23235 2
23236 1
23237 2
23238 1
23239 2
23240 1
23241 2
23242 1
23243 2
23244 1
23245 2
23246 1
23247 2
23248 1
23249 2
23250 1
23251 2
23252 1
23253 2
23254 1
23255 2
23256 1
23257 2
23258 1
23259 2
23260 1
23261 2
23262 1
23263 2
23264 1
23265 2
23266 1
23267 2
23268 1
23269 2
23270 1
23271 2
23272 1
23273 2
23274 1
23275 2
23276 1
23277 2
23278 1
23279 2
23280 1
23281 2
23282 1
23283 2
23284 1
23285 2
23286 1
23287 2
23288 1
23289 2
23290 1
23291 2
23292 1
23293 2
23294 1
23295 2
23296 1
23297 2
23298 1
23299 2
23300 1
23301 2
23302 1
23303 2
23304 1
23305 2
23306 1
23307 2
23308 1
23309 2
23310 1
23311 2
23312 1
23313 2
23314 1
23315 2
23316 1
23317 2
23318 1
23319 2
23320 1
23321 2
23322 1
23323 2
23324 1
23325 2
23326 1
23327 2
23328 1
23329 2
23330 1
23331 2
23332 1
23333 2
23334 1
23335 2
23336 1
23337 2
23338 1
23339 2
23340 1
23341 2
23342 1
23343 2
23344 1
23345 2
23346 1
23347 2
23348 1
23349 2
23350 1
23351 2
23352 1
23353 2
23354 1
23355 2
23356 1
23357 2
23358 1
23359 2
23360 1
23361 2
23362 1
23363 2
23364 1
23365 2
23366 1
23367 2
23368 1
23369 2
23370 1
23371 2
23372 1
23373 2
23374 1
23375 2
23376 1
23377 2
23378 1
23379 2
23380 1
23381 2
23382 1
23383 2
23384 1
23385 2
23386 1
23387 2
23388 1
23389 2
23390 1
23391 2
23392 1
23393 2
23394 1
23395 2
23396 1
23397 2
23398 1
23399 2
23400 1
23401 2
23402 1
23403 2
23404 1
23405 2
23406 1
23407 2
23408 1
23409 2
23410 1
23411 2
23412 1
23413 2
23414 1
23415 2
23416 1
23417 2
23418 1
23419 2
23420 1
23421 2
23422 1
23423 2
23424 1
23425 2
23426 1
23427 2
23428 1
23429 2
23430 1
23431 2
23432 1
23433 2
23434 1
23435 2
23436 1
23437 2
23438 1
23439 2
23440 1
23441 2
23442 1
23443 2
23444 1
23445 2
23446 1
23447 2
23448 1
23449 2
23450 1
23451 2
23452 1
23453 2
23454 1
23455 2
23456 1
23457 2
23458 1
23459 2
23460 1
23461 2
23462 1
23463 2
23464 1
23465 2
23466 1
23467 2
23468 1
23469 2
23470 1
23471 2
23472 1
23473 2
23474 1
23475 2
23476 1
23477 2
23478 1
23479 2
23480 1
23481 2
23482 1
23483 2
23484 1
23485 2
23486 1
23487 2
23488 1
23489 2
23490 1
23491 2
23492 1
23493 2
23494 1
23495 2
23496 1
23497 2
23498 1
23499 2
23500 1
23501 2
23502 1
23503 2
23504 1
23505 2
23506 1
23507 2
23508 1
23509 2
23510 1
23511 2
23512 1
23513 2
23514 1
23515 2
23516 1
23517 2
23518 1
23519 2
23520 1
23521 2
23522 1
23523 2
23524 1
23525 2
23526 1
23527 2
23528 1
23529 2
23530 1
23531 2
23532 1
23533 2
23534 1
23535 2
23536 1
23537 2
23538 1
23539 2
23540 1
23541 2
23542 1
23543 2
23544 1
23545 2
23546 1
23547 2
23548 1
23549 2
23550 1
23551 2
23552 1
23553 2
23554 1
23555 2
23556 1
23557 2
23558 1
23559 2
23560 1
23561 2
23562 1
23563 2
23564 1
23565 2
23566 1
23567 2
23568 1
23569 2
23570 1
23571 2
23572 1
23573 2
23574 1
23575 2
23576 1
23577 2
23578 1
23579 2
23580 1
23581 2
23582 1
23583 2
23584 1
23585 2
23586 1
23587 2
23588 1
23589 2
23590 1
23591 2
23592 1
23593 2
23594 1
23595 2
23596 1
23597 2
23598 1
23599 2
23600 1
23601 2
23602 1
23603 2
23604 1
23605 2
23606 1
23607 2
23608 1
23609 2
23610 1
23611 2
23612 1
23613 2
23614 1
23615 2
23616 1
23617 2
23618 1
23619 2
23620 1
23621 2
23622 1
23623 2
23624 1
23625 2
23626 1
23627 2
23628 1
23629 2
23630 1
23631 2
23632 1
23633 2
23634 1
23635 2
23636 1
23637 2
23638 1
23639 2
23640 1
23641 2
23642 1
23643 2
23644 1
23645 2
23646 1
23647 2
23648 1
23649 2
23650 1
23651 2
23652 1
23653 2
23654 1
23655 2
23656 1
23657 2
23658 1
23659 2
23660 1
23661 2
23662 1
23663 2
23664 1
23665 2
23666 1
23667 2
23668 1
23669 2
23670 1
23671 2
23672 1
23673 2
23674 1
23675 2
23676 1
23677 2
23678 1
23679 2
23680 1
23681 2
23682 1
23683 2
23684 1
23685 2
23686 1
23687 2
23688 1
23689 2
23690 1
23691 2
23692 1
23693 2
23694 1
23695 2
23696 1
23697 2
23698 1
23699 2
23700 1
23701 2
23702 1
23703 2
23704 1
23705 2
23706 1
23707 2
23708 1
23709 2
23710 1
23711 2
23712 1
23713 2
23714 1
23715 2
23716 1
23717 2
23718 1
23719 2
23720 1
23721 2
23722 1
23723 2
23724 1
23725 2
23726 1
23727 2
23728 1
23729 2
23730 1
23731 2
23732 1
23733 2
23734 1
23735 2
23736 1
23737 2
23738 1
23739 2
23740 1
23741 2
23742 1
23743 2
23744 1
23745 2
23746 1
23747 2
23748 1
23749 2
23750 1
23751 2
23752 1
23753 2
23754 1
23755 2
23756 1
23757 2
23758 1
23759 2
23760 1
23761 2
23762 1
23763 2
23764 1
23765 2
23766 1
23767 2
23768 1
23769 2
23770 1
23771 2
23772 1
23773 2
23774 1
23775 2
23776 1
23777 2
23778 1
23779 2
23780 1
23781 2
23782 1
23783 2
23784 1
23785 2
23786 1
23787 2
23788 1
23789 2
23790 1
23791 2
23792 1
23793 2
23794 1
23795 2
23796 1
23797 2
23798 1
23799 2
23800 1
23801 2
23802 1
23803 2
23804 1
23805 2
23806 1
23807 2
23808 1
23809 2
23810 1
23811 2
23812 1
23813 2
23814 1
23815 2
23816 1
23817 2
23818 1
23819 2
23820 1
23821 2
23822 1
23823 2
23824 1
23825 2
23826 1
23827 2
23828 1
23829 2
23830 1
23831 2
23832 1
23833 2
23834 1
23835 2
23836 1
23837 2
23838 1
23839 2
23840 1
23841 2
23842 1
23843 2
23844 1
23845 2
23846 1
23847 2
23848 1
23849 2
23850 1
23851 2
23852 1
23853 2
23854 1
23855 2
23856 1
23857 2
23858 1
23859 2
23860 1
23861 2
23862 1
23863 2
23864 1
23865 2
23866 1
23867 2
23868 1
23869 2
23870 1
23871 2
23872 1
23873 2
23874 1
23875 2
23876 1
23877 2
23878 1
23879 2
23880 1
23881 2
23882 1
23883 2
23884 1
23885 2
23886 1
23887 2
23888 1
23889 2
23890 1
23891 2
23892 1
23893 2
23894 1
23895 2
23896 1
23897 2
23898 1
23899 2
23900 1
23901 2
23902 1
23903 2
23904 1
23905 2
23906 1
23907 2
23908 1
23909 2
23910 1
23911 2
23912 1
23913 2
23914 1
23915 2
23916 1
23917 2
23918 1
23919 2
23920 1
23921 2
23922 1
23923 2
23924 1
23925 2
23926 1
23927 2
23928 1
23929 2
23930 1
23931 2
23932 1
23933 2
23934 1
23935 2
23936 1
23937 2
23938 1
23939 2
23940 1
23941 2
23942 1
23943 2
23944 1
23945 2
23946 1
23947 2
23948 1
23949 2
23950 1
23951 2
23952 1
23953 2
23954 1
23955 2
23956 1
23957 2
23958 1
23959 2
23960 1
23961 2
23962 1
23963 2
23964 1
23965 2
23966 1
23967 2
23968 1
23969 2
23970 1
23971 2
23972 1
23973 2
23974 1
23975 2
23976 1
23977 2
23978 1
23979 2
23980 1
23981 2
23982 1
23983 2
23984 1
23985 2
23986 1
23987 2
23988 1
23989 2
23990 1
23991 2
23992 1
23993 2
23994 1
23995 2
23996 1
23997 2
23998 1
23999 2
24000 1
24001 2
24002 1
24003 2
24004 1
24005 2
24006 1
24007 2
24008 1
24009 2
24010 1
24011 2
24012 1
24013 2
24014 1
24015 2
24016 1
24017 2
24018 1
24019 2
24020 1
24021 2
24022 1
24023 2
24024 1
24025 2
24026 1
24027 2
24028 1
24029 2
24030 1
24031 2
24032 1
24033 2
24034 1
24035 2
24036 1
24037 2
24038 1
24039 2
24040 1
24041 2
24042 1
24043 2
24044 1
24045 2
24046 1
24047 2
24048 1
24049 2
24050 1
24051 2
24052 1
24053 2
24054 1
24055 2
24056 1
24057 2
24058 1
24059 2
24060 1
24061 2
24062 1
24063 2
24064 1
24065 2
24066 1
24067 2
24068 1
24069 2
24070 1
24071 2
24072 1
24073 2
24074 1
24075 2
24076 1
24077 2
24078 1
24079 2
24080 1
24081 2
24082 1
24083 2
24084 1
24085 2
24086 1
24087 2
24088 1
24089 2
24090 1
24091 2
24092 1
24093 2
24094 1
24095 2
24096 1
24097 2
24098 1
24099 2
24100 1
24101 2
24102 1
24103 2
24104 1
24105 2
24106 1
24107 2
24108 1
24109 2
24110 1
24111 2
24112 1
24113 2
24114 1
24115 2
24116 1
24117 2
24118 1
24119 2
24120 1
24121 2
24122 1
24123 2
24124 1
24125 2
24126 1
24127 2
24128 1
24129 2
24130 1
24131 2
24132 1
24133 2
24134 1
24135 2
24136 1
24137 2
24138 1
24139 2
24140 1
24141 2
24142 1
24143 2
24144 1
24145 2
24146 1
24147 2
24148 1
24149 2
24150 1
24151 2
24152 1
24153 2
24154 1
24155 2
24156 1
24157 2
24158 1
24159 2
24160 1
24161 2
24162 1
24163 2
24164 1
24165 2
24166 1
24167 2
24168 1
24169 2
24170 1
24171 2
24172 1
24173 2
24174 1
24175 2
24176 1
24177 2
24178 1
24179 2
24180 1
24181 2
24182 1
24183 2
24184 1
24185 2
24186 1
24187 2
24188 1
24189 2
24190 1
24191 2
24192 1
24193 2
24194 1
24195 2
24196 1
24197 2
24198 1
24199 2
24200 1
24201 2
24202 1
24203 2
24204 1
24205 2
24206 1
24207 2
24208 1
24209 2
24210 1
24211 2
24212 1
24213 2
24214 1
24215 2
24216 1
24217 2
24218 1
24219 2
24220 1
24221 2
24222 1
24223 2
24224 1
24225 2
24226 1
24227 2
24228 1
24229 2
24230 1
24231 2
24232 1
24233 2
24234 1
24235 2
24236 1
24237 2
24238 1
24239 2
24240 1
24241 2
24242 1
24243 2
24244 1
24245 2
24246 1
24247 2
24248 1
24249 2
24250 1
24251 2
24252 1
24253 2
24254 1
24255 2
24256 1
24257 2
24258 1
24259 2
24260 1
24261 2
24262 1
24263 2
24264 1
24265 2
24266 1
24267 2
24268 1
24269 2
24270 1
24271 2
24272 1
24273 2
24274 1
24275 2
24276 1
24277 2
24278 1
24279 2
24280 1
24281 2
24282 1
24283 2
24284 1
24285 2
24286 1
24287 2
24288 1
24289 2
24290 1
24291 2
24292 1
24293 2
24294 1
24295 2
24296 1
24297 2
24298 1
24299 2
24300 1
24301 2
24302 1
24303 2
24304 1
24305 2
24306 1
24307 2
24308 1
24309 2
24310 1
24311 2
24312 1
24313 2
24314 1
24315 2
24316 1
24317 2
24318 1
24319 2
24320 1
24321 2
24322 1
24323 2
24324 1
24325 2
24326 1
24327 2
24328 1
24329 2
24330 1
24331 2
24332 1
24333 2
24334 1
24335 2
24336 1
24337 2
24338 1
24339 2
24340 1
24341 2
24342 1
24343 2
24344 1
24345 2
24346 1
24347 2
24348 1
24349 2
24350 1
24351 2
24352 1
24353 2
24354 1
24355 2
24356 1
24357 2
24358 1
24359 2
24360 1
24361 2
24362 1
24363 2
24364 1
24365 2
24366 1
24367 2
24368 1
24369 2
24370 1
24371 2
24372 1
24373 2
24374 1
24375 2
24376 1
24377 2
24378 1
24379 2
24380 1
24381 2
24382 1
24383 2
24384 1
24385 2
24386 1
24387 2
24388 1
24389 2
24390 1
24391 2
24392 1
24393 2
24394 1
24395 2
24396 1
24397 2
24398 1
24399 2
24400 1
24401 2
24402 1
24403 2
24404 1
24405 2
24406 1
24407 2
24408 1
24409 2
24410 1
24411 2
24412 1
24413 2
24414 1
24415 2
24416 1
24417 2
24418 1
24419 2
24420 1
24421 2
24422 1
24423 2
24424 1
24425 2
24426 1
24427 2
24428 1
24429 2
24430 1
24431 2
24432 1
24433 2
24434 1
24435 2
24436 1
24437 2
24438 1
24439 2
24440 1
24441 2
24442 1
24443 2
24444 1
24445 2
24446 1
24447 2
24448 1
24449 2
24450 1
24451 2
24452 1
24453 2
24454 1
24455 2
24456 1
24457 2
24458 1
24459 2
24460 1
24461 2
24462 1
24463 2
24464 1
24465 2
24466 1
24467 2
24468 1
24469 2
24470 1
24471 2
24472 1
24473 2
24474 1
24475 2
24476 1
24477 2
24478 1
24479 2
24480 1
24481 2
24482 1
24483 2
24484 1
24485 2
24486 1
24487 2
24488 1
24489 2
24490 1
24491 2
24492 1
24493 2
24494 1
24495 2
24496 1
24497 2
24498 1
24499 2
24500 1
24501 2
24502 1
24503 2
24504 1
24505 2
24506 1
24507 2
24508 1
24509 2
24510 1
24511 2
24512 1
24513 2
24514 1
24515 2
24516 1
24517 2
24518 1
24519 2
24520 1
24521 2
24522 1
24523 2
24524 1
24525 2
24526 1
24527 2
24528 1
24529 2
24530 1
24531 2
24532 1
24533 2
24534 1
24535 2
24536 1
24537 2
24538 1
24539 2
24540 1
24541 2
24542 1
24543 2
24544 1
24545 2
24546 1
24547 2
24548 1
24549 2
24550 1
24551 2
24552 1
24553 2
24554 1
24555 2
24556 1
24557 2
24558 1
24559 2
24560 1
24561 2
24562 1
24563 2
24564 1
24565 2
24566 1
24567 2
24568 1
24569 2
24570 1
24571 2
24572 1
24573 2
24574 1
24575 2
24576 1
24577 2
24578 1
24579 2
24580 1
24581 2
24582 1
24583 2
24584 1
24585 2
24586 1
24587 2
24588 1
24589 2
24590 1
24591 2
24592 1
24593 2
24594 1
24595 2
24596 1
24597 2
24598 1
24599 2
24600 1
24601 2
24602 1
24603 2
24604 1
24605 2
24606 1
24607 2
24608 1
24609 2
24610 1
24611 2
24612 1
24613 2
24614 1
24615 2
24616 1
24617 2
24618 1
24619 2
24620 1
24621 2
24622 1
24623 2
24624 1
24625 2
24626 1
24627 2
24628 1
24629 2
24630 1
24631 2
24632 1
24633 2
24634 1
24635 2
24636 1
24637 2
24638 1
24639 2
24640 1
24641 2
24642 1
24643 2
24644 1
24645 2
24646 1
24647 2
24648 1
24649 2
24650 1
24651 2
24652 1
24653 2
24654 1
24655 2
24656 1
24657 2
24658 1
24659 2
24660 1
24661 2
24662 1
24663 2
24664 1
24665 2
24666 1
24667 2
24668 1
24669 2
24670 1
24671 2
24672 1
24673 2
24674 1
24675 2
24676 1
24677 2
24678 1
24679 2
24680 1
24681 2
24682 1
24683 2
24684 1
24685 2
24686 1
24687 2
24688 1
24689 2
24690 1
24691 2
24692 1
24693 2
24694 1
24695 2
24696 1
24697 2
24698 1
24699 2
24700 1
24701 2
24702 1
24703 2
24704 1
24705 2
24706 1
24707 2
24708 1
24709 2
24710 1
24711 2
24712 1
24713 2
24714 1
24715 2
24716 1
24717 2
24718 1
24719 2
24720 1
24721 2
24722 1
24723 2
24724 1
24725 2
24726 1
24727 2
24728 1
24729 2
24730 1
24731 2
24732 1
24733 2
24734 1
24735 2
24736 1
24737 2
24738 1
24739 2
24740 1
24741 2
24742 1
24743 2
24744 1
24745 2
24746 1
24747 2
24748 1
24749 2
24750 1
24751 2
24752 1
24753 2
24754 1
24755 2
24756 1
24757 2
24758 1
24759 2
24760 1
24761 2
24762 1
24763 2
24764 1
24765 2
24766 1
24767 2
24768 1
24769 2
24770 1
24771 2
24772 1
24773 2
24774 1
24775 2
24776 1
24777 2
24778 1
24779 2
24780 1
24781 2
24782 1
24783 2
24784 1
24785 2
24786 1
24787 2
24788 1
24789 2
24790 1
24791 2
24792 1
24793 2
24794 1
24795 2
24796 1
24797 2
24798 1
24799 2
24800 1
24801 2
24802 1
24803 2
24804 1
24805 2
24806 1
24807 2
24808 1
24809 2
24810 1
24811 2
24812 1
24813 2
24814 1
24815 2
24816 1
24817 2
24818 1
24819 2
24820 1
24821 2
24822 1
24823 2
24824 1
24825 2
24826 1
24827 2
24828 1
24829 2
24830 1
24831 2
24832 1
24833 2
24834 1
24835 2
24836 1
24837 2
24838 1
24839 2
24840 1
24841 2
24842 1
24843 2
24844 1
24845 2
24846 1
24847 2
24848 1
24849 2
24850 1
24851 2
24852 1
24853 2
24854 1
24855 2
24856 1
24857 2
24858 1
24859 2
24860 1
24861 2
24862 1
24863 2
24864 1
24865 2
24866 1
24867 2
24868 1
24869 2
24870 1
24871 2
24872 1
24873 2
24874 1
24875 2
24876 1
24877 2
24878 1
24879 2
24880 1
24881 2
24882 1
24883 2
24884 1
24885 2
24886 1
24887 2
24888 1
24889 2
24890 1
24891 2
24892 1
24893 2
24894 1
24895 2
24896 1
24897 2
24898 1
24899 2
24900 1
24901 2
24902 1
24903 2
24904 1
24905 2
24906 1
24907 2
24908 1
24909 2
24910 1
24911 2
24912 1
24913 2
24914 1
24915 2
24916 1
24917 2
24918 1
24919 2
24920 1
24921 2
24922 1
24923 2
24924 1
24925 2
24926 1
24927 2
24928 1
24929 2
24930 1
24931 2
24932 1
24933 2
24934 1
24935 2
24936 1
24937 2
24938 1
24939 2
24940 1
24941 2
24942 1
24943 2
24944 1
24945 2
24946 1
24947 2
24948 1
24949 2
24950 1
24951 2
24952 1
24953 2
24954 1
24955 2
24956 1
24957 2
24958 1
24959 2
24960 1
24961 2
24962 1
24963 2
24964 1
24965 2
24966 1
24967 2
24968 1
24969 2
24970 1
24971 2
24972 1
24973 2
24974 1
24975 2
24976 1
24977 2
24978 1
24979 2
24980 1
24981 2
24982 1
24983 2
24984 1
24985 2
24986 1
24987 2
24988 1
24989 2
24990 1
24991 2
24992 1
24993 2
24994 1
24995 2
24996 1
24997 2
24998 1
24999 2
25000 1
25001 2
25002 1
25003 2
25004 1
25005 2
25006 1
25007 2
25008 1
25009 2
25010 1
25011 2
25012 1
25013 2
25014 1
25015 2
25016 1
25017 2
25018 1
25019 2
25020 1
25021 2
25022 1
25023 2
25024 1
25025 2
25026 1
25027 2
25028 1
25029 2
25030 1
25031 2
25032 1
25033 2
25034 1
25035 2
25036 1
25037 2
25038 1
25039 2
25040 1
25041 2
25042 1
25043 2
25044 1
25045 2
25046 1
25047 2
25048 1
25049 2
25050 1
25051 2
25052 1
25053 2
25054 1
25055 2
25056 1
25057 2
25058 1
25059 2
25060 1
25061 2
25062 1
25063 2
25064 1
25065 2
25066 1
25067 2
25068 1
25069 2
25070 1
25071 2
25072 1
25073 2
25074 1
25075 2
25076 1
25077 2
25078 1
25079 2
25080 1
25081 2
25082 1
25083 2
25084 1
25085 2
25086 1
25087 2
25088 1
25089 2
25090 1
25091 2
25092 1
25093 2
25094 1
25095 2
25096 1
25097 2
25098 1
25099 2
25100 1
25101 2
25102 1
25103 2
25104 1
25105 2
25106 1
25107 2
25108 1
25109 2
25110 1
25111 2
25112 1
25113 2
25114 1
25115 2
25116 1
25117 2
25118 1
25119 2
25120 1
25121 2
25122 1
25123 2
25124 1
25125 2
25126 1
25127 2
25128 1
25129 2
25130 1
25131 2
25132 1
25133 2
25134 1
25135 2
25136 1
25137 2
25138 1
25139 2
25140 1
25141 2
25142 1
25143 2
25144 1
25145 2
25146 1
25147 2
25148 1
25149 2
25150 1
25151 2
25152 1
25153 2
25154 1
25155 2
25156 1
25157 2
25158 1
25159 2
25160 1
25161 2
25162 1
25163 2
25164 1
25165 2
25166 1
25167 2
25168 1
25169 2
25170 1
25171 2
25172 1
25173 2
25174 1
25175 2
25176 1
25177 2
25178 1
25179 2
25180 1
25181 2
25182 1
25183 2
25184 1
25185 2
25186 1
25187 2
25188 1
25189 2
25190 1
25191 2
25192 1
25193 2
25194 1
25195 2
25196 1
25197 2
25198 1
25199 2
25200 1
25201 2
25202 1
25203 2
25204 1
25205 2
25206 1
25207 2
25208 1
25209 2
25210 1
25211 2
25212 1
25213 2
25214 1
25215 2
25216 1
25217 2
25218 1
25219 2
25220 1
25221 2
25222 1
25223 2
25224 1
25225 2
25226 1
25227 2
25228 1
25229 2
25230 1
25231 2
25232 1
25233 2
25234 1
25235 2
25236 1
25237 2
25238 1
25239 2
25240 1
25241 2
25242 1
25243 2
25244 1
25245 2
25246 1
25247 2
25248 1
25249 2
25250 1
25251 2
25252 1
25253 2
25254 1
25255 2
25256 1
25257 2
25258 1
25259 2
25260 1
25261 2
25262 1
25263 2
25264 1
25265 2
25266 1
25267 2
25268 1
25269 2
25270 1
25271 2
25272 1
25273 2
25274 1
25275 2
25276 1
25277 2
25278 1
25279 2
25280 1
25281 2
25282 1
25283 2
25284 1
25285 2
25286 1
25287 2
25288 1
25289 2
25290 1
25291 2
25292 1
25293 2
25294 1
25295 2
25296 1
25297 2
25298 1
25299 2
25300 1
25301 2
25302 1
25303 2
25304 1
25305 2
25306 1
25307 2
25308 1
25309 2
25310 1
25311 2
25312 1
25313 2
25314 1
25315 2
25316 1
25317 2
25318 1
25319 2
25320 1
25321 2
25322 1
25323 2
25324 1
25325 2
25326 1
25327 2
25328 1
25329 2
25330 1
25331 2
25332 1
25333 2
25334 1
25335 2
25336 1
25337 2
25338 1
25339 2
25340 1
25341 2
25342 1
25343 2
25344 1
25345 2
25346 1
25347 2
25348 1
25349 2
25350 1
25351 2
25352 1
25353 2
25354 1
25355 2
25356 1
25357 2
25358 1
25359 2
25360 1
25361 2
25362 1
25363 2
25364 1
25365 2
25366 1
25367 2
25368 1
25369 2
25370 1
25371 2
25372 1
25373 2
25374 1
25375 2
25376 1
25377 2
25378 1
25379 2
25380 1
25381 2
25382 1
25383 2
25384 1
25385 2
25386 1
25387 2
25388 1
25389 2
25390 1
25391 2
25392 1
25393 2
25394 1
25395 2
25396 1
25397 2
25398 1
25399 2
25400 1
25401 2
25402 1
25403 2
25404 1
25405 2
25406 1
25407 2
25408 1
25409 2
25410 1
25411 2
25412 1
25413 2
25414 1
25415 2
25416 1
25417 2
25418 1
25419 2
25420 1
25421 2
25422 1
25423 2
25424 1
25425 2
25426 1
25427 2
25428 1
25429 2
25430 1
25431 2
25432 1
25433 2
25434 1
25435 2
25436 1
25437 2
25438 1
25439 2
25440 1
25441 2
25442 1
25443 2
25444 1
25445 2
25446 1
25447 2
25448 1
25449 2
25450 1
25451 2
25452 1
25453 2
25454 1
25455 2
25456 1
25457 2
25458 1
25459 2
25460 1
25461 2
25462 1
25463 2
25464 1
25465 2
25466 1
25467 2
25468 1
25469 2
25470 1
25471 2
25472 1
25473 2
25474 1
25475 2
25476 1
25477 2
25478 1
25479 2
25480 1
25481 2
25482 1
25483 2
25484 1
25485 2
25486 1
25487 2
25488 1
25489 2
25490 1
25491 2
25492 1
25493 2
25494 1
25495 2
25496 1
25497 2
25498 1
25499 2
25500 1
25501 2
25502 1
25503 2
25504 1
25505 2
25506 1
25507 2
25508 1
25509 2
25510 1
25511 2
25512 1
25513 2
25514 1
25515 2
25516 1
25517 2
25518 1
25519 2
25520 1
25521 2
25522 1
25523 2
25524 1
25525 2
25526 1
25527 2
25528 1
25529 2
25530 1
25531 2
25532 1
25533 2
25534 1
25535 2
25536 1
25537 2
25538 1
25539 2
25540 1
25541 2
25542 1
25543 2
25544 1
25545 2
25546 1
25547 2
25548 1
25549 2
25550 1
25551 2
25552 1
25553 2
25554 1
25555 2
25556 1
25557 2
25558 1
25559 2
25560 1
25561 2
25562 1
25563 2
25564 1
25565 2
25566 1
25567 2
25568 1
25569 2
25570 1
25571 2
25572 1
25573 2
25574 1
25575 2
25576 1
25577 2
25578 1
25579 2
25580 1
25581 2
25582 1
25583 2
25584 1
25585 2
25586 1
25587 2
25588 1
25589 2
25590 1
25591 2
25592 1
25593 2
25594 1
25595 2
25596 1
25597 2
25598 1
25599 2
25600 1
25601 2
25602 1
25603 2
25604 1
25605 2
25606 1
25607 2
25608 1
25609 2
25610 1
25611 2
25612 1
25613 2
25614 1
25615 2
25616 1
25617 2
25618 1
25619 2
25620 1
25621 2
25622 1
25623 2
25624 1
25625 2
25626 1
25627 2
25628 1
25629 2
25630 1
25631 2
25632 1
25633 2
25634 1
25635 2
25636 1
25637 2
25638 1
25639 2
25640 1
25641 2
25642 1
25643 2
25644 1
25645 2
25646 1
25647 2
25648 1
25649 2
25650 1
25651 2
25652 1
25653 2
25654 1
25655 2
25656 1
25657 2
25658 1
25659 2
25660 1
25661 2
25662 1
25663 2
25664 1
25665 2
25666 1
25667 2
25668 1
25669 2
25670 1
25671 2
25672 1
25673 2
25674 1
25675 2
25676 1
25677 2
25678 1
25679 2
25680 1
25681 2
25682 1
25683 2
25684 1
25685 2
25686 1
25687 2
25688 1
25689 2
25690 1
25691 2
25692 1
25693 2
25694 1
25695 2
25696 1
25697 2
25698 1
25699 2
25700 1
25701 2
25702 1
25703 2
25704 1
25705 2
25706 1
25707 2
25708 1
25709 2
25710 1
25711 2
25712 1
25713 2
25714 1
25715 2
25716 1
25717 2
25718 1
25719 2
25720 1
25721 2
25722 1
25723 2
25724 1
25725 2
25726 1
25727 2
25728 1
25729 2
25730 1
25731 2
25732 1
25733 2
25734 1
25735 2
25736 1
25737 2
25738 1
25739 2
25740 1
25741 2
25742 1
25743 2
25744 1
25745 2
25746 1
25747 2
25748 1
25749 2
25750 1
25751 2
25752 1
25753 2
25754 1
25755 2
25756 1
25757 2
25758 1
25759 2
25760 1
25761 2
25762 1
25763 2
25764 1
25765 2
25766 1
25767 2
25768 1
25769 2
25770 1
25771 2
25772 1
25773 2
25774 1
25775 2
25776 1
25777 2
25778 1
25779 2
25780 1
25781 2
25782 1
25783 2
25784 1
25785 2
25786 1
25787 2
25788 1
25789 2
25790 1
25791 2
25792 1
25793 2
25794 1
25795 2
25796 1
25797 2
25798 1
25799 2
25800 1
25801 2
25802 1
25803 2
25804 1
25805 2
25806 1
25807 2
25808 1
25809 2
25810 1
25811 2
25812 1
25813 2
25814 1
25815 2
25816 1
25817 2
25818 1
25819 2
25820 1
25821 2
25822 1
25823 2
25824 1
25825 2
25826 1
25827 2
25828 1
25829 2
25830 1
25831 2
25832 1
25833 2
25834 1
25835 2
25836 1
25837 2
25838 1
25839 2
25840 1
25841 2
25842 1
25843 2
25844 1
25845 2
25846 1
25847 2
25848 1
25849 2
25850 1
25851 2
25852 1
25853 2
25854 1
25855 2
25856 1
25857 2
25858 1
25859 2
25860 1
25861 2
25862 1
25863 2
25864 1
25865 2
25866 1
25867 2
25868 1
25869 2
25870 1
25871 2
25872 1
25873 2
25874 1
25875 2
25876 1
25877 2
25878 1
25879 2
25880 1
25881 2
25882 1
25883 2
25884 1
25885 2
25886 1
25887 2
25888 1
25889 2
25890 1
25891 2
25892 1
25893 2
25894 1
25895 2
25896 1
25897 2
25898 1
25899 2
25900 1
25901 2
25902 1
25903 2
25904 1
25905 2
25906 1
25907 2
25908 1
25909 2
25910 1
25911 2
25912 1
25913 2
25914 1
25915 2
25916 1
25917 2
25918 1
25919 2
25920 1
25921 2
25922 1
25923 2
25924 1
25925 2
25926 1
25927 2
25928 1
25929 2
25930 1
25931 2
25932 1
25933 2
25934 1
25935 2
25936 1
25937 2
25938 1
25939 2
25940 1
25941 2
25942 1
25943 2
25944 1
25945 2
25946 1
25947 2
25948 1
25949 2
25950 1
25951 2
25952 1
25953 2
25954 1
25955 2
25956 1
25957 2
25958 1
25959 2
25960 1
25961 2
25962 1
25963 2
25964 1
25965 2
25966 1
25967 2
25968 1
25969 2
25970 1
25971 2
25972 1
25973 2
25974 1
25975 2
25976 1
25977 2
25978 1
25979 2
25980 1
25981 2
25982 1
25983 2
25984 1
25985 2
25986 1
25987 2
25988 1
25989 2
25990 1
25991 2
25992 1
25993 2
25994 1
25995 2
25996 1
25997 2
25998 1
25999 2
26000 1
26001 2
26002 1
26003 2
26004 1
26005 2
26006 1
26007 2
26008 1
26009 2
26010 1
26011 2
26012 1
26013 2
26014 1
26015 2
26016 1
26017 2
26018 1
26019 2
26020 1
26021 2
26022 1
26023 2
26024 1
26025 2
26026 1
26027 2
26028 1
26029 2
26030 1
26031 2
26032 1
26033 2
26034 1
26035 2
26036 1
26037 2
26038 1
26039 2
26040 1
26041 2
26042 1
26043 2
26044 1
26045 2
26046 1
26047 2
26048 1
26049 2
26050 1
26051 2
26052 1
26053 2
26054 1
26055 2
26056 1
26057 2
26058 1
26059 2
26060 1
26061 2
26062 1
26063 2
26064 1
26065 2
26066 1
26067 2
26068 1
26069 2
26070 1
26071 2
26072 1
26073 2
26074 1
26075 2
26076 1
26077 2
26078 1
26079 2
26080 1
26081 2
26082 1
26083 2
26084 1
26085 2
26086 1
26087 2
26088 1
26089 2
26090 1
26091 2
26092 1
26093 2
26094 1
26095 2
26096 1
26097 2
26098 1
26099 2
26100 1
26101 2
26102 1
26103 2
26104 1
26105 2
26106 1
26107 2
26108 1
26109 2
26110 1
26111 2
26112 1
26113 2
26114 1
26115 2
26116 1
26117 2
26118 1
26119 2
26120 1
26121 2
26122 1
26123 2
26124 1
26125 2
26126 1
26127 2
26128 1
26129 2
26130 1
26131 2
26132 1
26133 2
26134 1
26135 2
26136 1
26137 2
26138 1
26139 2
26140 1
26141 2
26142 1
26143 2
26144 1
26145 2
26146 1
26147 2
26148 1
26149 2
26150 1
26151 2
26152 1
26153 2
26154 1
26155 2
26156 1
26157 2
26158 1
26159 2
26160 1
26161 2
26162 1
26163 2
26164 1
26165 2
26166 1
26167 2
26168 1
26169 2
26170 1
26171 2
26172 1
26173 2
26174 1
26175 2
26176 1
26177 2
26178 1
26179 2
26180 1
26181 2
26182 1
26183 2
26184 1
26185 2
26186 1
26187 2
26188 1
26189 2
26190 1
26191 2
26192 1
26193 2
26194 1
26195 2
26196 1
26197 2
26198 1
26199 2
26200 1
26201 2
26202 1
26203 2
26204 1
26205 2
26206 1
26207 2
26208 1
26209 2
26210 1
26211 2
26212 1
26213 2
26214 1
26215 2
26216 1
26217 2
26218 1
26219 2
26220 1
26221 2
26222 1
26223 2
26224 1
26225 2
26226 1
26227 2
26228 1
26229 2
26230 1
26231 2
26232 1
26233 2
26234 1
26235 2
26236 1
26237 2
26238 1
26239 2
26240 1
26241 2
26242 1
26243 2
26244 1
26245 2
26246 1
26247 2
26248 1
26249 2
26250 1
26251 2
26252 1
26253 2
26254 1
26255 2
26256 1
26257 2
26258 1
26259 2
26260 1
26261 2
26262 1
26263 2
26264 1
26265 2
26266 1
26267 2
26268 1
26269 2
26270 1
26271 2
26272 1
26273 2
26274 1
26275 2
26276 1
26277 2
26278 1
26279 2
26280 1
26281 2
26282 1
26283 2
26284 1
26285 2
26286 1
26287 2
26288 1
26289 2
26290 1
26291 2
26292 1
26293 2
26294 1
26295 2
26296 1
26297 2
26298 1
26299 2
26300 1
26301 2
26302 1
26303 2
26304 1
26305 2
26306 1
26307 2
26308 1
26309 2
26310 1
26311 2
26312 1
26313 2
26314 1
26315 2
26316 1
26317 2
26318 1
26319 2
26320 1
26321 2
26322 1
26323 2
26324 1
26325 2
26326 1
26327 2
26328 1
26329 2
26330 1
26331 2
26332 1
26333 2
26334 1
26335 2
26336 1
26337 2
26338 1
26339 2
26340 1
26341 2
26342 1
26343 2
26344 1
26345 2
26346 1
26347 2
26348 1
26349 2
26350 1
26351 2
26352 1
26353 2
26354 1
26355 2
26356 1
26357 2
26358 1
26359 2
26360 1
26361 2
26362 1
26363 2
26364 1
26365 2
26366 1
26367 2
26368 1
26369 2
26370 1
26371 2
26372 1
26373 2
26374 1
26375 2
26376 1
26377 2
26378 1
26379 2
26380 1
26381 2
26382 1
26383 2
26384 1
26385 2
26386 1
26387 2
26388 1
26389 2
26390 1
26391 2
26392 1
26393 2
26394 1
26395 2
26396 1
26397 2
26398 1
26399 2
26400 1
26401 2
26402 1
26403 2
26404 1
26405 2
26406 1
26407 2
26408 1
26409 2
26410 1
26411 2
26412 1
26413 2
26414 1
26415 2
26416 1
26417 2
26418 1
26419 2
26420 1
26421 2
26422 1
26423 2
26424 1
26425 2
26426 1
26427 2
26428 1
26429 2
26430 1
26431 2
26432 1
26433 2
26434 1
26435 2
26436 1
26437 2
26438 1
26439 2
26440 1
26441 2
26442 1
26443 2
26444 1
26445 2
26446 1
26447 2
26448 1
26449 2
26450 1
26451 2
26452 1
26453 2
26454 1
26455 2
26456 1
26457 2
26458 1
26459 2
26460 1
26461 2
26462 1
26463 2
26464 1
26465 2
26466 1
26467 2
26468 1
26469 2
26470 1
26471 2
26472 1
26473 2
26474 1
26475 2
26476 1
26477 2
26478 1
26479 2
26480 1
26481 2
26482 1
26483 2
26484 1
26485 2
26486 1
26487 2
26488 1
26489 2
26490 1
26491 2
26492 1
26493 2
26494 1
26495 2
26496 1
26497 2
26498 1
26499 2
26500 1
26501 2
26502 1
26503 2
26504 1
26505 2
26506 1
26507 2
26508 1
26509 2
26510 1
26511 2
26512 1
26513 2
26514 1
26515 2
26516 1
26517 2
26518 1
26519 2
26520 1
26521 2
26522 1
26523 2
26524 1
26525 2
26526 1
26527 2
26528 1
26529 2
26530 1
26531 2
26532 1
26533 2
26534 1
26535 2
26536 1
26537 2
26538 1
26539 2
26540 1
26541 2
26542 1
26543 2
26544 1
26545 2
26546 1
26547 2
26548 1
26549 2
26550 1
26551 2
26552 1
26553 2
26554 1
26555 2
26556 1
26557 2
26558 1
26559 2
26560 1
26561 2
26562 1
26563 2
26564 1
26565 2
26566 1
26567 2
26568 1
26569 2
26570 1
26571 2
26572 1
26573 2
26574 1
26575 2
26576 1
26577 2
26578 1
26579 2
26580 1
26581 2
26582 1
26583 2
26584 1
26585 2
26586 1
26587 2
26588 1
26589 2
26590 1
26591 2
26592 1
26593 2
26594 1
26595 2
26596 1
26597 2
26598 1
26599 2
26600 1
26601 2
26602 1
26603 2
26604 1
26605 2
26606 1
26607 2
26608 1
26609 2
26610 1
26611 2
26612 1
26613 2
26614 1
26615 2
26616 1
26617 2
26618 1
26619 2
26620 1
26621 2
26622 1
26623 2
26624 1
26625 2
26626 1
26627 2
26628 1
26629 2
26630 1
26631 2
26632 1
26633 2
26634 1
26635 2
26636 1
26637 2
26638 1
26639 2
26640 1
26641 2
26642 1
26643 2
26644 1
26645 2
26646 1
26647 2
26648 1
26649 2
26650 1
26651 2
26652 1
26653 2
26654 1
26655 2
26656 1
26657 2
26658 1
26659 2
26660 1
26661 2
26662 1
26663 2
26664 1
26665 2
26666 1
26667 2
26668 1
26669 2
26670 1
26671 2
26672 1
26673 2
26674 1
26675 2
26676 1
26677 2
26678 1
26679 2
26680 1
26681 2
26682 1
26683 2
26684 1
26685 2
26686 1
26687 2
26688 1
26689 2
26690 1
26691 2
26692 1
26693 2
26694 1
26695 2
26696 1
26697 2
26698 1
26699 2
26700 1
26701 2
26702 1
26703 2
26704 1
26705 2
26706 1
26707 2
26708 1
26709 2
26710 1
26711 2
26712 1
26713 2
26714 1
26715 2
26716 1
26717 2
26718 1
26719 2
26720 1
26721 2
26722 1
26723 2
26724 1
26725 2
26726 1
26727 2
26728 1
26729 2
26730 1
26731 2
26732 1
26733 2
26734 1
26735 2
26736 1
26737 2
26738 1
26739 2
26740 1
26741 2
26742 1
26743 2
26744 1
26745 2
26746 1
26747 2
26748 1
26749 2
26750 1
26751 2
26752 1
26753 2
26754 1
26755 2
26756 1
26757 2
26758 1
26759 2
26760 1
26761 2
26762 1
26763 2
26764 1
26765 2
26766 1
26767 2
26768 1
26769 2
26770 1
26771 2
26772 1
26773 2
26774 1
26775 2
26776 1
26777 2
26778 1
26779 2
26780 1
26781 2
26782 1
26783 2
26784 1
26785 2
26786 1
26787 2
26788 1
26789 2
26790 1
26791 2
26792 1
26793 2
26794 1
26795 2
26796 1
26797 2
26798 1
26799 2
26800 1
26801 2
26802 1
26803 2
26804 1
26805 2
26806 1
26807 2
26808 1
26809 2
26810 1
26811 2
26812 1
26813 2
26814 1
26815 2
26816 1
26817 2
26818 1
26819 2
26820 1
26821 2
26822 1
26823 2
26824 1
26825 2
26826 1
26827 2
26828 1
26829 2
26830 1
26831 2
26832 1
26833 2
26834 1
26835 2
26836 1
26837 2
26838 1
26839 2
26840 1
26841 2
26842 1
26843 2
26844 1
26845 2
26846 1
26847 2
26848 1
26849 2
26850 1
26851 2
26852 1
26853 2
26854 1
26855 2
26856 1
26857 2
26858 1
26859 2
26860 1
26861 2
26862 1
26863 2
26864 1
26865 2
26866 1
26867 2
26868 1
26869 2
26870 1
26871 2
26872 1
26873 2
26874 1
26875 2
26876 1
26877 2
26878 1
26879 2
26880 1
26881 2
26882 1
26883 2
26884 1
26885 2
26886 1
26887 2
26888 1
26889 2
26890 1
26891 2
26892 1
26893 2
26894 1
26895 2
26896 1
26897 2
26898 1
26899 2
26900 1
26901 2
26902 1
26903 2
26904 1
26905 2
26906 1
26907 2
26908 1
26909 2
26910 1
26911 2
26912 1
26913 2
26914 1
26915 2
26916 1
26917 2
26918 1
26919 2
26920 1
26921 2
26922 1
26923 2
26924 1
26925 2
26926 1
26927 2
26928 1
26929 2
26930 1
26931 2
26932 1
26933 2
26934 1
26935 2
26936 1
26937 2
26938 1
26939 2
26940 1
26941 2
26942 1
26943 2
26944 1
26945 2
26946 1
26947 2
26948 1
26949 2
26950 1
26951 2
26952 1
26953 2
26954 1
26955 2
26956 1
26957 2
26958 1
26959 2
26960 1
26961 2
26962 1
26963 2
26964 1
26965 2
26966 1
26967 2
26968 1
26969 2
26970 1
26971 2
26972 1
26973 2
26974 1
26975 2
26976 1
26977 2
26978 1
26979 2
26980 1
26981 2
26982 1
26983 2
26984 1
26985 2
26986 1
26987 2
26988 1
26989 2
26990 1
26991 2
26992 1
26993 2
26994 1
26995 2
26996 1
26997 2
26998 1
26999 2
27000 1
27001 2
27002 1
27003 2
27004 1
27005 2
27006 1
27007 2
27008 1
27009 2
27010 1
27011 2
27012 1
27013 2
27014 1
27015 2
27016 1
27017 2
27018 1
27019 2
27020 1
27021 2
27022 1
27023 2
27024 1
27025 2
27026 1
27027 2
27028 1
27029 2
27030 1
27031 2
27032 1
27033 2
27034 1
27035 2
27036 1
27037 2
27038 1
27039 2
27040 1
27041 2
27042 1
27043 2
27044 1
27045 2
27046 1
27047 2
27048 1
27049 2
27050 1
27051 2
27052 1
27053 2
27054 1
27055 2
27056 1
27057 2
27058 1
27059 2
27060 1
27061 2
27062 1
27063 2
27064 1
27065 2
27066 1
27067 2
27068 1
27069 2
27070 1
27071 2
27072 1
27073 2
27074 1
27075 2
27076 1
27077 2
27078 1
27079 2
27080 1
27081 2
27082 1
27083 2
27084 1
27085 2
27086 1
27087 2
27088 1
27089 2
27090 1
27091 2
27092 1
27093 2
27094 1
27095 2
27096 1
27097 2
27098 1
27099 2
27100 1
27101 2
27102 1
27103 2
27104 1
27105 2
27106 1
27107 2
27108 1
27109 2
27110 1
27111 2
27112 1
27113 2
27114 1
27115 2
27116 1
27117 2
27118 1
27119 2
27120 1
27121 2
27122 1
27123 2
27124 1
27125 2
27126 1
27127 2
27128 1
27129 2
27130 1
27131 2
27132 1
27133 2
27134 1
27135 2
27136 1
27137 2
27138 1
27139 2
27140 1
27141 2
27142 1
27143 2
27144 1
27145 2
27146 1
27147 2
27148 1
27149 2
27150 1
27151 2
27152 1
27153 2
27154 1
27155 2
27156 1
27157 2
27158 1
27159 2
27160 1
27161 2
27162 1
27163 2
27164 1
27165 2
27166 1
27167 2
27168 1
27169 2
27170 1
27171 2
27172 1
27173 2
27174 1
27175 2
27176 1
27177 2
27178 1
27179 2
27180 1
27181 2
27182 1
27183 2
27184 1
27185 2
27186 1
27187 2
27188 1
27189 2
27190 1
27191 2
27192 1
27193 2
27194 1
27195 2
27196 1
27197 2
27198 1
27199 2
27200 1
27201 2
27202 1
27203 2
27204 1
27205 2
27206 1
27207 2
27208 1
27209 2
27210 1
27211 2
27212 1
27213 2
27214 1
27215 2
27216 1
27217 2
27218 1
27219 2
27220 1
27221 2
27222 1
27223 2
27224 1
27225 2
27226 1
27227 2
27228 1
27229 2
27230 1
27231 2
27232 1
27233 2
27234 1
27235 2
27236 1
27237 2
27238 1
27239 2
27240 1
27241 2
27242 1
27243 2
27244 1
27245 2
27246 1
27247 2
27248 1
27249 2
27250 1
27251 2
27252 1
27253 2
27254 1
27255 2
27256 1
27257 2
27258 1
27259 2
27260 1
27261 2
27262 1
27263 2
27264 1
27265 2
27266 1
27267 2
27268 1
27269 2
27270 1
27271 2
27272 1
27273 2
27274 1
27275 2
27276 1
27277 2
27278 1
27279 2
27280 1
27281 2
27282 1
27283 2
27284 1
27285 2
27286 1
27287 2
27288 1
27289 2
27290 1
27291 2
27292 1
27293 2
27294 1
27295 2
27296 1
27297 2
27298 1
27299 2
27300 1
27301 2
27302 1
27303 2
27304 1
27305 2
27306 1
27307 2
27308 1
27309 2
27310 1
27311 2
27312 1
27313 2
27314 1
27315 2
27316 1
27317 2
27318 1
27319 2
27320 1
27321 2
27322 1
27323 2
27324 1
27325 2
27326 1
27327 2
27328 1
27329 2
27330 1
27331 2
27332 1
27333 2
27334 1
27335 2
27336 1
27337 2
27338 1
27339 2
27340 1
27341 2
27342 1
27343 2
27344 1
27345 2
27346 1
27347 2
27348 1
27349 2
27350 1
27351 2
27352 1
27353 2
27354 1
27355 2
27356 1
27357 2
27358 1
27359 2
27360 1
27361 2
27362 1
27363 2
27364 1
27365 2
27366 1
27367 2
27368 1
27369 2
27370 1
27371 2
27372 1
27373 2
27374 1
27375 2
27376 1
27377 2
27378 1
27379 2
27380 1
27381 2
27382 1
27383 2
27384 1
27385 2
27386 1
27387 2
27388 1
27389 2
27390 1
27391 2
27392 1
27393 2
27394 1
27395 2
27396 1
27397 2
27398 1
27399 2
27400 1
27401 2
27402 1
27403 2
27404 1
27405 2
27406 1
27407 2
27408 1
27409 2
27410 1
27411 2
27412 1
27413 2
27414 1
27415 2
27416 1
27417 2
27418 1
27419 2
27420 1
27421 2
27422 1
27423 2
27424 1
27425 2
27426 1
27427 2
27428 1
27429 2
27430 1
27431 2
27432 1
27433 2
27434 1
27435 2
27436 1
27437 2
27438 1
27439 2
27440 1
27441 2
27442 1
27443 2
27444 1
27445 2
27446 1
27447 2
27448 1
27449 2
27450 1
27451 2
27452 1
27453 2
27454 1
27455 2
27456 1
27457 2
27458 1
27459 2
27460 1
27461 2
27462 1
27463 2
27464 1
27465 2
27466 1
27467 2
27468 1
27469 2
27470 1
27471 2
27472 1
27473 2
27474 1
27475 2
27476 1
27477 2
27478 1
27479 2
27480 1
27481 2
27482 1
27483 2
27484 1
27485 2
27486 1
27487 2
27488 1
27489 2
27490 1
27491 2
27492 1
27493 2
27494 1
27495 2
27496 1
27497 2
27498 1
27499 2
27500 1
27501 2
27502 1
27503 2
27504 1
27505 2
27506 1
27507 2
27508 1
27509 2
27510 1
27511 2
27512 1
27513 2
27514 1
27515 2
27516 1
27517 2
27518 1
27519 2
27520 1
27521 2
27522 1
27523 2
27524 1
27525 2
27526 1
27527 2
27528 1
27529 2
27530 1
27531 2
27532 1
27533 2
27534 1
27535 2
27536 1
27537 2
27538 1
27539 2
27540 1
27541 2
27542 1
27543 2
27544 1
27545 2
27546 1
27547 2
27548 1
27549 2
27550 1
27551 2
27552 1
27553 2
27554 1
27555 2
27556 1
27557 2
27558 1
27559 2
27560 1
27561 2
27562 1
27563 2
27564 1
27565 2
27566 1
27567 2
27568 1
27569 2
27570 1
27571 2
27572 1
27573 2
27574 1
27575 2
27576 1
27577 2
27578 1
27579 2
27580 1
27581 2
27582 1
27583 2
27584 1
27585 2
27586 1
27587 2
27588 1
27589 2
27590 1
27591 2
27592 1
27593 2
27594 1
27595 2
27596 1
27597 2
27598 1
27599 2
27600 1
27601 2
27602 1
27603 2
27604 1
27605 2
27606 1
27607 2
27608 1
27609 2
27610 1
27611 2
27612 1
27613 2
27614 1
27615 2
27616 1
27617 2
27618 1
27619 2
27620 1
27621 2
27622 1
27623 2
27624 1
27625 2
27626 1
27627 2
27628 1
27629 2
27630 1
27631 2
27632 1
27633 2
27634 1
27635 2
27636 1
27637 2
27638 1
27639 2
27640 1
27641 2
27642 1
27643 2
27644 1
27645 2
27646 1
27647 2
27648 1
27649 2
27650 1
27651 2
27652 1
27653 2
27654 1
27655 2
27656 1
27657 2
27658 1
27659 2
27660 1
27661 2
27662 1
27663 2
27664 1
27665 2
27666 1
27667 2
27668 1
27669 2
27670 1
27671 2
27672 1
27673 2
27674 1
27675 2
27676 1
27677 2
27678 1
27679 2
27680 1
27681 2
27682 1
27683 2
27684 1
27685 2
27686 1
27687 2
27688 1
27689 2
27690 1
27691 2
27692 1
27693 2
27694 1
27695 2
27696 1
27697 2
27698 1
27699 2
27700 1
27701 2
27702 1
27703 2
27704 1
27705 2
27706 1
27707 2
27708 1
27709 2
27710 1
27711 2
27712 1
27713 2
27714 1
27715 2
27716 1
27717 2
27718 1
27719 2
27720 1
27721 2
27722 1
27723 2
27724 1
27725 2
27726 1
27727 2
27728 1
27729 2
27730 1
27731 2
27732 1
27733 2
27734 1
27735 2
27736 1
27737 2
27738 1
27739 2
27740 1
27741 2
27742 1
27743 2
27744 1
27745 2
27746 1
27747 2
27748 1
27749 2
27750 1
27751 2
27752 1
27753 2
27754 1
27755 2
27756 1
27757 2
27758 1
27759 2
27760 1
27761 2
27762 1
27763 2
27764 1
27765 2
27766 1
27767 2
27768 1
27769 2
27770 1
27771 2
27772 1
27773 2
27774 1
27775 2
27776 1
27777 2
27778 1
27779 2
27780 1
27781 2
27782 1
27783 2
27784 1
27785 2
27786 1
27787 2
27788 1
27789 2
27790 1
27791 2
27792 1
27793 2
27794 1
27795 2
27796 1
27797 2
27798 1
27799 2
27800 1
27801 2
27802 1
27803 2
27804 1
27805 2
27806 1
27807 2
27808 1
27809 2
27810 1
27811 2
27812 1
27813 2
27814 1
27815 2
27816 1
27817 2
27818 1
27819 2
27820 1
27821 2
27822 1
27823 2
27824 1
27825 2
27826 1
27827 2
27828 1
27829 2
27830 1
27831 2
27832 1
27833 2
27834 1
27835 2
27836 1
27837 2
27838 1
27839 2
27840 1
27841 2
27842 1
27843 2
27844 1
27845 2
27846 1
27847 2
27848 1
27849 2
27850 1
27851 2
27852 1
27853 2
27854 1
27855 2
27856 1
27857 2
27858 1
27859 2
27860 1
27861 2
27862 1
27863 2
27864 1
27865 2
27866 1
27867 2
27868 1
27869 2
27870 1
27871 2
27872 1
27873 2
27874 1
27875 2
27876 1
27877 2
27878 1
27879 2
27880 1
27881 2
27882 1
27883 2
27884 1
27885 2
27886 1
27887 2
27888 1
27889 2
27890 1
27891 2
27892 1
27893 2
27894 1
27895 2
27896 1
27897 2
27898 1
27899 2
27900 1
27901 2
27902 1
27903 2
27904 1
27905 2
27906 1
27907 2
27908 1
27909 2
27910 1
27911 2
27912 1
27913 2
27914 1
27915 2
27916 1
27917 2
27918 1
27919 2
27920 1
27921 2
27922 1
27923 2
27924 1
27925 2
27926 1
27927 2
27928 1
27929 2
27930 1
27931 2
27932 1
27933 2
27934 1
27935 2
27936 1
27937 2
27938 1
27939 2
27940 1
27941 2
27942 1
27943 2
27944 1
27945 2
27946 1
27947 2
27948 1
27949 2
27950 1
27951 2
27952 1
27953 2
27954 1
27955 2
27956 1
27957 2
27958 1
27959 2
27960 1
27961 2
27962 1
27963 2
27964 1
27965 2
27966 1
27967 2
27968 1
27969 2
27970 1
27971 2
27972 1
27973 2
27974 1
27975 2
27976 1
27977 2
27978 1
27979 2
27980 1
27981 2
27982 1
27983 2
27984 1
27985 2
27986 1
27987 2
27988 1
27989 2
27990 1
27991 2
27992 1
27993 2
27994 1
27995 2
27996 1
27997 2
27998 1
27999 2
28000 1
28001 2
28002 1
28003 2
28004 1
28005 2
28006 1
28007 2
28008 1
28009 2
28010 1
28011 2
28012 1
28013 2
28014 1
28015 2
28016 1
28017 2
28018 1
28019 2
28020 1
28021 2
28022 1
28023 2
28024 1
28025 2
28026 1
28027 2
28028 1
28029 2
28030 1
28031 2
28032 1
28033 2
28034 1
28035 2
28036 1
28037 2
28038 1
28039 2
28040 1
28041 2
28042 1
28043 2
28044 1
28045 2
28046 1
28047 2
28048 1
28049 2
28050 1
28051 2
28052 1
28053 2
28054 1
28055 2
28056 1
28057 2
28058 1
28059 2
28060 1
28061 2
28062 1
28063 2
28064 1
28065 2
28066 1
28067 2
28068 1
28069 2
28070 1
28071 2
28072 1
28073 2
28074 1
28075 2
28076 1
28077 2
28078 1
28079 2
28080 1
28081 2
28082 1
28083 2
28084 1
28085 2
28086 1
28087 2
28088 1
28089 2
28090 1
28091 2
28092 1
28093 2
28094 1
28095 2
28096 1
28097 2
28098 1
28099 2
28100 1
28101 2
28102 1
28103 2
28104 1
28105 2
28106 1
28107 2
28108 1
28109 2
28110 1
28111 2
28112 1
28113 2
28114 1
28115 2
28116 1
28117 2
28118 1
28119 2
28120 1
28121 2
28122 1
28123 2
28124 1
28125 2
28126 1
28127 2
28128 1
28129 2
28130 1
28131 2
28132 1
28133 2
28134 1
28135 2
28136 1
28137 2
28138 1
28139 2
28140 1
28141 2
28142 1
28143 2
28144 1
28145 2
28146 1
28147 2
28148 1
28149 2
28150 1
28151 2
28152 1
28153 2
28154 1
28155 2
28156 1
28157 2
28158 1
28159 2
28160 1
28161 2
28162 1
28163 2
28164 1
28165 2
28166 1
28167 2
28168 1
28169 2
28170 1
28171 2
28172 1
28173 2
28174 1
28175 2
28176 1
28177 2
28178 1
28179 2
28180 1
28181 2
28182 1
28183 2
28184 1
28185 2
28186 1
28187 2
28188 1
28189 2
28190 1
28191 2
28192 1
28193 2
28194 1
28195 2
28196 1
28197 2
28198 1
28199 2
28200 1
28201 2
28202 1
28203 2
28204 1
28205 2
28206 1
28207 2
28208 1
28209 2
28210 1
28211 2
28212 1
28213 2
28214 1
28215 2
28216 1
28217 2
28218 1
28219 2
28220 1
28221 2
28222 1
28223 2
28224 1
28225 2
28226 1
28227 2
28228 1
28229 2
28230 1
28231 2
28232 1
28233 2
28234 1
28235 2
28236 1
28237 2
28238 1
28239 2
28240 1
28241 2
28242 1
28243 2
28244 1
28245 2
28246 1
28247 2
28248 1
28249 2
28250 1
28251 2
28252 1
28253 2
28254 1
28255 2
28256 1
28257 2
28258 1
28259 2
28260 1
28261 2
28262 1
28263 2
28264 1
28265 2
28266 1
28267 2
28268 1
28269 2
28270 1
28271 2
28272 1
28273 2
28274 1
28275 2
28276 1
28277 2
28278 1
28279 2
28280 1
28281 2
28282 1
28283 2
28284 1
28285 2
28286 1
28287 2
28288 1
28289 2
28290 1
28291 2
28292 1
28293 2
28294 1
28295 2
28296 1
28297 2
28298 1
28299 2
28300 1
28301 2
28302 1
28303 2
28304 1
28305 2
28306 1
28307 2
28308 1
28309 2
28310 1
28311 2
28312 1
28313 2
28314 1
28315 2
28316 1
28317 2
28318 1
28319 2
28320 1
28321 2
28322 1
28323 2
28324 1
28325 2
28326 1
28327 2
28328 1
28329 2
28330 1
28331 2
28332 1
28333 2
28334 1
28335 2
28336 1
28337 2
28338 1
28339 2
28340 1
28341 2
28342 1
28343 2
28344 1
28345 2
28346 1
28347 2
28348 1
28349 2
28350 1
28351 2
28352 1
28353 2
28354 1
28355 2
28356 1
28357 2
28358 1
28359 2
28360 1
28361 2
28362 1
28363 2
28364 1
28365 2
28366 1
28367 2
28368 1
28369 2
28370 1
28371 2
28372 1
28373 2
28374 1
28375 2
28376 1
28377 2
28378 1
28379 2
28380 1
28381 2
28382 1
28383 2
28384 1
28385 2
28386 1
28387 2
28388 1
28389 2
28390 1
28391 2
28392 1
28393 2
28394 1
28395 2
28396 1
28397 2
28398 1
28399 2
28400 1
28401 2
28402 1
28403 2
28404 1
28405 2
28406 1
28407 2
28408 1
28409 2
28410 1
28411 2
28412 1
28413 2
28414 1
28415 2
28416 1
28417 2
28418 1
28419 2
28420 1
28421 2
28422 1
28423 2
28424 1
28425 2
28426 1
28427 2
28428 1
28429 2
28430 1
28431 2
28432 1
28433 2
28434 1
28435 2
28436 1
28437 2
28438 1
28439 2
28440 1
28441 2
28442 1
28443 2
28444 1
28445 2
28446 1
28447 2
28448 1
28449 2
28450 1
28451 2
28452 1
28453 2
28454 1
28455 2
28456 1
28457 2
28458 1
28459 2
28460 1
28461 2
28462 1
28463 2
28464 1
28465 2
28466 1
28467 2
28468 1
28469 2
28470 1
28471 2
28472 1
28473 2
28474 1
28475 2
28476 1
28477 2
28478 1
28479 2
28480 1
28481 2
28482 1
28483 2
28484 1
28485 2
28486 1
28487 2
28488 1
28489 2
28490 1
28491 2
28492 1
28493 2
28494 1
28495 2
28496 1
28497 2
28498 1
28499 2
28500 1
28501 2
28502 1
28503 2
28504 1
28505 2
28506 1
28507 2
28508 1
28509 2
28510 1
28511 2
28512 1
28513 2
28514 1
28515 2
28516 1
28517 2
28518 1
28519 2
28520 1
28521 2
28522 1
28523 2
28524 1
28525 2
28526 1
28527 2
28528 1
28529 2
28530 1
28531 2
28532 1
28533 2
28534 1
28535 2
28536 1
28537 2
28538 1
28539 2
28540 1
28541 2
28542 1
28543 2
28544 1
28545 2
28546 1
28547 2
28548 1
28549 2
28550 1
28551 2
28552 1
28553 2
28554 1
28555 2
28556 1
28557 2
28558 1
28559 2
28560 1
28561 2
28562 1
28563 2
28564 1
28565 2
28566 1
28567 2
28568 1
28569 2
28570 1
28571 2
28572 1
28573 2
28574 1
28575 2
28576 1
28577 2
28578 1
28579 2
28580 1
28581 2
28582 1
28583 2
28584 1
28585 2
28586 1
28587 2
28588 1
28589 2
28590 1
28591 2
28592 1
28593 2
28594 1
28595 2
28596 1
28597 2
28598 1
28599 2
28600 1
28601 2
28602 1
28603 2
28604 1
28605 2
28606 1
28607 2
28608 1
28609 2
28610 1
28611 2
28612 1
28613 2
28614 1
28615 2
28616 1
28617 2
28618 1
28619 2
28620 1
28621 2
28622 1
28623 2
28624 1
28625 2
28626 1
28627 2
28628 1
28629 2
28630 1
28631 2
28632 1
28633 2
28634 1
28635 2
28636 1
28637 2
28638 1
28639 2
28640 1
28641 2
28642 1
28643 2
28644 1
28645 2
28646 1
28647 2
28648 1
28649 2
28650 1
28651 2
28652 1
28653 2
28654 1
28655 2
28656 1
28657 2
28658 1
28659 2
28660 1
28661 2
28662 1
28663 2
28664 1
28665 2
28666 1
28667 2
28668 1
28669 2
28670 1
28671 2
28672 1
28673 2
28674 1
28675 2
28676 1
28677 2
28678 1
28679 2
28680 1
28681 2
28682 1
28683 2
28684 1
28685 2
28686 1
28687 2
28688 1
28689 2
28690 1
28691 2
28692 1
28693 2
28694 1
28695 2
28696 1
28697 2
28698 1
28699 2
28700 1
28701 2
28702 1
28703 2
28704 1
28705 2
28706 1
28707 2
28708 1
28709 2
28710 1
28711 2
28712 1
28713 2
28714 1
28715 2
28716 1
28717 2
28718 1
28719 2
28720 1
28721 2
28722 1
28723 2
28724 1
28725 2
28726 1
28727 2
28728 1
28729 2
28730 1
28731 2
28732 1
28733 2
28734 1
28735 2
28736 1
28737 2
28738 1
28739 2
28740 1
28741 2
28742 1
28743 2
28744 1
28745 2
28746 1
28747 2
28748 1
28749 2
28750 1
28751 2
28752 1
28753 2
28754 1
28755 2
28756 1
28757 2
28758 1
28759 2
28760 1
28761 2
28762 1
28763 2
28764 1
28765 2
28766 1
28767 2
28768 1
28769 2
28770 1
28771 2
28772 1
28773 2
28774 1
28775 2
28776 1
28777 2
28778 1
28779 2
28780 1
28781 2
28782 1
28783 2
28784 1
28785 2
28786 1
28787 2
28788 1
28789 2
28790 1
28791 2
28792 1
28793 2
28794 1
28795 2
28796 1
28797 2
28798 1
28799 2
28800 1
28801 2
28802 1
28803 2
28804 1
28805 2
28806 1
28807 2
28808 1
28809 2
28810 1
28811 2
28812 1
28813 2
28814 1
28815 2
28816 1
28817 2
28818 1
28819 2
28820 1
28821 2
28822 1
28823 2
28824 1
28825 2
28826 1
28827 2
28828 1
28829 2
28830 1
28831 2
28832 1
28833 2
28834 1
28835 2
28836 1
28837 2
28838 1
28839 2
28840 1
28841 2
28842 1
28843 2
28844 1
28845 2
28846 1
28847 2
28848 1
28849 2
28850 1
28851 2
28852 1
28853 2
28854 1
28855 2
28856 1
28857 2
28858 1
28859 2
28860 1
28861 2
28862 1
28863 2
28864 1
28865 2
28866 1
28867 2
28868 1
28869 2
28870 1
28871 2
28872 1
28873 2
28874 1
28875 2
28876 1
28877 2
28878 1
28879 2
28880 1
28881 2
28882 1
28883 2
28884 1
28885 2
28886 1
28887 2
28888 1
28889 2
28890 1
28891 2
28892 1
28893 2
28894 1
28895 2
28896 1
28897 2
28898 1
28899 2
28900 1
28901 2
28902 1
28903 2
28904 1
28905 2
28906 1
28907 2
28908 1
28909 2
28910 1
28911 2
28912 1
28913 2
28914 1
28915 2
28916 1
28917 2
28918 1
28919 2
28920 1
28921 2
28922 1
28923 2
28924 1
28925 2
28926 1
28927 2
28928 1
28929 2
28930 1
28931 2
28932 1
28933 2
28934 1
28935 2
28936 1
28937 2
28938 1
28939 2
28940 1
28941 2
28942 1
28943 2
28944 1
28945 2
28946 1
28947 2
28948 1
28949 2
28950 1
28951 2
28952 1
28953 2
28954 1
28955 2
28956 1
28957 2
28958 1
28959 2
28960 1
28961 2
28962 1
28963 2
28964 1
28965 2
28966 1
28967 2
28968 1
28969 2
28970 1
28971 2
28972 1
28973 2
28974 1
28975 2
28976 1
28977 2
28978 1
28979 2
28980 1
28981 2
28982 1
28983 2
28984 1
28985 2
28986 1
28987 2
28988 1
28989 2
28990 1
28991 2
28992 1
28993 2
28994 1
28995 2
28996 1
28997 2
28998 1
28999 2
29000 1
29001 2
29002 1
29003 2
29004 1
29005 2
29006 1
29007 2
29008 1
29009 2
29010 1
29011 2
29012 1
29013 2
29014 1
29015 2
29016 1
29017 2
29018 1
29019 2
29020 1
29021 2
29022 1
29023 2
29024 1
29025 2
29026 1
29027 2
29028 1
29029 2
29030 1
29031 2
29032 1
29033 2
29034 1
29035 2
29036 1
29037 2
29038 1
29039 2
29040 1
29041 2
29042 1
29043 2
29044 1
29045 2
29046 1
29047 2
29048 1
29049 2
29050 1
29051 2
29052 1
29053 2
29054 1
29055 2
29056 1
29057 2
29058 1
29059 2
29060 1
29061 2
29062 1
29063 2
29064 1
29065 2
29066 1
29067 2
29068 1
29069 2
29070 1
29071 2
29072 1
29073 2
29074 1
29075 2
29076 1
29077 2
29078 1
29079 2
29080 1
29081 2
29082 1
29083 2
29084 1
29085 2
29086 1
29087 2
29088 1
29089 2
29090 1
29091 2
29092 1
29093 2
29094 1
29095 2
29096 1
29097 2
29098 1
29099 2
29100 1
29101 2
29102 1
29103 2
29104 1
29105 2
29106 1
29107 2
29108 1
29109 2
29110 1
29111 2
29112 1
29113 2
29114 1
29115 2
29116 1
29117 2
29118 1
29119 2
29120 1
29121 2
29122 1
29123 2
29124 1
29125 2
29126 1
29127 2
29128 1
29129 2
29130 1
29131 2
29132 1
29133 2
29134 1
29135 2
29136 1
29137 2
29138 1
29139 2
29140 1
29141 2
29142 1
29143 2
29144 1
29145 2
29146 1
29147 2
29148 1
29149 2
29150 1
29151 2
29152 1
29153 2
29154 1
29155 2
29156 1
29157 2
29158 1
29159 2
29160 1
29161 2
29162 1
29163 2
29164 1
29165 2
29166 1
29167 2
29168 1
29169 2
29170 1
29171 2
29172 1
29173 2
29174 1
29175 2
29176 1
29177 2
29178 1
29179 2
29180 1
29181 2
29182 1
29183 2
29184 1
29185 2
29186 1
29187 2
29188 1
29189 2
29190 1
29191 2
29192 1
29193 2
29194 1
29195 2
29196 1
29197 2
29198 1
29199 2
29200 1
29201 2
29202 1
29203 2
29204 1
29205 2
29206 1
29207 2
29208 1
29209 2
29210 1
29211 2
29212 1
29213 2
29214 1
29215 2
29216 1
29217 2
29218 1
29219 2
29220 1
29221 2
29222 1
29223 2
29224 1
29225 2
29226 1
29227 2
29228 1
29229 2
29230 1
29231 2
29232 1
29233 2
29234 1
29235 2
29236 1
29237 2
29238 1
29239 2
29240 1
29241 2
29242 1
29243 2
29244 1
29245 2
29246 1
29247 2
29248 1
29249 2
29250 1
29251 2
29252 1
29253 2
29254 1
29255 2
29256 1
29257 2
29258 1
29259 2
29260 1
29261 2
29262 1
29263 2
29264 1
29265 2
29266 1
29267 2
29268 1
29269 2
29270 1
29271 2
29272 1
29273 2
29274 1
29275 2
29276 1
29277 2
29278 1
29279 2
29280 1
29281 2
29282 1
29283 2
29284 1
29285 2
29286 1
29287 2
29288 1
29289 2
29290 1
29291 2
29292 1
29293 2
29294 1
29295 2
29296 1
29297 2
29298 1
29299 2
29300 1
29301 2
29302 1
29303 2
29304 1
29305 2
29306 1
29307 2
29308 1
29309 2
29310 1
29311 2
29312 1
29313 2
29314 1
29315 2
29316 1
29317 2
29318 1
29319 2
29320 1
29321 2
29322 1
29323 2
29324 1
29325 2
29326 1
29327 2
29328 1
29329 2
29330 1
29331 2
29332 1
29333 2
29334 1
29335 2
29336 1
29337 2
29338 1
29339 2
29340 1
29341 2
29342 1
29343 2
29344 1
29345 2
29346 1
29347 2
29348 1
29349 2
29350 1
29351 2
29352 1
29353 2
29354 1
29355 2
29356 1
29357 2
29358 1
29359 2
29360 1
29361 2
29362 1
29363 2
29364 1
29365 2
29366 1
29367 2
29368 1
29369 2
29370 1
29371 2
29372 1
29373 2
29374 1
29375 2
29376 1
29377 2
29378 1
29379 2
29380 1
29381 2
29382 1
29383 2
29384 1
29385 2
29386 1
29387 2
29388 1
29389 2
29390 1
29391 2
29392 1
29393 2
29394 1
29395 2
29396 1
29397 2
29398 1
29399 2
29400 1
29401 2
29402 1
29403 2
29404 1
29405 2
29406 1
29407 2
29408 1
29409 2
29410 1
29411 2
29412 1
29413 2
29414 1
29415 2
29416 1
29417 2
29418 1
29419 2
29420 1
29421 2
29422 1
29423 2
29424 1
29425 2
29426 1
29427 2
29428 1
29429 2
29430 1
29431 2
29432 1
29433 2
29434 1
29435 2
29436 1
29437 2
29438 1
29439 2
29440 1
29441 2
29442 1
29443 2
29444 1
29445 2
29446 1
29447 2
29448 1
29449 2
29450 1
29451 2
29452 1
29453 2
29454 1
29455 2
29456 1
29457 2
29458 1
29459 2
29460 1
29461 2
29462 1
29463 2
29464 1
29465 2
29466 1
29467 2
29468 1
29469 2
29470 1
29471 2
29472 1
29473 2
29474 1
29475 2
29476 1
29477 2
29478 1
29479 2
29480 1
29481 2
29482 1
29483 2
29484 1
29485 2
29486 1
29487 2
29488 1
29489 2
29490 1
29491 2
29492 1
29493 2
29494 1
29495 2
29496 1
29497 2
29498 1
29499 2
29500 1
29501 2
29502 1
29503 2
29504 1
29505 2
29506 1
29507 2
29508 1
29509 2
29510 1
29511 2
29512 1
29513 2
29514 1
29515 2
29516 1
29517 2
29518 1
29519 2
29520 1
29521 2
29522 1
29523 2
29524 1
29525 2
29526 1
29527 2
29528 1
29529 2
29530 1
29531 2
29532 1
29533 2
29534 1
29535 2
29536 1
29537 2
29538 1
29539 2
29540 1
29541 2
29542 1
29543 2
29544 1
29545 2
29546 1
29547 2
29548 1
29549 2
29550 1
29551 2
29552 1
29553 2
29554 1
29555 2
29556 1
29557 2
29558 1
29559 2
29560 1
29561 2
29562 1
29563 2
29564 1
29565 2
29566 1
29567 2
29568 1
29569 2
29570 1
29571 2
29572 1
29573 2
29574 1
29575 2
29576 1
29577 2
29578 1
29579 2
29580 1
29581 2
29582 1
29583 2
29584 1
29585 2
29586 1
29587 2
29588 1
29589 2
29590 1
29591 2
29592 1
29593 2
29594 1
29595 2
29596 1
29597 2
29598 1
29599 2
29600 1
29601 2
29602 1
29603 2
29604 1
29605 2
29606 1
29607 2
29608 1
29609 2
29610 1
29611 2
29612 1
29613 2
29614 1
29615 2
29616 1
29617 2
29618 1
29619 2
29620 1
29621 2
29622 1
29623 2
29624 1
29625 2
29626 1
29627 2
29628 1
29629 2
29630 1
29631 2
29632 1
29633 2
29634 1
29635 2
29636 1
29637 2
29638 1
29639 2
29640 1
29641 2
29642 1
29643 2
29644 1
29645 2
29646 1
29647 2
29648 1
29649 2
29650 1
29651 2
29652 1
29653 2
29654 1
29655 2
29656 1
29657 2
29658 1
29659 2
29660 1
29661 2
29662 1
29663 2
29664 1
29665 2
29666 1
29667 2
29668 1
29669 2
29670 1
29671 2
29672 1
29673 2
29674 1
29675 2
29676 1
29677 2
29678 1
29679 2
29680 1
29681 2
29682 1
29683 2
29684 1
29685 2
29686 1
29687 2
29688 1
29689 2
29690 1
29691 2
29692 1
29693 2
29694 1
29695 2
29696 1
29697 2
29698 1
29699 2
29700 1
29701 2
29702 1
29703 2
29704 1
29705 2
29706 1
29707 2
29708 1
29709 2
29710 1
29711 2
29712 1
29713 2
29714 1
29715 2
29716 1
29717 2
29718 1
29719 2
29720 1
29721 2
29722 1
29723 2
29724 1
29725 2
29726 1
29727 2
29728 1
29729 2
29730 1
29731 2
29732 1
29733 2
29734 1
29735 2
29736 1
29737 2
29738 1
29739 2
29740 1
29741 2
29742 1
29743 2
29744 1
29745 2
29746 1
29747 2
29748 1
29749 2
29750 1
29751 2
29752 1
29753 2
29754 1
29755 2
29756 1
29757 2
29758 1
29759 2
29760 1
29761 2
29762 1
29763 2
29764 1
29765 2
29766 1
29767 2
29768 1
29769 2
29770 1
29771 2
29772 1
29773 2
29774 1
29775 2
29776 1
29777 2
29778 1
29779 2
29780 1
29781 2
29782 1
29783 2
29784 1
29785 2
29786 1
29787 2
29788 1
29789 2
29790 1
29791 2
29792 1
29793 2
29794 1
29795 2
29796 1
29797 2
29798 1
29799 2
29800 1
29801 2
29802 1
29803 2
29804 1
29805 2
29806 1
29807 2
29808 1
29809 2
29810 1
29811 2
29812 1
29813 2
29814 1
29815 2
29816 1
29817 2
29818 1
29819 2
29820 1
29821 2
29822 1
29823 2
29824 1
29825 2
29826 1
29827 2
29828 1
29829 2
29830 1
29831 2
29832 1
29833 2
29834 1
29835 2
29836 1
29837 2
29838 1
29839 2
29840 1
29841 2
29842 1
29843 2
29844 1
29845 2
29846 1
29847 2
29848 1
29849 2
29850 1
29851 2
29852 1
29853 2
29854 1
29855 2
29856 1
29857 2
29858 1
29859 2
29860 1
29861 2
29862 1
29863 2
29864 1
29865 2
29866 1
29867 2
29868 1
29869 2
29870 1
29871 2
29872 1
29873 2
29874 1
29875 2
29876 1
29877 2
29878 1
29879 2
29880 1
29881 2
29882 1
29883 2
29884 1
29885 2
29886 1
29887 2
29888 1
29889 2
29890 1
29891 2
29892 1
29893 2
29894 1
29895 2
29896 1
29897 2
29898 1
29899 2
29900 1
29901 2
29902 1
29903 2
29904 1
29905 2
29906 1
29907 2
29908 1
29909 2
29910 1
29911 2
29912 1
29913 2
29914 1
29915 2
29916 1
29917 2
29918 1
29919 2
29920 1
29921 2
29922 1
29923 2
29924 1
29925 2
29926 1
29927 2
29928 1
29929 2
29930 1
29931 2
29932 1
29933 2
29934 1
29935 2
29936 1
29937 2
29938 1
29939 2
29940 1
29941 2
29942 1
29943 2
29944 1
29945 2
29946 1
29947 2
29948 1
29949 2
29950 1
29951 2
29952 1
29953 2
29954 1
29955 2
29956 1
29957 2
29958 1
29959 2
29960 1
29961 2
29962 1
29963 2
29964 1
29965 2
29966 1
29967 2
29968 1
29969 2
29970 1
29971 2
29972 1
29973 2
29974 1
29975 2
29976 1
29977 2
29978 1
29979 2
29980 1
29981 2
29982 1
29983 2
29984 1
29985 2
29986 1
29987 2
29988 1
29989 2
29990 1
29991 2
29992 1
29993 2
29994 1
29995 2
29996 1
29997 2
29998 1
29999 940004
29999 1
29998 0
29997 1
29996 0
29995 1
29994 0
29993 1
29992 0
29991 1
29990 0
29989 1
29988 0
29987 1
29986 0
29985 1
29984 0
29983 1
29982 0
29981 1
29980 0
29979 1
29978 0
29977 1
29976 0
29975 1
29974 0
29973 1
29972 0
29971 1
29970 0
29969 1
29968 0
29967 1
29966 0
29965 1
29964 0
29963 1
29962 0
29961 1
29960 0
29959 1
29958 0
29957 1
29956 0
29955 1
29954 0
29953 1
29952 0
29951 1
29950 0
29949 1
29948 0
29947 1
29946 0
29945 1
29944 0
29943 1
29942 0
29941 1
29940 0
29939 1
29938 0
29937 1
29936 0
29935 1
29934 0
29933 1
29932 0
29931 1
29930 0
29929 1
29928 0
29927 1
29926 0
29925 1
29924 0
29923 1
29922 0
29921 1
29920 0
29919 1
29918 0
29917 1
29916 0
29915 1
29914 0
29913 1
29912 0
29911 1
29910 0
29909 1
29908 0
29907 1
29906 0
29905 1
29904 0
29903 1
29902 0
29901 1
29900 0
29899 1
29898 0
29897 1
29896 0
29895 1
29894 0
29893 1
29892 0
29891 1
29890 0
29889 1
29888 0
29887 1
29886 0
29885 1
29884 0
29883 1
29882 0
29881 1
29880 0
29879 1
29878 0
29877 1
29876 0
29875 1
29874 0
29873 1
29872 0
29871 1
29870 0
29869 1
29868 0
29867 1
29866 0
29865 1
29864 0
29863 1
29862 0
29861 1
29860 0
29859 1
29858 0
29857 1
29856 0
29855 1
29854 0
29853 1
29852 0
29851 1
29850 0
29849 1
29848 0
29847 1
29846 0
29845 1
29844 0
29843 1
29842 0
29841 1
29840 0
29839 1
29838 0
29837 1
29836 0
29835 1
29834 0
29833 1
29832 0
29831 1
29830 0
29829 1
29828 0
29827 1
29826 0
29825 1
29824 0
29823 1
29822 0
29821 1
29820 0
29819 1
29818 0
29817 1
29816 0
29815 1
29814 0
29813 1
29812 0
29811 1
29810 0
29809 1
29808 0
29807 1
29806 0
29805 1
29804 0
29803 1
29802 0
29801 1
29800 0
29799 1
29798 0
29797 1
29796 0
29795 1
29794 0
29793 1
29792 0
29791 1
29790 0
29789 1
29788 0
29787 1
29786 0
29785 1
29784 0
29783 1
29782 0
29781 1
29780 0
29779 1
29778 0
29777 1
29776 0
29775 1
29774 0
29773 1
29772 0
29771 1
29770 0
29769 1
29768 0
29767 1
29766 0
29765 1
29764 0
29763 1
29762 0
29761 1
29760 0
29759 1
29758 0
29757 1
29756 0
29755 1
29754 0
29753 1
29752 0
29751 1
29750 0
29749 1
29748 0
29747 1
29746 0
29745 1
29744 0
29743 1
29742 0
29741 1
29740 0
29739 1
29738 0
29737 1
29736 0
29735 1
29734 0
29733 1
29732 0
29731 1
29730 0
29729 1
29728 0
29727 1
29726 0
29725 1
29724 0
29723 1
29722 0
29721 1
29720 0
29719 1
29718 0
29717 1
29716 0
29715 1
29714 0
29713 1
29712 0
29711 1
29710 0
29709 1
29708 0
29707 1
29706 0
29705 1
29704 0
29703 1
29702 0
29701 1
29700 0
29699 1
29698 0
29697 1
29696 0
29695 1
29694 0
29693 1
29692 0
29691 1
29690 0
29689 1
29688 0
29687 1
29686 0
29685 1
29684 0
29683 1
29682 0
29681 1
29680 0
29679 1
29678 0
29677 1
29676 0
29675 1
29674 0
29673 1
29672 0
29671 1
29670 0
29669 1
29668 0
29667 1
29666 0
29665 1
29664 0
29663 1
29662 0
29661 1
29660 0
29659 1
29658 0
29657 1
29656 0
29655 1
29654 0
29653 1
29652 0
29651 1
29650 0
29649 1
29648 0
29647 1
29646 0
29645 1
29644 0
29643 1
29642 0
29641 1
29640 0
29639 1
29638 0
29637 1
29636 0
29635 1
29634 0
29633 1
29632 0
29631 1
29630 0
29629 1
29628 0
29627 1
29626 0
29625 1
29624 0
29623 1
29622 0
29621 1
29620 0
29619 1
29618 0
29617 1
29616 0
29615 1
29614 0
29613 1
29612 0
29611 1
29610 0
29609 1
29608 0
29607 1
29606 0
29605 1
29604 0
29603 1
29602 0
29601 1
29600 0
29599 1
29598 0
29597 1
29596 0
29595 1
29594 0
29593 1
29592 0
29591 1
29590 0
29589 1
29588 0
29587 1
29586 0
29585 1
29584 0
29583 1
29582 0
29581 1
29580 0
29579 1
29578 0
29577 1
29576 0
29575 1
29574 0
29573 1
29572 0
29571 1
29570 0
29569 1
29568 0
29567 1
29566 0
29565 1
29564 0
29563 1
29562 0
29561 1
29560 0
29559 1
29558 0
29557 1
29556 0
29555 1
29554 0
29553 1
29552 0
29551 1
29550 0
29549 1
29548 0
29547 1
29546 0
29545 1
29544 0
29543 1
29542 0
29541 1
29540 0
29539 1
29538 0
29537 1
29536 0
29535 1
29534 0
29533 1
29532 0
29531 1
29530 0
29529 1
29528 0
29527 1
29526 0
29525 1
29524 0
29523 1
29522 0
29521 1
29520 0
29519 1
29518 0
29517 1
29516 0
29515 1
29514 0
29513 1
29512 0
29511 1
29510 0
29509 1
29508 0
29507 1
29506 0
29505 1
29504 0
29503 1
29502 0
29501 1
29500 0
29499 1
29498 0
29497 1
29496 0
29495 1
29494 0
29493 1
29492 0
29491 1
29490 0
29489 1
29488 0
29487 1
29486 0
29485 1
29484 0
29483 1
29482 0
29481 1
29480 0
29479 1
29478 0
29477 1
29476 0
29475 1
29474 0
29473 1
29472 0
29471 1
29470 0
29469 1
29468 0
29467 1
29466 0
29465 1
29464 0
29463 1
29462 0
29461 1
29460 0
29459 1
29458 0
29457 1
29456 0
29455 1
29454 0
29453 1
29452 0
29451 1
29450 0
29449 1
29448 0
29447 1
29446 0
29445 1
29444 0
29443 1
29442 0
29441 1
29440 0
29439 1
29438 0
29437 1
29436 0
29435 1
29434 0
29433 1
29432 0
29431 1
29430 0
29429 1
29428 0
29427 1
29426 0
29425 1
29424 0
29423 1
29422 0
29421 1
29420 0
29419 1
29418 0
29417 1
29416 0
29415 1
29414 0
29413 1
29412 0
29411 1
29410 0
29409 1
29408 0
29407 1
29406 0
29405 1
29404 0
29403 1
29402 0
29401 1
29400 0
29399 1
29398 0
29397 1
29396 0
29395 1
29394 0
29393 1
29392 0
29391 1
29390 0
29389 1
29388 0
29387 1
29386 0
29385 1
29384 0
29383 1
29382 0
29381 1
29380 0
29379 1
29378 0
29377 1
29376 0
29375 1
29374 0
29373 1
29372 0
29371 1
29370 0
29369 1
29368 0
29367 1
29366 0
29365 1
29364 0
29363 1
29362 0
29361 1
29360 0
29359 1
29358 0
29357 1
29356 0
29355 1
29354 0
29353 1
29352 0
29351 1
29350 0
29349 1
29348 0
29347 1
29346 0
29345 1
29344 0
29343 1
29342 0
29341 1
29340 0
29339 1
29338 0
29337 1
29336 0
29335 1
29334 0
29333 1
29332 0
29331 1
29330 0
29329 1
29328 0
29327 1
29326 0
29325 1
29324 0
29323 1
29322 0
29321 1
29320 0
29319 1
29318 0
29317 1
29316 0
29315 1
29314 0
29313 1
29312 0
29311 1
29310 0
29309 1
29308 0
29307 1
29306 0
29305 1
29304 0
29303 1
29302 0
29301 1
29300 0
29299 1
29298 0
29297 1
29296 0
29295 1
29294 0
29293 1
29292 0
29291 1
29290 0
29289 1
29288 0
29287 1
29286 0
29285 1
29284 0
29283 1
29282 0
29281 1
29280 0
29279 1
29278 0
29277 1
29276 0
29275 1
29274 0
29273 1
29272 0
29271 1
29270 0
29269 1
29268 0
29267 1
29266 0
29265 1
29264 0
29263 1
29262 0
29261 1
29260 0
29259 1
29258 0
29257 1
29256 0
29255 1
29254 0
29253 1
29252 0
29251 1
29250 0
29249 1
29248 0
29247 1
29246 0
29245 1
29244 0
29243 1
29242 0
29241 1
29240 0
29239 1
29238 0
29237 1
29236 0
29235 1
29234 0
29233 1
29232 0
29231 1
29230 0
29229 1
29228 0
29227 1
29226 0
29225 1
29224 0
29223 1
29222 0
29221 1
29220 0
29219 1
29218 0
29217 1
29216 0
29215 1
29214 0
29213 1
29212 0
29211 1
29210 0
29209 1
29208 0
29207 1
29206 0
29205 1
29204 0
29203 1
29202 0
29201 1
29200 0
29199 1
29198 0
29197 1
29196 0
29195 1
29194 0
29193 1
29192 0
29191 1
29190 0
29189 1
29188 0
29187 1
29186 0
29185 1
29184 0
29183 1
29182 0
29181 1
29180 0
29179 1
29178 0
29177 1
29176 0
29175 1
29174 0
29173 1
29172 0
29171 1
29170 0
29169 1
29168 0
29167 1
29166 0
29165 1
29164 0
29163 1
29162 0
29161 1
29160 0
29159 1
29158 0
29157 1
29156 0
29155 1
29154 0
29153 1
29152 0
29151 1
29150 0
29149 1
29148 0
29147 1
29146 0
29145 1
29144 0
29143 1
29142 0
29141 1
29140 0
29139 1
29138 0
29137 1
29136 0
29135 1
29134 0
29133 1
29132 0
29131 1
29130 0
29129 1
29128 0
29127 1
29126 0
29125 1
29124 0
29123 1
29122 0
29121 1
29120 0
29119 1
29118 0
29117 1
29116 0
29115 1
29114 0
29113 1
29112 0
29111 1
29110 0
29109 1
29108 0
29107 1
29106 0
29105 1
29104 0
29103 1
29102 0
29101 1
29100 0
29099 1
29098 0
29097 1
29096 0
29095 1
29094 0
29093 1
29092 0
29091 1
29090 0
29089 1
29088 0
29087 1
29086 0
29085 1
29084 0
29083 1
29082 0
29081 1
29080 0
29079 1
29078 0
29077 1
29076 0
29075 1
29074 0
29073 1
29072 0
29071 1
29070 0
29069 1
29068 0
29067 1
29066 0
29065 1
29064 0
29063 1
29062 0
29061 1
29060 0
29059 1
29058 0
29057 1
29056 0
29055 1
29054 0
29053 1
29052 0
29051 1
29050 0
29049 1
29048 0
29047 1
29046 0
29045 1
29044 0
29043 1
29042 0
29041 1
29040 0
29039 1
29038 0
29037 1
29036 0
29035 1
29034 0
29033 1
29032 0
29031 1
29030 0
29029 1
29028 0
29027 1
29026 0
29025 1
29024 0
29023 1
29022 0
29021 1
29020 0
29019 1
29018 0
29017 1
29016 0
29015 1
29014 0
29013 1
29012 0
29011 1
29010 0
29009 1
29008 0
29007 1
29006 0
29005 1
29004 0
29003 1
29002 0
29001 1
29000 0
28999 1
28998 0
28997 1
28996 0
28995 1
28994 0
28993 1
28992 0
28991 1
28990 0
28989 1
28988 0
28987 1
28986 0
28985 1
28984 0
28983 1
28982 0
28981 1
28980 0
28979 1
28978 0
28977 1
28976 0
28975 1
28974 0
28973 1
28972 0
28971 1
28970 0
28969 1
28968 0
28967 1
28966 0
28965 1
28964 0
28963 1
28962 0
28961 1
28960 0
28959 1
28958 0
28957 1
28956 0
28955 1
28954 0
28953 1
28952 0
28951 1
28950 0
28949 1
28948 0
28947 1
28946 0
28945 1
28944 0
28943 1
28942 0
28941 1
28940 0
28939 1
28938 0
28937 1
28936 0
28935 1
28934 0
28933 1
28932 0
28931 1
28930 0
28929 1
28928 0
28927 1
28926 0
28925 1
28924 0
28923 1
28922 0
28921 1
28920 0
28919 1
28918 0
28917 1
28916 0
28915 1
28914 0
28913 1
28912 0
28911 1
28910 0
28909 1
28908 0
28907 1
28906 0
28905 1
28904 0
28903 1
28902 0
28901 1
28900 0
28899 1
28898 0
28897 1
28896 0
28895 1
28894 0
28893 1
28892 0
28891 1
28890 0
28889 1
28888 0
28887 1
28886 0
28885 1
28884 0
28883 1
28882 0
28881 1
28880 0
28879 1
28878 0
28877 1
28876 0
28875 1
28874 0
28873 1
28872 0
28871 1
28870 0
28869 1
28868 0
28867 1
28866 0
28865 1
28864 0
28863 1
28862 0
28861 1
28860 0
28859 1
28858 0
28857 1
28856 0
28855 1
28854 0
28853 1
28852 0
28851 1
28850 0
28849 1
28848 0
28847 1
28846 0
28845 1
28844 0
28843 1
28842 0
28841 1
28840 0
28839 1
28838 0
28837 1
28836 0
28835 1
28834 0
28833 1
28832 0
28831 1
28830 0
28829 1
28828 0
28827 1
28826 0
28825 1
28824 0
28823 1
28822 0
28821 1
28820 0
28819 1
28818 0
28817 1
28816 0
28815 1
28814 0
28813 1
28812 0
28811 1
28810 0
28809 1
28808 0
28807 1
28806 0
28805 1
28804 0
28803 1
28802 0
28801 1
28800 0
28799 1
28798 0
28797 1
28796 0
28795 1
28794 0
28793 1
28792 0
28791 1
28790 0
28789 1
28788 0
28787 1
28786 0
28785 1
28784 0
28783 1
28782 0
28781 1
28780 0
28779 1
28778 0
28777 1
28776 0
28775 1
28774 0
28773 1
28772 0
28771 1
28770 0
28769 1
28768 0
28767 1
28766 0
28765 1
28764 0
28763 1
28762 0
28761 1
28760 0
28759 1
28758 0
28757 1
28756 0
28755 1
28754 0
28753 1
28752 0
28751 1
28750 0
28749 1
28748 0
28747 1
28746 0
28745 1
28744 0
28743 1
28742 0
28741 1
28740 0
28739 1
28738 0
28737 1
28736 0
28735 1
28734 0
28733 1
28732 0
28731 1
28730 0
28729 1
28728 0
28727 1
28726 0
28725 1
28724 0
28723 1
28722 0
28721 1
28720 0
28719 1
28718 0
28717 1
28716 0
28715 1
28714 0
28713 1
28712 0
28711 1
28710 0
28709 1
28708 0
28707 1
28706 0
28705 1
28704 0
28703 1
28702 0
28701 1
28700 0
28699 1
28698 0
28697 1
28696 0
28695 1
28694 0
28693 1
28692 0
28691 1
28690 0
28689 1
28688 0
28687 1
28686 0
28685 1
28684 0
28683 1
28682 0
28681 1
28680 0
28679 1
28678 0
28677 1
28676 0
28675 1
28674 0
28673 1
28672 0
28671 1
28670 0
28669 1
28668 0
28667 1
28666 0
28665 1
28664 0
28663 1
28662 0
28661 1
28660 0
28659 1
28658 0
28657 1
28656 0
28655 1
28654 0
28653 1
28652 0
28651 1
28650 0
28649 1
28648 0
28647 1
28646 0
28645 1
28644 0
28643 1
28642 0
28641 1
28640 0
28639 1
28638 0
28637 1
28636 0
28635 1
28634 0
28633 1
28632 0
28631 1
28630 0
28629 1
28628 0
28627 1
28626 0
28625 1
28624 0
28623 1
28622 0
28621 1
28620 0
28619 1
28618 0
28617 1
28616 0
28615 1
28614 0
28613 1
28612 0
28611 1
28610 0
28609 1
28608 0
28607 1
28606 0
28605 1
28604 0
28603 1
28602 0
28601 1
28600 0
28599 1
28598 0
28597 1
28596 0
28595 1
28594 0
28593 1
28592 0
28591 1
28590 0
28589 1
28588 0
28587 1
28586 0
28585 1
28584 0
28583 1
28582 0
28581 1
28580 0
28579 1
28578 0
28577 1
28576 0
28575 1
28574 0
28573 1
28572 0
28571 1
28570 0
28569 1
28568 0
28567 1
28566 0
28565 1
28564 0
28563 1
28562 0
28561 1
28560 0
28559 1
28558 0
28557 1
28556 0
28555 1
28554 0
28553 1
28552 0
28551 1
28550 0
28549 1
28548 0
28547 1
28546 0
28545 1
28544 0
28543 1
28542 0
28541 1
28540 0
28539 1
28538 0
28537 1
28536 0
28535 1
28534 0
28533 1
28532 0
28531 1
28530 0
28529 1
28528 0
28527 1
28526 0
28525 1
28524 0
28523 1
28522 0
28521 1
28520 0
28519 1
28518 0
28517 1
28516 0
28515 1
28514 0
28513 1
28512 0
28511 1
28510 0
28509 1
28508 0
28507 1
28506 0
28505 1
28504 0
28503 1
28502 0
28501 1
28500 0
28499 1
28498 0
28497 1
28496 0
28495 1
28494 0
28493 1
28492 0
28491 1
28490 0
28489 1
28488 0
28487 1
28486 0
28485 1
28484 0
28483 1
28482 0
28481 1
28480 0
28479 1
28478 0
28477 1
28476 0
28475 1
28474 0
28473 1
28472 0
28471 1
28470 0
28469 1
28468 0
28467 1
28466 0
28465 1
28464 0
28463 1
28462 0
28461 1
28460 0
28459 1
28458 0
28457 1
28456 0
28455 1
28454 0
28453 1
28452 0
28451 1
28450 0
28449 1
28448 0
28447 1
28446 0
28445 1
28444 0
28443 1
28442 0
28441 1
28440 0
28439 1
28438 0
28437 1
28436 0
28435 1
28434 0
28433 1
28432 0
28431 1
28430 0
28429 1
28428 0
28427 1
28426 0
28425 1
28424 0
28423 1
28422 0
28421 1
28420 0
28419 1
28418 0
28417 1
28416 0
28415 1
28414 0
28413 1
28412 0
28411 1
28410 0
28409 1
28408 0
28407 1
28406 0
28405 1
28404 0
28403 1
28402 0
28401 1
28400 0
28399 1
28398 0
28397 1
28396 0
28395 1
28394 0
28393 1
28392 0
28391 1
28390 0
28389 1
28388 0
28387 1
28386 0
28385 1
28384 0
28383 1
28382 0
28381 1
28380 0
28379 1
28378 0
28377 1
28376 0
28375 1
28374 0
28373 1
28372 0
28371 1
28370 0
28369 1
28368 0
28367 1
28366 0
28365 1
28364 0
28363 1
28362 0
28361 1
28360 0
28359 1
28358 0
28357 1
28356 0
28355 1
28354 0
28353 1
28352 0
28351 1
28350 0
28349 1
28348 0
28347 1
28346 0
28345 1
28344 0
28343 1
28342 0
28341 1
28340 0
28339 1
28338 0
28337 1
28336 0
28335 1
28334 0
28333 1
28332 0
28331 1
28330 0
28329 1
28328 0
28327 1
28326 0
28325 1
28324 0
28323 1
28322 0
28321 1
28320 0
28319 1
28318 0
28317 1
28316 0
28315 1
28314 0
28313 1
28312 0
28311 1
28310 0
28309 1
28308 0
28307 1
28306 0
28305 1
28304 0
28303 1
28302 0
28301 1
28300 0
28299 1
28298 0
28297 1
28296 0
28295 1
28294 0
28293 1
28292 0
28291 1
28290 0
28289 1
28288 0
28287 1
28286 0
28285 1
28284 0
28283 1
28282 0
28281 1
28280 0
28279 1
28278 0
28277 1
28276 0
28275 1
28274 0
28273 1
28272 0
28271 1
28270 0
28269 1
28268 0
28267 1
28266 0
28265 1
28264 0
28263 1
28262 0
28261 1
28260 0
28259 1
28258 0
28257 1
28256 0
28255 1
28254 0
28253 1
28252 0
28251 1
28250 0
28249 1
28248 0
28247 1
28246 0
28245 1
28244 0
28243 1
28242 0
28241 1
28240 0
28239 1
28238 0
28237 1
28236 0
28235 1
28234 0
28233 1
28232 0
28231 1
28230 0
28229 1
28228 0
28227 1
28226 0
28225 1
28224 0
28223 1
28222 0
28221 1
28220 0
28219 1
28218 0
28217 1
28216 0
28215 1
28214 0
28213 1
28212 0
28211 1
28210 0
28209 1
28208 0
28207 1
28206 0
28205 1
28204 0
28203 1
28202 0
28201 1
28200 0
28199 1
28198 0
28197 1
28196 0
28195 1
28194 0
28193 1
28192 0
28191 1
28190 0
28189 1
28188 0
28187 1
28186 0
28185 1
28184 0
28183 1
28182 0
28181 1
28180 0
28179 1
28178 0
28177 1
28176 0
28175 1
28174 0
28173 1
28172 0
28171 1
28170 0
28169 1
28168 0
28167 1
28166 0
28165 1
28164 0
28163 1
28162 0
28161 1
28160 0
28159 1
28158 0
28157 1
28156 0
28155 1
28154 0
28153 1
28152 0
28151 1
28150 0
28149 1
28148 0
28147 1
28146 0
28145 1
28144 0
28143 1
28142 0
28141 1
28140 0
28139 1
28138 0
28137 1
28136 0
28135 1
28134 0
28133 1
28132 0
28131 1
28130 0
28129 1
28128 0
28127 1
28126 0
28125 1
28124 0
28123 1
28122 0
28121 1
28120 0
28119 1
28118 0
28117 1
28116 0
28115 1
28114 0
28113 1
28112 0
28111 1
28110 0
28109 1
28108 0
28107 1
28106 0
28105 1
28104 0
28103 1
28102 0
28101 1
28100 0
28099 1
28098 0
28097 1
28096 0
28095 1
28094 0
28093 1
28092 0
28091 1
28090 0
28089 1
28088 0
28087 1
28086 0
28085 1
28084 0
28083 1
28082 0
28081 1
28080 0
28079 1
28078 0
28077 1
28076 0
28075 1
28074 0
28073 1
28072 0
28071 1
28070 0
28069 1
28068 0
28067 1
28066 0
28065 1
28064 0
28063 1
28062 0
28061 1
28060 0
28059 1
28058 0
28057 1
28056 0
28055 1
28054 0
28053 1
28052 0
28051 1
28050 0
28049 1
28048 0
28047 1
28046 0
28045 1
28044 0
28043 1
28042 0
28041 1
28040 0
28039 1
28038 0
28037 1
28036 0
28035 1
28034 0
28033 1
28032 0
28031 1
28030 0
28029 1
28028 0
28027 1
28026 0
28025 1
28024 0
28023 1
28022 0
28021 1
28020 0
28019 1
28018 0
28017 1
28016 0
28015 1
28014 0
28013 1
28012 0
28011 1
28010 0
28009 1
28008 0
28007 1
28006 0
28005 1
28004 0
28003 1
28002 0
28001 1
28000 0
27999 1
27998 0
27997 1
27996 0
27995 1
27994 0
27993 1
27992 0
27991 1
27990 0
27989 1
27988 0
27987 1
27986 0
27985 1
27984 0
27983 1
27982 0
27981 1
27980 0
27979 1
27978 0
27977 1
27976 0
27975 1
27974 0
27973 1
27972 0
27971 1
27970 0
27969 1
27968 0
27967 1
27966 0
27965 1
27964 0
27963 1
27962 0
27961 1
27960 0
27959 1
27958 0
27957 1
27956 0
27955 1
27954 0
27953 1
27952 0
27951 1
27950 0
27949 1
27948 0
27947 1
27946 0
27945 1
27944 0
27943 1
27942 0
27941 1
27940 0
27939 1
27938 0
27937 1
27936 0
27935 1
27934 0
27933 1
27932 0
27931 1
27930 0
27929 1
27928 0
27927 1
27926 0
27925 1
27924 0
27923 1
27922 0
27921 1
27920 0
27919 1
27918 0
27917 1
27916 0
27915 1
27914 0
27913 1
27912 0
27911 1
27910 0
27909 1
27908 0
27907 1
27906 0
27905 1
27904 0
27903 1
27902 0
27901 1
27900 0
27899 1
27898 0
27897 1
27896 0
27895 1
27894 0
27893 1
27892 0
27891 1
27890 0
27889 1
27888 0
27887 1
27886 0
27885 1
27884 0
27883 1
27882 0
27881 1
27880 0
27879 1
27878 0
27877 1
27876 0
27875 1
27874 0
27873 1
27872 0
27871 1
27870 0
27869 1
27868 0
27867 1
27866 0
27865 1
27864 0
27863 1
27862 0
27861 1
27860 0
27859 1
27858 0
27857 1
27856 0
27855 1
27854 0
27853 1
27852 0
27851 1
27850 0
27849 1
27848 0
27847 1
27846 0
27845 1
27844 0
27843 1
27842 0
27841 1
27840 0
27839 1
27838 0
27837 1
27836 0
27835 1
27834 0
27833 1
27832 0
27831 1
27830 0
27829 1
27828 0
27827 1
27826 0
27825 1
27824 0
27823 1
27822 0
27821 1
27820 0
27819 1
27818 0
27817 1
27816 0
27815 1
27814 0
27813 1
27812 0
27811 1
27810 0
27809 1
27808 0
27807 1
27806 0
27805 1
27804 0
27803 1
27802 0
27801 1
27800 0
27799 1
27798 0
27797 1
27796 0
27795 1
27794 0
27793 1
27792 0
27791 1
27790 0
27789 1
27788 0
27787 1
27786 0
27785 1
27784 0
27783 1
27782 0
27781 1
27780 0
27779 1
27778 0
27777 1
27776 0
27775 1
27774 0
27773 1
27772 0
27771 1
27770 0
27769 1
27768 0
27767 1
27766 0
27765 1
27764 0
27763 1
27762 0
27761 1
27760 0
27759 1
27758 0
27757 1
27756 0
27755 1
27754 0
27753 1
27752 0
27751 1
27750 0
27749 1
27748 0
27747 1
27746 0
27745 1
27744 0
27743 1
27742 0
27741 1
27740 0
27739 1
27738 0
27737 1
27736 0
27735 1
27734 0
27733 1
27732 0
27731 1
27730 0
27729 1
27728 0
27727 1
27726 0
27725 1
27724 0
27723 1
27722 0
27721 1
27720 0
27719 1
27718 0
27717 1
27716 0
27715 1
27714 0
27713 1
27712 0
27711 1
27710 0
27709 1
27708 0
27707 1
27706 0
27705 1
27704 0
27703 1
27702 0
27701 1
27700 0
27699 1
27698 0
27697 1
27696 0
27695 1
27694 0
27693 1
27692 0
27691 1
27690 0
27689 1
27688 0
27687 1
27686 0
27685 1
27684 0
27683 1
27682 0
27681 1
27680 0
27679 1
27678 0
27677 1
27676 0
27675 1
27674 0
27673 1
27672 0
27671 1
27670 0
27669 1
27668 0
27667 1
27666 0
27665 1
27664 0
27663 1
27662 0
27661 1
27660 0
27659 1
27658 0
27657 1
27656 0
27655 1
27654 0
27653 1
27652 0
27651 1
27650 0
27649 1
27648 0
27647 1
27646 0
27645 1
27644 0
27643 1
27642 0
27641 1
27640 0
27639 1
27638 0
27637 1
27636 0
27635 1
27634 0
27633 1
27632 0
27631 1
27630 0
27629 1
27628 0
27627 1
27626 0
27625 1
27624 0
27623 1
27622 0
27621 1
27620 0
27619 1
27618 0
27617 1
27616 0
27615 1
27614 0
27613 1
27612 0
27611 1
27610 0
27609 1
27608 0
27607 1
27606 0
27605 1
27604 0
27603 1
27602 0
27601 1
27600 0
27599 1
27598 0
27597 1
27596 0
27595 1
27594 0
27593 1
27592 0
27591 1
27590 0
27589 1
27588 0
27587 1
27586 0
27585 1
27584 0
27583 1
27582 0
27581 1
27580 0
27579 1
27578 0
27577 1
27576 0
27575 1
27574 0
27573 1
27572 0
27571 1
27570 0
27569 1
27568 0
27567 1
27566 0
27565 1
27564 0
27563 1
27562 0
27561 1
27560 0
27559 1
27558 0
27557 1
27556 0
27555 1
27554 0
27553 1
27552 0
27551 1
27550 0
27549 1
27548 0
27547 1
27546 0
27545 1
27544 0
27543 1
27542 0
27541 1
27540 0
27539 1
27538 0
27537 1
27536 0
27535 1
27534 0
27533 1
27532 0
27531 1
27530 0
27529 1
27528 0
27527 1
27526 0
27525 1
27524 0
27523 1
27522 0
27521 1
27520 0
27519 1
27518 0
27517 1
27516 0
27515 1
27514 0
27513 1
27512 0
27511 1
27510 0
27509 1
27508 0
27507 1
27506 0
27505 1
27504 0
27503 1
27502 0
27501 1
27500 0
27499 1
27498 0
27497 1
27496 0
27495 1
27494 0
27493 1
27492 0
27491 1
27490 0
27489 1
27488 0
27487 1
27486 0
27485 1
27484 0
27483 1
27482 0
27481 1
27480 0
27479 1
27478 0
27477 1
27476 0
27475 1
27474 0
27473 1
27472 0
27471 1
27470 0
27469 1
27468 0
27467 1
27466 0
27465 1
27464 0
27463 1
27462 0
27461 1
27460 0
27459 1
27458 0
27457 1
27456 0
27455 1
27454 0
27453 1
27452 0
27451 1
27450 0
27449 1
27448 0
27447 1
27446 0
27445 1
27444 0
27443 1
27442 0
27441 1
27440 0
27439 1
27438 0
27437 1
27436 0
27435 1
27434 0
27433 1
27432 0
27431 1
27430 0
27429 1
27428 0
27427 1
27426 0
27425 1
27424 0
27423 1
27422 0
27421 1
27420 0
27419 1
27418 0
27417 1
27416 0
27415 1
27414 0
27413 1
27412 0
27411 1
27410 0
27409 1
27408 0
27407 1
27406 0
27405 1
27404 0
27403 1
27402 0
27401 1
27400 0
27399 1
27398 0
27397 1
27396 0
27395 1
27394 0
27393 1
27392 0
27391 1
27390 0
27389 1
27388 0
27387 1
27386 0
27385 1
27384 0
27383 1
27382 0
27381 1
27380 0
27379 1
27378 0
27377 1
27376 0
27375 1
27374 0
27373 1
27372 0
27371 1
27370 0
27369 1
27368 0
27367 1
27366 0
27365 1
27364 0
27363 1
27362 0
27361 1
27360 0
27359 1
27358 0
27357 1
27356 0
27355 1
27354 0
27353 1
27352 0
27351 1
27350 0
27349 1
27348 0
27347 1
27346 0
27345 1
27344 0
27343 1
27342 0
27341 1
27340 0
27339 1
27338 0
27337 1
27336 0
27335 1
27334 0
27333 1
27332 0
27331 1
27330 0
27329 1
27328 0
27327 1
27326 0
27325 1
27324 0
27323 1
27322 0
27321 1
27320 0
27319 1
27318 0
27317 1
27316 0
27315 1
27314 0
27313 1
27312 0
27311 1
27310 0
27309 1
27308 0
27307 1
27306 0
27305 1
27304 0
27303 1
27302 0
27301 1
27300 0
27299 1
27298 0
27297 1
27296 0
27295 1
27294 0
27293 1
27292 0
27291 1
27290 0
27289 1
27288 0
27287 1
27286 0
27285 1
27284 0
27283 1
27282 0
27281 1
27280 0
27279 1
27278 0
27277 1
27276 0
27275 1
27274 0
27273 1
27272 0
27271 1
27270 0
27269 1
27268 0
27267 1
27266 0
27265 1
27264 0
27263 1
27262 0
27261 1
27260 0
27259 1
27258 0
27257 1
27256 0
27255 1
27254 0
27253 1
27252 0
27251 1
27250 0
27249 1
27248 0
27247 1
27246 0
27245 1
27244 0
27243 1
27242 0
27241 1
27240 0
27239 1
27238 0
27237 1
27236 0
27235 1
27234 0
27233 1
27232 0
27231 1
27230 0
27229 1
27228 0
27227 1
27226 0
27225 1
27224 0
27223 1
27222 0
27221 1
27220 0
27219 1
27218 0
27217 1
27216 0
27215 1
27214 0
27213 1
27212 0
27211 1
27210 0
27209 1
27208 0
27207 1
27206 0
27205 1
27204 0
27203 1
27202 0
27201 1
27200 0
27199 1
27198 0
27197 1
27196 0
27195 1
27194 0
27193 1
27192 0
27191 1
27190 0
27189 1
27188 0
27187 1
27186 0
27185 1
27184 0
27183 1
27182 0
27181 1
27180 0
27179 1
27178 0
27177 1
27176 0
27175 1
27174 0
27173 1
27172 0
27171 1
27170 0
27169 1
27168 0
27167 1
27166 0
27165 1
27164 0
27163 1
27162 0
27161 1
27160 0
27159 1
27158 0
27157 1
27156 0
27155 1
27154 0
27153 1
27152 0
27151 1
27150 0
27149 1
27148 0
27147 1
27146 0
27145 1
27144 0
27143 1
27142 0
27141 1
27140 0
27139 1
27138 0
27137 1
27136 0
27135 1
27134 0
27133 1
27132 0
27131 1
27130 0
27129 1
27128 0
27127 1
27126 0
27125 1
27124 0
27123 1
27122 0
27121 1
27120 0
27119 1
27118 0
27117 1
27116 0
27115 1
27114 0
27113 1
27112 0
27111 1
27110 0
27109 1
27108 0
27107 1
27106 0
27105 1
27104 0
27103 1
27102 0
27101 1
27100 0
27099 1
27098 0
27097 1
27096 0
27095 1
27094 0
27093 1
27092 0
27091 1
27090 0
27089 1
27088 0
27087 1
27086 0
27085 1
27084 0
27083 1
27082 0
27081 1
27080 0
27079 1
27078 0
27077 1
27076 0
27075 1
27074 0
27073 1
27072 0
27071 1
27070 0
27069 1
27068 0
27067 1
27066 0
27065 1
27064 0
27063 1
27062 0
27061 1
27060 0
27059 1
27058 0
27057 1
27056 0
27055 1
27054 0
27053 1
27052 0
27051 1
27050 0
27049 1
27048 0
27047 1
27046 0
27045 1
27044 0
27043 1
27042 0
27041 1
27040 0
27039 1
27038 0
27037 1
27036 0
27035 1
27034 0
27033 1
27032 0
27031 1
27030 0
27029 1
27028 0
27027 1
27026 0
27025 1
27024 0
27023 1
27022 0
27021 1
27020 0
27019 1
27018 0
27017 1
27016 0
27015 1
27014 0
27013 1
27012 0
27011 1
27010 0
27009 1
27008 0
27007 1
27006 0
27005 1
27004 0
27003 1
27002 0
27001 1
27000 0
26999 1
26998 0
26997 1
26996 0
26995 1
26994 0
26993 1
26992 0
26991 1
26990 0
26989 1
26988 0
26987 1
26986 0
26985 1
26984 0
26983 1
26982 0
26981 1
26980 0
26979 1
26978 0
26977 1
26976 0
26975 1
26974 0
26973 1
26972 0
26971 1
26970 0
26969 1
26968 0
26967 1
26966 0
26965 1
26964 0
26963 1
26962 0
26961 1
26960 0
26959 1
26958 0
26957 1
26956 0
26955 1
26954 0
26953 1
26952 0
26951 1
26950 0
26949 1
26948 0
26947 1
26946 0
26945 1
26944 0
26943 1
26942 0
26941 1
26940 0
26939 1
26938 0
26937 1
26936 0
26935 1
26934 0
26933 1
26932 0
26931 1
26930 0
26929 1
26928 0
26927 1
26926 0
26925 1
26924 0
26923 1
26922 0
26921 1
26920 0
26919 1
26918 0
26917 1
26916 0
26915 1
26914 0
26913 1
26912 0
26911 1
26910 0
26909 1
26908 0
26907 1
26906 0
26905 1
26904 0
26903 1
26902 0
26901 1
26900 0
26899 1
26898 0
26897 1
26896 0
26895 1
26894 0
26893 1
26892 0
26891 1
26890 0
26889 1
26888 0
26887 1
26886 0
26885 1
26884 0
26883 1
26882 0
26881 1
26880 0
26879 1
26878 0
26877 1
26876 0
26875 1
26874 0
26873 1
26872 0
26871 1
26870 0
26869 1
26868 0
26867 1
26866 0
26865 1
26864 0
26863 1
26862 0
26861 1
26860 0
26859 1
26858 0
26857 1
26856 0
26855 1
26854 0
26853 1
26852 0
26851 1
26850 0
26849 1
26848 0
26847 1
26846 0
26845 1
26844 0
26843 1
26842 0
26841 1
26840 0
26839 1
26838 0
26837 1
26836 0
26835 1
26834 0
26833 1
26832 0
26831 1
26830 0
26829 1
26828 0
26827 1
26826 0
26825 1
26824 0
26823 1
26822 0
26821 1
26820 0
26819 1
26818 0
26817 1
26816 0
26815 1
26814 0
26813 1
26812 0
26811 1
26810 0
26809 1
26808 0
26807 1
26806 0
26805 1
26804 0
26803 1
26802 0
26801 1
26800 0
26799 1
26798 0
26797 1
26796 0
26795 1
26794 0
26793 1
26792 0
26791 1
26790 0
26789 1
26788 0
26787 1
26786 0
26785 1
26784 0
26783 1
26782 0
26781 1
26780 0
26779 1
26778 0
26777 1
26776 0
26775 1
26774 0
26773 1
26772 0
26771 1
26770 0
26769 1
26768 0
26767 1
26766 0
26765 1
26764 0
26763 1
26762 0
26761 1
26760 0
26759 1
26758 0
26757 1
26756 0
26755 1
26754 0
26753 1
26752 0
26751 1
26750 0
26749 1
26748 0
26747 1
26746 0
26745 1
26744 0
26743 1
26742 0
26741 1
26740 0
26739 1
26738 0
26737 1
26736 0
26735 1
26734 0
26733 1
26732 0
26731 1
26730 0
26729 1
26728 0
26727 1
26726 0
26725 1
26724 0
26723 1
26722 0
26721 1
26720 0
26719 1
26718 0
26717 1
26716 0
26715 1
26714 0
26713 1
26712 0
26711 1
26710 0
26709 1
26708 0
26707 1
26706 0
26705 1
26704 0
26703 1
26702 0
26701 1
26700 0
26699 1
26698 0
26697 1
26696 0
26695 1
26694 0
26693 1
26692 0
26691 1
26690 0
26689 1
26688 0
26687 1
26686 0
26685 1
26684 0
26683 1
26682 0
26681 1
26680 0
26679 1
26678 0
26677 1
26676 0
26675 1
26674 0
26673 1
26672 0
26671 1
26670 0
26669 1
26668 0
26667 1
26666 0
26665 1
26664 0
26663 1
26662 0
26661 1
26660 0
26659 1
26658 0
26657 1
26656 0
26655 1
26654 0
26653 1
26652 0
26651 1
26650 0
26649 1
26648 0
26647 1
26646 0
26645 1
26644 0
26643 1
26642 0
26641 1
26640 0
26639 1
26638 0
26637 1
26636 0
26635 1
26634 0
26633 1
26632 0
26631 1
26630 0
26629 1
26628 0
26627 1
26626 0
26625 1
26624 0
26623 1
26622 0
26621 1
26620 0
26619 1
26618 0
26617 1
26616 0
26615 1
26614 0
26613 1
26612 0
26611 1
26610 0
26609 1
26608 0
26607 1
26606 0
26605 1
26604 0
26603 1
26602 0
26601 1
26600 0
26599 1
26598 0
26597 1
26596 0
26595 1
26594 0
26593 1
26592 0
26591 1
26590 0
26589 1
26588 0
26587 1
26586 0
26585 1
26584 0
26583 1
26582 0
26581 1
26580 0
26579 1
26578 0
26577 1
26576 0
26575 1
26574 0
26573 1
26572 0
26571 1
26570 0
26569 1
26568 0
26567 1
26566 0
26565 1
26564 0
26563 1
26562 0
26561 1
26560 0
26559 1
26558 0
26557 1
26556 0
26555 1
26554 0
26553 1
26552 0
26551 1
26550 0
26549 1
26548 0
26547 1
26546 0
26545 1
26544 0
26543 1
26542 0
26541 1
26540 0
26539 1
26538 0
26537 1
26536 0
26535 1
26534 0
26533 1
26532 0
26531 1
26530 0
26529 1
26528 0
26527 1
26526 0
26525 1
26524 0
26523 1
26522 0
26521 1
26520 0
26519 1
26518 0
26517 1
26516 0
26515 1
26514 0
26513 1
26512 0
26511 1
26510 0
26509 1
26508 0
26507 1
26506 0
26505 1
26504 0
26503 1
26502 0
26501 1
26500 0
26499 1
26498 0
26497 1
26496 0
26495 1
26494 0
26493 1
26492 0
26491 1
26490 0
26489 1
26488 0
26487 1
26486 0
26485 1
26484 0
26483 1
26482 0
26481 1
26480 0
26479 1
26478 0
26477 1
26476 0
26475 1
26474 0
26473 1
26472 0
26471 1
26470 0
26469 1
26468 0
26467 1
26466 0
26465 1
26464 0
26463 1
26462 0
26461 1
26460 0
26459 1
26458 0
26457 1
26456 0
26455 1
26454 0
26453 1
26452 0
26451 1
26450 0
26449 1
26448 0
26447 1
26446 0
26445 1
26444 0
26443 1
26442 0
26441 1
26440 0
26439 1
26438 0
26437 1
26436 0
26435 1
26434 0
26433 1
26432 0
26431 1
26430 0
26429 1
26428 0
26427 1
26426 0
26425 1
26424 0
26423 1
26422 0
26421 1
26420 0
26419 1
26418 0
26417 1
26416 0
26415 1
26414 0
26413 1
26412 0
26411 1
26410 0
26409 1
26408 0
26407 1
26406 0
26405 1
26404 0
26403 1
26402 0
26401 1
26400 0
26399 1
26398 0
26397 1
26396 0
26395 1
26394 0
26393 1
26392 0
26391 1
26390 0
26389 1
26388 0
26387 1
26386 0
26385 1
26384 0
26383 1
26382 0
26381 1
26380 0
26379 1
26378 0
26377 1
26376 0
26375 1
26374 0
26373 1
26372 0
26371 1
26370 0
26369 1
26368 0
26367 1
26366 0
26365 1
26364 0
26363 1
26362 0
26361 1
26360 0
26359 1
26358 0
26357 1
26356 0
26355 1
26354 0
26353 1
26352 0
26351 1
26350 0
26349 1
26348 0
26347 1
26346 0
26345 1
26344 0
26343 1
26342 0
26341 1
26340 0
26339 1
26338 0
26337 1
26336 0
26335 1
26334 0
26333 1
26332 0
26331 1
26330 0
26329 1
26328 0
26327 1
26326 0
26325 1
26324 0
26323 1
26322 0
26321 1
26320 0
26319 1
26318 0
26317 1
26316 0
26315 1
26314 0
26313 1
26312 0
26311 1
26310 0
26309 1
26308 0
26307 1
26306 0
26305 1
26304 0
26303 1
26302 0
26301 1
26300 0
26299 1
26298 0
26297 1
26296 0
26295 1
26294 0
26293 1
26292 0
26291 1
26290 0
26289 1
26288 0
26287 1
26286 0
26285 1
26284 0
26283 1
26282 0
26281 1
26280 0
26279 1
26278 0
26277 1
26276 0
26275 1
26274 0
26273 1
26272 0
26271 1
26270 0
26269 1
26268 0
26267 1
26266 0
26265 1
26264 0
26263 1
26262 0
26261 1
26260 0
26259 1
26258 0
26257 1
26256 0
26255 1
26254 0
26253 1
26252 0
26251 1
26250 0
26249 1
26248 0
26247 1
26246 0
26245 1
26244 0
26243 1
26242 0
26241 1
26240 0
26239 1
26238 0
26237 1
26236 0
26235 1
26234 0
26233 1
26232 0
26231 1
26230 0
26229 1
26228 0
26227 1
26226 0
26225 1
26224 0
26223 1
26222 0
26221 1
26220 0
26219 1
26218 0
26217 1
26216 0
26215 1
26214 0
26213 1
26212 0
26211 1
26210 0
26209 1
26208 0
26207 1
26206 0
26205 1
26204 0
26203 1
26202 0
26201 1
26200 0
26199 1
26198 0
26197 1
26196 0
26195 1
26194 0
26193 1
26192 0
26191 1
26190 0
26189 1
26188 0
26187 1
26186 0
26185 1
26184 0
26183 1
26182 0
26181 1
26180 0
26179 1
26178 0
26177 1
26176 0
26175 1
26174 0
26173 1
26172 0
26171 1
26170 0
26169 1
26168 0
26167 1
26166 0
26165 1
26164 0
26163 1
26162 0
26161 1
26160 0
26159 1
26158 0
26157 1
26156 0
26155 1
26154 0
26153 1
26152 0
26151 1
26150 0
26149 1
26148 0
26147 1
26146 0
26145 1
26144 0
26143 1
26142 0
26141 1
26140 0
26139 1
26138 0
26137 1
26136 0
26135 1
26134 0
26133 1
26132 0
26131 1
26130 0
26129 1
26128 0
26127 1
26126 0
26125 1
26124 0
26123 1
26122 0
26121 1
26120 0
26119 1
26118 0
26117 1
26116 0
26115 1
26114 0
26113 1
26112 0
26111 1
26110 0
26109 1
26108 0
26107 1
26106 0
26105 1
26104 0
26103 1
26102 0
26101 1
26100 0
26099 1
26098 0
26097 1
26096 0
26095 1
26094 0
26093 1
26092 0
26091 1
26090 0
26089 1
26088 0
26087 1
26086 0
26085 1
26084 0
26083 1
26082 0
26081 1
26080 0
26079 1
26078 0
26077 1
26076 0
26075 1
26074 0
26073 1
26072 0
26071 1
26070 0
26069 1
26068 0
26067 1
26066 0
26065 1
26064 0
26063 1
26062 0
26061 1
26060 0
26059 1
26058 0
26057 1
26056 0
26055 1
26054 0
26053 1
26052 0
26051 1
26050 0
26049 1
26048 0
26047 1
26046 0
26045 1
26044 0
26043 1
26042 0
26041 1
26040 0
26039 1
26038 0
26037 1
26036 0
26035 1
26034 0
26033 1
26032 0
26031 1
26030 0
26029 1
26028 0
26027 1
26026 0
26025 1
26024 0
26023 1
26022 0
26021 1
26020 0
26019 1
26018 0
26017 1
26016 0
26015 1
26014 0
26013 1
26012 0
26011 1
26010 0
26009 1
26008 0
26007 1
26006 0
26005 1
26004 0
26003 1
26002 0
26001 1
26000 0
25999 1
25998 0
25997 1
25996 0
25995 1
25994 0
25993 1
25992 0
25991 1
25990 0
25989 1
25988 0
25987 1
25986 0
25985 1
25984 0
25983 1
25982 0
25981 1
25980 0
25979 1
25978 0
25977 1
25976 0
25975 1
25974 0
25973 1
25972 0
25971 1
25970 0
25969 1
25968 0
25967 1
25966 0
25965 1
25964 0
25963 1
25962 0
25961 1
25960 0
25959 1
25958 0
25957 1
25956 0
25955 1
25954 0
25953 1
25952 0
25951 1
25950 0
25949 1
25948 0
25947 1
25946 0
25945 1
25944 0
25943 1
25942 0
25941 1
25940 0
25939 1
25938 0
25937 1
25936 0
25935 1
25934 0
25933 1
25932 0
25931 1
25930 0
25929 1
25928 0
25927 1
25926 0
25925 1
25924 0
25923 1
25922 0
25921 1
25920 0
25919 1
25918 0
25917 1
25916 0
25915 1
25914 0
25913 1
25912 0
25911 1
25910 0
25909 1
25908 0
25907 1
25906 0
25905 1
25904 0
25903 1
25902 0
25901 1
25900 0
25899 1
25898 0
25897 1
25896 0
25895 1
25894 0
25893 1
25892 0
25891 1
25890 0
25889 1
25888 0
25887 1
25886 0
25885 1
25884 0
25883 1
25882 0
25881 1
25880 0
25879 1
25878 0
25877 1
25876 0
25875 1
25874 0
25873 1
25872 0
25871 1
25870 0
25869 1
25868 0
25867 1
25866 0
25865 1
25864 0
25863 1
25862 0
25861 1
25860 0
25859 1
25858 0
25857 1
25856 0
25855 1
25854 0
25853 1
25852 0
25851 1
25850 0
25849 1
25848 0
25847 1
25846 0
25845 1
25844 0
25843 1
25842 0
25841 1
25840 0
25839 1
25838 0
25837 1
25836 0
25835 1
25834 0
25833 1
25832 0
25831 1
25830 0
25829 1
25828 0
25827 1
25826 0
25825 1
25824 0
25823 1
25822 0
25821 1
25820 0
25819 1
25818 0
25817 1
25816 0
25815 1
25814 0
25813 1
25812 0
25811 1
25810 0
25809 1
25808 0
25807 1
25806 0
25805 1
25804 0
25803 1
25802 0
25801 1
25800 0
25799 1
25798 0
25797 1
25796 0
25795 1
25794 0
25793 1
25792 0
25791 1
25790 0
25789 1
25788 0
25787 1
25786 0
25785 1
25784 0
25783 1
25782 0
25781 1
25780 0
25779 1
25778 0
25777 1
25776 0
25775 1
25774 0
25773 1
25772 0
25771 1
25770 0
25769 1
25768 0
25767 1
25766 0
25765 1
25764 0
25763 1
25762 0
25761 1
25760 0
25759 1
25758 0
25757 1
25756 0
25755 1
25754 0
25753 1
25752 0
25751 1
25750 0
25749 1
25748 0
25747 1
25746 0
25745 1
25744 0
25743 1
25742 0
25741 1
25740 0
25739 1
25738 0
25737 1
25736 0
25735 1
25734 0
25733 1
25732 0
25731 1
25730 0
25729 1
25728 0
25727 1
25726 0
25725 1
25724 0
25723 1
25722 0
25721 1
25720 0
25719 1
25718 0
25717 1
25716 0
25715 1
25714 0
25713 1
25712 0
25711 1
25710 0
25709 1
25708 0
25707 1
25706 0
25705 1
25704 0
25703 1
25702 0
25701 1
25700 0
25699 1
25698 0
25697 1
25696 0
25695 1
25694 0
25693 1
25692 0
25691 1
25690 0
25689 1
25688 0
25687 1
25686 0
25685 1
25684 0
25683 1
25682 0
25681 1
25680 0
25679 1
25678 0
25677 1
25676 0
25675 1
25674 0
25673 1
25672 0
25671 1
25670 0
25669 1
25668 0
25667 1
25666 0
25665 1
25664 0
25663 1
25662 0
25661 1
25660 0
25659 1
25658 0
25657 1
25656 0
25655 1
25654 0
25653 1
25652 0
25651 1
25650 0
25649 1
25648 0
25647 1
25646 0
25645 1
25644 0
25643 1
25642 0
25641 1
25640 0
25639 1
25638 0
25637 1
25636 0
25635 1
25634 0
25633 1
25632 0
25631 1
25630 0
25629 1
25628 0
25627 1
25626 0
25625 1
25624 0
25623 1
25622 0
25621 1
25620 0
25619 1
25618 0
25617 1
25616 0
25615 1
25614 0
25613 1
25612 0
25611 1
25610 0
25609 1
25608 0
25607 1
25606 0
25605 1
25604 0
25603 1
25602 0
25601 1
25600 0
25599 1
25598 0
25597 1
25596 0
25595 1
25594 0
25593 1
25592 0
25591 1
25590 0
25589 1
25588 0
25587 1
25586 0
25585 1
25584 0
25583 1
25582 0
25581 1
25580 0
25579 1
25578 0
25577 1
25576 0
25575 1
25574 0
25573 1
25572 0
25571 1
25570 0
25569 1
25568 0
25567 1
25566 0
25565 1
25564 0
25563 1
25562 0
25561 1
25560 0
25559 1
25558 0
25557 1
25556 0
25555 1
25554 0
25553 1
25552 0
25551 1
25550 0
25549 1
25548 0
25547 1
25546 0
25545 1
25544 0
25543 1
25542 0
25541 1
25540 0
25539 1
25538 0
25537 1
25536 0
25535 1
25534 0
25533 1
25532 0
25531 1
25530 0
25529 1
25528 0
25527 1
25526 0
25525 1
25524 0
25523 1
25522 0
25521 1
25520 0
25519 1
25518 0
25517 1
25516 0
25515 1
25514 0
25513 1
25512 0
25511 1
25510 0
25509 1
25508 0
25507 1
25506 0
25505 1
25504 0
25503 1
25502 0
25501 1
25500 0
25499 1
25498 0
25497 1
25496 0
25495 1
25494 0
25493 1
25492 0
25491 1
25490 0
25489 1
25488 0
25487 1
25486 0
25485 1
25484 0
25483 1
25482 0
25481 1
25480 0
25479 1
25478 0
25477 1
25476 0
25475 1
25474 0
25473 1
25472 0
25471 1
25470 0
25469 1
25468 0
25467 1
25466 0
25465 1
25464 0
25463 1
25462 0
25461 1
25460 0
25459 1
25458 0
25457 1
25456 0
25455 1
25454 0
25453 1
25452 0
25451 1
25450 0
25449 1
25448 0
25447 1
25446 0
25445 1
25444 0
25443 1
25442 0
25441 1
25440 0
25439 1
25438 0
25437 1
25436 0
25435 1
25434 0
25433 1
25432 0
25431 1
25430 0
25429 1
25428 0
25427 1
25426 0
25425 1
25424 0
25423 1
25422 0
25421 1
25420 0
25419 1
25418 0
25417 1
25416 0
25415 1
25414 0
25413 1
25412 0
25411 1
25410 0
25409 1
25408 0
25407 1
25406 0
25405 1
25404 0
25403 1
25402 0
25401 1
25400 0
25399 1
25398 0
25397 1
25396 0
25395 1
25394 0
25393 1
25392 0
25391 1
25390 0
25389 1
25388 0
25387 1
25386 0
25385 1
25384 0
25383 1
25382 0
25381 1
25380 0
25379 1
25378 0
25377 1
25376 0
25375 1
25374 0
25373 1
25372 0
25371 1
25370 0
25369 1
25368 0
25367 1
25366 0
25365 1
25364 0
25363 1
25362 0
25361 1
25360 0
25359 1
25358 0
25357 1
25356 0
25355 1
25354 0
25353 1
25352 0
25351 1
25350 0
25349 1
25348 0
25347 1
25346 0
25345 1
25344 0
25343 1
25342 0
25341 1
25340 0
25339 1
25338 0
25337 1
25336 0
25335 1
25334 0
25333 1
25332 0
25331 1
25330 0
25329 1
25328 0
25327 1
25326 0
25325 1
25324 0
25323 1
25322 0
25321 1
25320 0
25319 1
25318 0
25317 1
25316 0
25315 1
25314 0
25313 1
25312 0
25311 1
25310 0
25309 1
25308 0
25307 1
25306 0
25305 1
25304 0
25303 1
25302 0
25301 1
25300 0
25299 1
25298 0
25297 1
25296 0
25295 1
25294 0
25293 1
25292 0
25291 1
25290 0
25289 1
25288 0
25287 1
25286 0
25285 1
25284 0
25283 1
25282 0
25281 1
25280 0
25279 1
25278 0
25277 1
25276 0
25275 1
25274 0
25273 1
25272 0
25271 1
25270 0
25269 1
25268 0
25267 1
25266 0
25265 1
25264 0
25263 1
25262 0
25261 1
25260 0
25259 1
25258 0
25257 1
25256 0
25255 1
25254 0
25253 1
25252 0
25251 1
25250 0
25249 1
25248 0
25247 1
25246 0
25245 1
25244 0
25243 1
25242 0
25241 1
25240 0
25239 1
25238 0
25237 1
25236 0
25235 1
25234 0
25233 1
25232 0
25231 1
25230 0
25229 1
25228 0
25227 1
25226 0
25225 1
25224 0
25223 1
25222 0
25221 1
25220 0
25219 1
25218 0
25217 1
25216 0
25215 1
25214 0
25213 1
25212 0
25211 1
25210 0
25209 1
25208 0
25207 1
25206 0
25205 1
25204 0
25203 1
25202 0
25201 1
25200 0
25199 1
25198 0
25197 1
25196 0
25195 1
25194 0
25193 1
25192 0
25191 1
25190 0
25189 1
25188 0
25187 1
25186 0
25185 1
25184 0
25183 1
25182 0
25181 1
25180 0
25179 1
25178 0
25177 1
25176 0
25175 1
25174 0
25173 1
25172 0
25171 1
25170 0
25169 1
25168 0
25167 1
25166 0
25165 1
25164 0
25163 1
25162 0
25161 1
25160 0
25159 1
25158 0
25157 1
25156 0
25155 1
25154 0
25153 1
25152 0
25151 1
25150 0
25149 1
25148 0
25147 1
25146 0
25145 1
25144 0
25143 1
25142 0
25141 1
25140 0
25139 1
25138 0
25137 1
25136 0
25135 1
25134 0
25133 1
25132 0
25131 1
25130 0
25129 1
25128 0
25127 1
25126 0
25125 1
25124 0
25123 1
25122 0
25121 1
25120 0
25119 1
25118 0
25117 1
25116 0
25115 1
25114 0
25113 1
25112 0
25111 1
25110 0
25109 1
25108 0
25107 1
25106 0
25105 1
25104 0
25103 1
25102 0
25101 1
25100 0
25099 1
25098 0
25097 1
25096 0
25095 1
25094 0
25093 1
25092 0
25091 1
25090 0
25089 1
25088 0
25087 1
25086 0
25085 1
25084 0
25083 1
25082 0
25081 1
25080 0
25079 1
25078 0
25077 1
25076 0
25075 1
25074 0
25073 1
25072 0
25071 1
25070 0
25069 1
25068 0
25067 1
25066 0
25065 1
25064 0
25063 1
25062 0
25061 1
25060 0
25059 1
25058 0
25057 1
25056 0
25055 1
25054 0
25053 1
25052 0
25051 1
25050 0
25049 1
25048 0
25047 1
25046 0
25045 1
25044 0
25043 1
25042 0
25041 1
25040 0
25039 1
25038 0
25037 1
25036 0
25035 1
25034 0
25033 1
25032 0
25031 1
25030 0
25029 1
25028 0
25027 1
25026 0
25025 1
25024 0
25023 1
25022 0
25021 1
25020 0
25019 1
25018 0
25017 1
25016 0
25015 1
25014 0
25013 1
25012 0
25011 1
25010 0
25009 1
25008 0
25007 1
25006 0
25005 1
25004 0
25003 1
25002 0
25001 1
25000 0
24999 1
24998 0
24997 1
24996 0
24995 1
24994 0
24993 1
24992 0
24991 1
24990 0
24989 1
24988 0
24987 1
24986 0
24985 1
24984 0
24983 1
24982 0
24981 1
24980 0
24979 1
24978 0
24977 1
24976 0
24975 1
24974 0
24973 1
24972 0
24971 1
24970 0
24969 1
24968 0
24967 1
24966 0
24965 1
24964 0
24963 1
24962 0
24961 1
24960 0
24959 1
24958 0
24957 1
24956 0
24955 1
24954 0
24953 1
24952 0
24951 1
24950 0
24949 1
24948 0
24947 1
24946 0
24945 1
24944 0
24943 1
24942 0
24941 1
24940 0
24939 1
24938 0
24937 1
24936 0
24935 1
24934 0
24933 1
24932 0
24931 1
24930 0
24929 1
24928 0
24927 1
24926 0
24925 1
24924 0
24923 1
24922 0
24921 1
24920 0
24919 1
24918 0
24917 1
24916 0
24915 1
24914 0
24913 1
24912 0
24911 1
24910 0
24909 1
24908 0
24907 1
24906 0
24905 1
24904 0
24903 1
24902 0
24901 1
24900 0
24899 1
24898 0
24897 1
24896 0
24895 1
24894 0
24893 1
24892 0
24891 1
24890 0
24889 1
24888 0
24887 1
24886 0
24885 1
24884 0
24883 1
24882 0
24881 1
24880 0
24879 1
24878 0
24877 1
24876 0
24875 1
24874 0
24873 1
24872 0
24871 1
24870 0
24869 1
24868 0
24867 1
24866 0
24865 1
24864 0
24863 1
24862 0
24861 1
24860 0
24859 1
24858 0
24857 1
24856 0
24855 1
24854 0
24853 1
24852 0
24851 1
24850 0
24849 1
24848 0
24847 1
24846 0
24845 1
24844 0
24843 1
24842 0
24841 1
24840 0
24839 1
24838 0
24837 1
24836 0
24835 1
24834 0
24833 1
24832 0
24831 1
24830 0
24829 1
24828 0
24827 1
24826 0
24825 1
24824 0
24823 1
24822 0
24821 1
24820 0
24819 1
24818 0
24817 1
24816 0
24815 1
24814 0
24813 1
24812 0
24811 1
24810 0
24809 1
24808 0
24807 1
24806 0
24805 1
24804 0
24803 1
24802 0
24801 1
24800 0
24799 1
24798 0
24797 1
24796 0
24795 1
24794 0
24793 1
24792 0
24791 1
24790 0
24789 1
24788 0
24787 1
24786 0
24785 1
24784 0
24783 1
24782 0
24781 1
24780 0
24779 1
24778 0
24777 1
24776 0
24775 1
24774 0
24773 1
24772 0
24771 1
24770 0
24769 1
24768 0
24767 1
24766 0
24765 1
24764 0
24763 1
24762 0
24761 1
24760 0
24759 1
24758 0
24757 1
24756 0
24755 1
24754 0
24753 1
24752 0
24751 1
24750 0
24749 1
24748 0
24747 1
24746 0
24745 1
24744 0
24743 1
24742 0
24741 1
24740 0
24739 1
24738 0
24737 1
24736 0
24735 1
24734 0
24733 1
24732 0
24731 1
24730 0
24729 1
24728 0
24727 1
24726 0
24725 1
24724 0
24723 1
24722 0
24721 1
24720 0
24719 1
24718 0
24717 1
24716 0
24715 1
24714 0
24713 1
24712 0
24711 1
24710 0
24709 1
24708 0
24707 1
24706 0
24705 1
24704 0
24703 1
24702 0
24701 1
24700 0
24699 1
24698 0
24697 1
24696 0
24695 1
24694 0
24693 1
24692 0
24691 1
24690 0
24689 1
24688 0
24687 1
24686 0
24685 1
24684 0
24683 1
24682 0
24681 1
24680 0
24679 1
24678 0
24677 1
24676 0
24675 1
24674 0
24673 1
24672 0
24671 1
24670 0
24669 1
24668 0
24667 1
24666 0
24665 1
24664 0
24663 1
24662 0
24661 1
24660 0
24659 1
24658 0
24657 1
24656 0
24655 1
24654 0
24653 1
24652 0
24651 1
24650 0
24649 1
24648 0
24647 1
24646 0
24645 1
24644 0
24643 1
24642 0
24641 1
24640 0
24639 1
24638 0
24637 1
24636 0
24635 1
24634 0
24633 1
24632 0
24631 1
24630 0
24629 1
24628 0
24627 1
24626 0
24625 1
24624 0
24623 1
24622 0
24621 1
24620 0
24619 1
24618 0
24617 1
24616 0
24615 1
24614 0
24613 1
24612 0
24611 1
24610 0
24609 1
24608 0
24607 1
24606 0
24605 1
24604 0
24603 1
24602 0
24601 1
24600 0
24599 1
24598 0
24597 1
24596 0
24595 1
24594 0
24593 1
24592 0
24591 1
24590 0
24589 1
24588 0
24587 1
24586 0
24585 1
24584 0
24583 1
24582 0
24581 1
24580 0
24579 1
24578 0
24577 1
24576 0
24575 1
24574 0
24573 1
24572 0
24571 1
24570 0
24569 1
24568 0
24567 1
24566 0
24565 1
24564 0
24563 1
24562 0
24561 1
24560 0
24559 1
24558 0
24557 1
24556 0
24555 1
24554 0
24553 1
24552 0
24551 1
24550 0
24549 1
24548 0
24547 1
24546 0
24545 1
24544 0
24543 1
24542 0
24541 1
24540 0
24539 1
24538 0
24537 1
24536 0
24535 1
24534 0
24533 1
24532 0
24531 1
24530 0
24529 1
24528 0
24527 1
24526 0
24525 1
24524 0
24523 1
24522 0
24521 1
24520 0
24519 1
24518 0
24517 1
24516 0
24515 1
24514 0
24513 1
24512 0
24511 1
24510 0
24509 1
24508 0
24507 1
24506 0
24505 1
24504 0
24503 1
24502 0
24501 1
24500 0
24499 1
24498 0
24497 1
24496 0
24495 1
24494 0
24493 1
24492 0
24491 1
24490 0
24489 1
24488 0
24487 1
24486 0
24485 1
24484 0
24483 1
24482 0
24481 1
24480 0
24479 1
24478 0
24477 1
24476 0
24475 1
24474 0
24473 1
24472 0
24471 1
24470 0
24469 1
24468 0
24467 1
24466 0
24465 1
24464 0
24463 1
24462 0
24461 1
24460 0
24459 1
24458 0
24457 1
24456 0
24455 1
24454 0
24453 1
24452 0
24451 1
24450 0
24449 1
24448 0
24447 1
24446 0
24445 1
24444 0
24443 1
24442 0
24441 1
24440 0
24439 1
24438 0
24437 1
24436 0
24435 1
24434 0
24433 1
24432 0
24431 1
24430 0
24429 1
24428 0
24427 1
24426 0
24425 1
24424 0
24423 1
24422 0
24421 1
24420 0
24419 1
24418 0
24417 1
24416 0
24415 1
24414 0
24413 1
24412 0
24411 1
24410 0
24409 1
24408 0
24407 1
24406 0
24405 1
24404 0
24403 1
24402 0
24401 1
24400 0
24399 1
24398 0
24397 1
24396 0
24395 1
24394 0
24393 1
24392 0
24391 1
24390 0
24389 1
24388 0
24387 1
24386 0
24385 1
24384 0
24383 1
24382 0
24381 1
24380 0
24379 1
24378 0
24377 1
24376 0
24375 1
24374 0
24373 1
24372 0
24371 1
24370 0
24369 1
24368 0
24367 1
24366 0
24365 1
24364 0
24363 1
24362 0
24361 1
24360 0
24359 1
24358 0
24357 1
24356 0
24355 1
24354 0
24353 1
24352 0
24351 1
24350 0
24349 1
24348 0
24347 1
24346 0
24345 1
24344 0
24343 1
24342 0
24341 1
24340 0
24339 1
24338 0
24337 1
24336 0
24335 1
24334 0
24333 1
24332 0
24331 1
24330 0
24329 1
24328 0
24327 1
24326 0
24325 1
24324 0
24323 1
24322 0
24321 1
24320 0
24319 1
24318 0
24317 1
24316 0
24315 1
24314 0
24313 1
24312 0
24311 1
24310 0
24309 1
24308 0
24307 1
24306 0
24305 1
24304 0
24303 1
24302 0
24301 1
24300 0
24299 1
24298 0
24297 1
24296 0
24295 1
24294 0
24293 1
24292 0
24291 1
24290 0
24289 1
24288 0
24287 1
24286 0
24285 1
24284 0
24283 1
24282 0
24281 1
24280 0
24279 1
24278 0
24277 1
24276 0
24275 1
24274 0
24273 1
24272 0
24271 1
24270 0
24269 1
24268 0
24267 1
24266 0
24265 1
24264 0
24263 1
24262 0
24261 1
24260 0
24259 1
24258 0
24257 1
24256 0
24255 1
24254 0
24253 1
24252 0
24251 1
24250 0
24249 1
24248 0
24247 1
24246 0
24245 1
24244 0
24243 1
24242 0
24241 1
24240 0
24239 1
24238 0
24237 1
24236 0
24235 1
24234 0
24233 1
24232 0
24231 1
24230 0
24229 1
24228 0
24227 1
24226 0
24225 1
24224 0
24223 1
24222 0
24221 1
24220 0
24219 1
24218 0
24217 1
24216 0
24215 1
24214 0
24213 1
24212 0
24211 1
24210 0
24209 1
24208 0
24207 1
24206 0
24205 1
24204 0
24203 1
24202 0
24201 1
24200 0
24199 1
24198 0
24197 1
24196 0
24195 1
24194 0
24193 1
24192 0
24191 1
24190 0
24189 1
24188 0
24187 1
24186 0
24185 1
24184 0
24183 1
24182 0
24181 1
24180 0
24179 1
24178 0
24177 1
24176 0
24175 1
24174 0
24173 1
24172 0
24171 1
24170 0
24169 1
24168 0
24167 1
24166 0
24165 1
24164 0
24163 1
24162 0
24161 1
24160 0
24159 1
24158 0
24157 1
24156 0
24155 1
24154 0
24153 1
24152 0
24151 1
24150 0
24149 1
24148 0
24147 1
24146 0
24145 1
24144 0
24143 1
24142 0
24141 1
24140 0
24139 1
24138 0
24137 1
24136 0
24135 1
24134 0
24133 1
24132 0
24131 1
24130 0
24129 1
24128 0
24127 1
24126 0
24125 1
24124 0
24123 1
24122 0
24121 1
24120 0
24119 1
24118 0
24117 1
24116 0
24115 1
24114 0
24113 1
24112 0
24111 1
24110 0
24109 1
24108 0
24107 1
24106 0
24105 1
24104 0
24103 1
24102 0
24101 1
24100 0
24099 1
24098 0
24097 1
24096 0
24095 1
24094 0
24093 1
24092 0
24091 1
24090 0
24089 1
24088 0
24087 1
24086 0
24085 1
24084 0
24083 1
24082 0
24081 1
24080 0
24079 1
24078 0
24077 1
24076 0
24075 1
24074 0
24073 1
24072 0
24071 1
24070 0
24069 1
24068 0
24067 1
24066 0
24065 1
24064 0
24063 1
24062 0
24061 1
24060 0
24059 1
24058 0
24057 1
24056 0
24055 1
24054 0
24053 1
24052 0
24051 1
24050 0
24049 1
24048 0
24047 1
24046 0
24045 1
24044 0
24043 1
24042 0
24041 1
24040 0
24039 1
24038 0
24037 1
24036 0
24035 1
24034 0
24033 1
24032 0
24031 1
24030 0
24029 1
24028 0
24027 1
24026 0
24025 1
24024 0
24023 1
24022 0
24021 1
24020 0
24019 1
24018 0
24017 1
24016 0
24015 1
24014 0
24013 1
24012 0
24011 1
24010 0
24009 1
24008 0
24007 1
24006 0
24005 1
24004 0
24003 1
24002 0
24001 1
24000 0
23999 1
23998 0
23997 1
23996 0
23995 1
23994 0
23993 1
23992 0
23991 1
23990 0
23989 1
23988 0
23987 1
23986 0
23985 1
23984 0
23983 1
23982 0
23981 1
23980 0
23979 1
23978 0
23977 1
23976 0
23975 1
23974 0
23973 1
23972 0
23971 1
23970 0
23969 1
23968 0
23967 1
23966 0
23965 1
23964 0
23963 1
23962 0
23961 1
23960 0
23959 1
23958 0
23957 1
23956 0
23955 1
23954 0
23953 1
23952 0
23951 1
23950 0
23949 1
23948 0
23947 1
23946 0
23945 1
23944 0
23943 1
23942 0
23941 1
23940 0
23939 1
23938 0
23937 1
23936 0
23935 1
23934 0
23933 1
23932 0
23931 1
23930 0
23929 1
23928 0
23927 1
23926 0
23925 1
23924 0
23923 1
23922 0
23921 1
23920 0
23919 1
23918 0
23917 1
23916 0
23915 1
23914 0
23913 1
23912 0
23911 1
23910 0
23909 1
23908 0
23907 1
23906 0
23905 1
23904 0
23903 1
23902 0
23901 1
23900 0
23899 1
23898 0
23897 1
23896 0
23895 1
23894 0
23893 1
23892 0
23891 1
23890 0
23889 1
23888 0
23887 1
23886 0
23885 1
23884 0
23883 1
23882 0
23881 1
23880 0
23879 1
23878 0
23877 1
23876 0
23875 1
23874 0
23873 1
23872 0
23871 1
23870 0
23869 1
23868 0
23867 1
23866 0
23865 1
23864 0
23863 1
23862 0
23861 1
23860 0
23859 1
23858 0
23857 1
23856 0
23855 1
23854 0
23853 1
23852 0
23851 1
23850 0
23849 1
23848 0
23847 1
23846 0
23845 1
23844 0
23843 1
23842 0
23841 1
23840 0
23839 1
23838 0
23837 1
23836 0
23835 1
23834 0
23833 1
23832 0
23831 1
23830 0
23829 1
23828 0
23827 1
23826 0
23825 1
23824 0
23823 1
23822 0
23821 1
23820 0
23819 1
23818 0
23817 1
23816 0
23815 1
23814 0
23813 1
23812 0
23811 1
23810 0
23809 1
23808 0
23807 1
23806 0
23805 1
23804 0
23803 1
23802 0
23801 1
23800 0
23799 1
23798 0
23797 1
23796 0
23795 1
23794 0
23793 1
23792 0
23791 1
23790 0
23789 1
23788 0
23787 1
23786 0
23785 1
23784 0
23783 1
23782 0
23781 1
23780 0
23779 1
23778 0
23777 1
23776 0
23775 1
23774 0
23773 1
23772 0
23771 1
23770 0
23769 1
23768 0
23767 1
23766 0
23765 1
23764 0
23763 1
23762 0
23761 1
23760 0
23759 1
23758 0
23757 1
23756 0
23755 1
23754 0
23753 1
23752 0
23751 1
23750 0
23749 1
23748 0
23747 1
23746 0
23745 1
23744 0
23743 1
23742 0
23741 1
23740 0
23739 1
23738 0
23737 1
23736 0
23735 1
23734 0
23733 1
23732 0
23731 1
23730 0
23729 1
23728 0
23727 1
23726 0
23725 1
23724 0
23723 1
23722 0
23721 1
23720 0
23719 1
23718 0
23717 1
23716 0
23715 1
23714 0
23713 1
23712 0
23711 1
23710 0
23709 1
23708 0
23707 1
23706 0
23705 1
23704 0
23703 1
23702 0
23701 1
23700 0
23699 1
23698 0
23697 1
23696 0
23695 1
23694 0
23693 1
23692 0
23691 1
23690 0
23689 1
23688 0
23687 1
23686 0
23685 1
23684 0
23683 1
23682 0
23681 1
23680 0
23679 1
23678 0
23677 1
23676 0
23675 1
23674 0
23673 1
23672 0
23671 1
23670 0
23669 1
23668 0
23667 1
23666 0
23665 1
23664 0
23663 1
23662 0
23661 1
23660 0
23659 1
23658 0
23657 1
23656 0
23655 1
23654 0
23653 1
23652 0
23651 1
23650 0
23649 1
23648 0
23647 1
23646 0
23645 1
23644 0
23643 1
23642 0
23641 1
23640 0
23639 1
23638 0
23637 1
23636 0
23635 1
23634 0
23633 1
23632 0
23631 1
23630 0
23629 1
23628 0
23627 1
23626 0
23625 1
23624 0
23623 1
23622 0
23621 1
23620 0
23619 1
23618 0
23617 1
23616 0
23615 1
23614 0
23613 1
23612 0
23611 1
23610 0
23609 1
23608 0
23607 1
23606 0
23605 1
23604 0
23603 1
23602 0
23601 1
23600 0
23599 1
23598 0
23597 1
23596 0
23595 1
23594 0
23593 1
23592 0
23591 1
23590 0
23589 1
23588 0
23587 1
23586 0
23585 1
23584 0
23583 1
23582 0
23581 1
23580 0
23579 1
23578 0
23577 1
23576 0
23575 1
23574 0
23573 1
23572 0
23571 1
23570 0
23569 1
23568 0
23567 1
23566 0
23565 1
23564 0
23563 1
23562 0
23561 1
23560 0
23559 1
23558 0
23557 1
23556 0
23555 1
23554 0
23553 1
23552 0
23551 1
23550 0
23549 1
23548 0
23547 1
23546 0
23545 1
23544 0
23543 1
23542 0
23541 1
23540 0
23539 1
23538 0
23537 1
23536 0
23535 1
23534 0
23533 1
23532 0
23531 1
23530 0
23529 1
23528 0
23527 1
23526 0
23525 1
23524 0
23523 1
23522 0
23521 1
23520 0
23519 1
23518 0
23517 1
23516 0
23515 1
23514 0
23513 1
23512 0
23511 1
23510 0
23509 1
23508 0
23507 1
23506 0
23505 1
23504 0
23503 1
23502 0
23501 1
23500 0
23499 1
23498 0
23497 1
23496 0
23495 1
23494 0
23493 1
23492 0
23491 1
23490 0
23489 1
23488 0
23487 1
23486 0
23485 1
23484 0
23483 1
23482 0
23481 1
23480 0
23479 1
23478 0
23477 1
23476 0
23475 1
23474 0
23473 1
23472 0
23471 1
23470 0
23469 1
23468 0
23467 1
23466 0
23465 1
23464 0
23463 1
23462 0
23461 1
23460 0
23459 1
23458 0
23457 1
23456 0
23455 1
23454 0
23453 1
23452 0
23451 1
23450 0
23449 1
23448 0
23447 1
23446 0
23445 1
23444 0
23443 1
23442 0
23441 1
23440 0
23439 1
23438 0
23437 1
23436 0
23435 1
23434 0
23433 1
23432 0
23431 1
23430 0
23429 1
23428 0
23427 1
23426 0
23425 1
23424 0
23423 1
23422 0
23421 1
23420 0
23419 1
23418 0
23417 1
23416 0
23415 1
23414 0
23413 1
23412 0
23411 1
23410 0
23409 1
23408 0
23407 1
23406 0
23405 1
23404 0
23403 1
23402 0
23401 1
23400 0
23399 1
23398 0
23397 1
23396 0
23395 1
23394 0
23393 1
23392 0
23391 1
23390 0
23389 1
23388 0
23387 1
23386 0
23385 1
23384 0
23383 1
23382 0
23381 1
23380 0
23379 1
23378 0
23377 1
23376 0
23375 1
23374 0
23373 1
23372 0
23371 1
23370 0
23369 1
23368 0
23367 1
23366 0
23365 1
23364 0
23363 1
23362 0
23361 1
23360 0
23359 1
23358 0
23357 1
23356 0
23355 1
23354 0
23353 1
23352 0
23351 1
23350 0
23349 1
23348 0
23347 1
23346 0
23345 1
23344 0
23343 1
23342 0
23341 1
23340 0
23339 1
23338 0
23337 1
23336 0
23335 1
23334 0
23333 1
23332 0
23331 1
23330 0
23329 1
23328 0
23327 1
23326 0
23325 1
23324 0
23323 1
23322 0
23321 1
23320 0
23319 1
23318 0
23317 1
23316 0
23315 1
23314 0
23313 1
23312 0
23311 1
23310 0
23309 1
23308 0
23307 1
23306 0
23305 1
23304 0
23303 1
23302 0
23301 1
23300 0
23299 1
23298 0
23297 1
23296 0
23295 1
23294 0
23293 1
23292 0
23291 1
23290 0
23289 1
23288 0
23287 1
23286 0
23285 1
23284 0
23283 1
23282 0
23281 1
23280 0
23279 1
23278 0
23277 1
23276 0
23275 1
23274 0
23273 1
23272 0
23271 1
23270 0
23269 1
23268 0
23267 1
23266 0
23265 1
23264 0
23263 1
23262 0
23261 1
23260 0
23259 1
23258 0
23257 1
23256 0
23255 1
23254 0
23253 1
23252 0
23251 1
23250 0
23249 1
23248 0
23247 1
23246 0
23245 1
23244 0
23243 1
23242 0
23241 1
23240 0
23239 1
23238 0
23237 1
23236 0
23235 1
23234 0
23233 1
23232 0
23231 1
23230 0
23229 1
23228 0
23227 1
23226 0
23225 1
23224 0
23223 1
23222 0
23221 1
23220 0
23219 1
23218 0
23217 1
23216 0
23215 1
23214 0
23213 1
23212 0
23211 1
23210 0
23209 1
23208 0
23207 1
23206 0
23205 1
23204 0
23203 1
23202 0
23201 1
23200 0
23199 1
23198 0
23197 1
23196 0
23195 1
23194 0
23193 1
23192 0
23191 1
23190 0
23189 1
23188 0
23187 1
23186 0
23185 1
23184 0
23183 1
23182 0
23181 1
23180 0
23179 1
23178 0
23177 1
23176 0
23175 1
23174 0
23173 1
23172 0
23171 1
23170 0
23169 1
23168 0
23167 1
23166 0
23165 1
23164 0
23163 1
23162 0
23161 1
23160 0
23159 1
23158 0
23157 1
23156 0
23155 1
23154 0
23153 1
23152 0
23151 1
23150 0
23149 1
23148 0
23147 1
23146 0
23145 1
23144 0
23143 1
23142 0
23141 1
23140 0
23139 1
23138 0
23137 1
23136 0
23135 1
23134 0
23133 1
23132 0
23131 1
23130 0
23129 1
23128 0
23127 1
23126 0
23125 1
23124 0
23123 1
23122 0
23121 1
23120 0
23119 1
23118 0
23117 1
23116 0
23115 1
23114 0
23113 1
23112 0
23111 1
23110 0
23109 1
23108 0
23107 1
23106 0
23105 1
23104 0
23103 1
23102 0
23101 1
23100 0
23099 1
23098 0
23097 1
23096 0
23095 1
23094 0
23093 1
23092 0
23091 1
23090 0
23089 1
23088 0
23087 1
23086 0
23085 1
23084 0
23083 1
23082 0
23081 1
23080 0
23079 1
23078 0
23077 1
23076 0
23075 1
23074 0
23073 1
23072 0
23071 1
23070 0
23069 1
23068 0
23067 1
23066 0
23065 1
23064 0
23063 1
23062 0
23061 1
23060 0
23059 1
23058 0
23057 1
23056 0
23055 1
23054 0
23053 1
23052 0
23051 1
23050 0
23049 1
23048 0
23047 1
23046 0
23045 1
23044 0
23043 1
23042 0
23041 1
23040 0
23039 1
23038 0
23037 1
23036 0
23035 1
23034 0
23033 1
23032 0
23031 1
23030 0
23029 1
23028 0
23027 1
23026 0
23025 1
23024 0
23023 1
23022 0
23021 1
23020 0
23019 1
23018 0
23017 1
23016 0
23015 1
23014 0
23013 1
23012 0
23011 1
23010 0
23009 1
23008 0
23007 1
23006 0
23005 1
23004 0
23003 1
23002 0
23001 1
23000 0
22999 1
22998 0
22997 1
22996 0
22995 1
22994 0
22993 1
22992 0
22991 1
22990 0
22989 1
22988 0
22987 1
22986 0
22985 1
22984 0
22983 1
22982 0
22981 1
22980 0
22979 1
22978 0
22977 1
22976 0
22975 1
22974 0
22973 1
22972 0
22971 1
22970 0
22969 1
22968 0
22967 1
22966 0
22965 1
22964 0
22963 1
22962 0
22961 1
22960 0
22959 1
22958 0
22957 1
22956 0
22955 1
22954 0
22953 1
22952 0
22951 1
22950 0
22949 1
22948 0
22947 1
22946 0
22945 1
22944 0
22943 1
22942 0
22941 1
22940 0
22939 1
22938 0
22937 1
22936 0
22935 1
22934 0
22933 1
22932 0
22931 1
22930 0
22929 1
22928 0
22927 1
22926 0
22925 1
22924 0
22923 1
22922 0
22921 1
22920 0
22919 1
22918 0
22917 1
22916 0
22915 1
22914 0
22913 1
22912 0
22911 1
22910 0
22909 1
22908 0
22907 1
22906 0
22905 1
22904 0
22903 1
22902 0
22901 1
22900 0
22899 1
22898 0
22897 1
22896 0
22895 1
22894 0
22893 1
22892 0
22891 1
22890 0
22889 1
22888 0
22887 1
22886 0
22885 1
22884 0
22883 1
22882 0
22881 1
22880 0
22879 1
22878 0
22877 1
22876 0
22875 1
22874 0
22873 1
22872 0
22871 1
22870 0
22869 1
22868 0
22867 1
22866 0
22865 1
22864 0
22863 1
22862 0
22861 1
22860 0
22859 1
22858 0
22857 1
22856 0
22855 1
22854 0
22853 1
22852 0
22851 1
22850 0
22849 1
22848 0
22847 1
22846 0
22845 1
22844 0
22843 1
22842 0
22841 1
22840 0
22839 1
22838 0
22837 1
22836 0
22835 1
22834 0
22833 1
22832 0
22831 1
22830 0
22829 1
22828 0
22827 1
22826 0
22825 1
22824 0
22823 1
22822 0
22821 1
22820 0
22819 1
22818 0
22817 1
22816 0
22815 1
22814 0
22813 1
22812 0
22811 1
22810 0
22809 1
22808 0
22807 1
22806 0
22805 1
22804 0
22803 1
22802 0
22801 1
22800 0
22799 1
22798 0
22797 1
22796 0
22795 1
22794 0
22793 1
22792 0
22791 1
22790 0
22789 1
22788 0
22787 1
22786 0
22785 1
22784 0
22783 1
22782 0
22781 1
22780 0
22779 1
22778 0
22777 1
22776 0
22775 1
22774 0
22773 1
22772 0
22771 1
22770 0
22769 1
22768 0
22767 1
22766 0
22765 1
22764 0
22763 1
22762 0
22761 1
22760 0
22759 1
22758 0
22757 1
22756 0
22755 1
22754 0
22753 1
22752 0
22751 1
22750 0
22749 1
22748 0
22747 1
22746 0
22745 1
22744 0
22743 1
22742 0
22741 1
22740 0
22739 1
22738 0
22737 1
22736 0
22735 1
22734 0
22733 1
22732 0
22731 1
22730 0
22729 1
22728 0
22727 1
22726 0
22725 1
22724 0
22723 1
22722 0
22721 1
22720 0
22719 1
22718 0
22717 1
22716 0
22715 1
22714 0
22713 1
22712 0
22711 1
22710 0
22709 1
22708 0
22707 1
22706 0
22705 1
22704 0
22703 1
22702 0
22701 1
22700 0
22699 1
22698 0
22697 1
22696 0
22695 1
22694 0
22693 1
22692 0
22691 1
22690 0
22689 1
22688 0
22687 1
22686 0
22685 1
22684 0
22683 1
22682 0
22681 1
22680 0
22679 1
22678 0
22677 1
22676 0
22675 1
22674 0
22673 1
22672 0
22671 1
22670 0
22669 1
22668 0
22667 1
22666 0
22665 1
22664 0
22663 1
22662 0
22661 1
22660 0
22659 1
22658 0
22657 1
22656 0
22655 1
22654 0
22653 1
22652 0
22651 1
22650 0
22649 1
22648 0
22647 1
22646 0
22645 1
22644 0
22643 1
22642 0
22641 1
22640 0
22639 1
22638 0
22637 1
22636 0
22635 1
22634 0
22633 1
22632 0
22631 1
22630 0
22629 1
22628 0
22627 1
22626 0
22625 1
22624 0
22623 1
22622 0
22621 1
22620 0
22619 1
22618 0
22617 1
22616 0
22615 1
22614 0
22613 1
22612 0
22611 1
22610 0
22609 1
22608 0
22607 1
22606 0
22605 1
22604 0
22603 1
22602 0
22601 1
22600 0
22599 1
22598 0
22597 1
22596 0
22595 1
22594 0
22593 1
22592 0
22591 1
22590 0
22589 1
22588 0
22587 1
22586 0
22585 1
22584 0
22583 1
22582 0
22581 1
22580 0
22579 1
22578 0
22577 1
22576 0
22575 1
22574 0
22573 1
22572 0
22571 1
22570 0
22569 1
22568 0
22567 1
22566 0
22565 1
22564 0
22563 1
22562 0
22561 1
22560 0
22559 1
22558 0
22557 1
22556 0
22555 1
22554 0
22553 1
22552 0
22551 1
22550 0
22549 1
22548 0
22547 1
22546 0
22545 1
22544 0
22543 1
22542 0
22541 1
22540 0
22539 1
22538 0
22537 1
22536 0
22535 1
22534 0
22533 1
22532 0
22531 1
22530 0
22529 1
22528 0
22527 1
22526 0
22525 1
22524 0
22523 1
22522 0
22521 1
22520 0
22519 1
22518 0
22517 1
22516 0
22515 1
22514 0
22513 1
22512 0
22511 1
22510 0
22509 1
22508 0
22507 1
22506 0
22505 1
22504 0
22503 1
22502 0
22501 1
22500 0
22499 1
22498 0
22497 1
22496 0
22495 1
22494 0
22493 1
22492 0
22491 1
22490 0
22489 1
22488 0
22487 1
22486 0
22485 1
22484 0
22483 1
22482 0
22481 1
22480 0
22479 1
22478 0
22477 1
22476 0
22475 1
22474 0
22473 1
22472 0
22471 1
22470 0
22469 1
22468 0
22467 1
22466 0
22465 1
22464 0
22463 1
22462 0
22461 1
22460 0
22459 1
22458 0
22457 1
22456 0
22455 1
22454 0
22453 1
22452 0
22451 1
22450 0
22449 1
22448 0
22447 1
22446 0
22445 1
22444 0
22443 1
22442 0
22441 1
22440 0
22439 1
22438 0
22437 1
22436 0
22435 1
22434 0
22433 1
22432 0
22431 1
22430 0
22429 1
22428 0
22427 1
22426 0
22425 1
22424 0
22423 1
22422 0
22421 1
22420 0
22419 1
22418 0
22417 1
22416 0
22415 1
22414 0
22413 1
22412 0
22411 1
22410 0
22409 1
22408 0
22407 1
22406 0
22405 1
22404 0
22403 1
22402 0
22401 1
22400 0
22399 1
22398 0
22397 1
22396 0
22395 1
22394 0
22393 1
22392 0
22391 1
22390 0
22389 1
22388 0
22387 1
22386 0
22385 1
22384 0
22383 1
22382 0
22381 1
22380 0
22379 1
22378 0
22377 1
22376 0
22375 1
22374 0
22373 1
22372 0
22371 1
22370 0
22369 1
22368 0
22367 1
22366 0
22365 1
22364 0
22363 1
22362 0
22361 1
22360 0
22359 1
22358 0
22357 1
22356 0
22355 1
22354 0
22353 1
22352 0
22351 1
22350 0
22349 1
22348 0
22347 1
22346 0
22345 1
22344 0
22343 1
22342 0
22341 1
22340 0
22339 1
22338 0
22337 1
22336 0
22335 1
22334 0
22333 1
22332 0
22331 1
22330 0
22329 1
22328 0
22327 1
22326 0
22325 1
22324 0
22323 1
22322 0
22321 1
22320 0
22319 1
22318 0
22317 1
22316 0
22315 1
22314 0
22313 1
22312 0
22311 1
22310 0
22309 1
22308 0
22307 1
22306 0
22305 1
22304 0
22303 1
22302 0
22301 1
22300 0
22299 1
22298 0
22297 1
22296 0
22295 1
22294 0
22293 1
22292 0
22291 1
22290 0
22289 1
22288 0
22287 1
22286 0
22285 1
22284 0
22283 1
22282 0
22281 1
22280 0
22279 1
22278 0
22277 1
22276 0
22275 1
22274 0
22273 1
22272 0
22271 1
22270 0
22269 1
22268 0
22267 1
22266 0
22265 1
22264 0
22263 1
22262 0
22261 1
22260 0
22259 1
22258 0
22257 1
22256 0
22255 1
22254 0
22253 1
22252 0
22251 1
22250 0
22249 1
22248 0
22247 1
22246 0
22245 1
22244 0
22243 1
22242 0
22241 1
22240 0
22239 1
22238 0
22237 1
22236 0
22235 1
22234 0
22233 1
22232 0
22231 1
22230 0
22229 1
22228 0
22227 1
22226 0
22225 1
22224 0
22223 1
22222 0
22221 1
22220 0
22219 1
22218 0
22217 1
22216 0
22215 1
22214 0
22213 1
22212 0
22211 1
22210 0
22209 1
22208 0
22207 1
22206 0
22205 1
22204 0
22203 1
22202 0
22201 1
22200 0
22199 1
22198 0
22197 1
22196 0
22195 1
22194 0
22193 1
22192 0
22191 1
22190 0
22189 1
22188 0
22187 1
22186 0
22185 1
22184 0
22183 1
22182 0
22181 1
22180 0
22179 1
22178 0
22177 1
22176 0
22175 1
22174 0
22173 1
22172 0
22171 1
22170 0
22169 1
22168 0
22167 1
22166 0
22165 1
22164 0
22163 1
22162 0
22161 1
22160 0
22159 1
22158 0
22157 1
22156 0
22155 1
22154 0
22153 1
22152 0
22151 1
22150 0
22149 1
22148 0
22147 1
22146 0
22145 1
22144 0
22143 1
22142 0
22141 1
22140 0
22139 1
22138 0
22137 1
22136 0
22135 1
22134 0
22133 1
22132 0
22131 1
22130 0
22129 1
22128 0
22127 1
22126 0
22125 1
22124 0
22123 1
22122 0
22121 1
22120 0
22119 1
22118 0
22117 1
22116 0
22115 1
22114 0
22113 1
22112 0
22111 1
22110 0
22109 1
22108 0
22107 1
22106 0
22105 1
22104 0
22103 1
22102 0
22101 1
22100 0
22099 1
22098 0
22097 1
22096 0
22095 1
22094 0
22093 1
22092 0
22091 1
22090 0
22089 1
22088 0
22087 1
22086 0
22085 1
22084 0
22083 1
22082 0
22081 1
22080 0
22079 1
22078 0
22077 1
22076 0
22075 1
22074 0
22073 1
22072 0
22071 1
22070 0
22069 1
22068 0
22067 1
22066 0
22065 1
22064 0
22063 1
22062 0
22061 1
22060 0
22059 1
22058 0
22057 1
22056 0
22055 1
22054 0
22053 1
22052 0
22051 1
22050 0
22049 1
22048 0
22047 1
22046 0
22045 1
22044 0
22043 1
22042 0
22041 1
22040 0
22039 1
22038 0
22037 1
22036 0
22035 1
22034 0
22033 1
22032 0
22031 1
22030 0
22029 1
22028 0
22027 1
22026 0
22025 1
22024 0
22023 1
22022 0
22021 1
22020 0
22019 1
22018 0
22017 1
22016 0
22015 1
22014 0
22013 1
22012 0
22011 1
22010 0
22009 1
22008 0
22007 1
22006 0
22005 1
22004 0
22003 1
22002 0
22001 1
22000 0
21999 1
21998 0
21997 1
21996 0
21995 1
21994 0
21993 1
21992 0
21991 1
21990 0
21989 1
21988 0
21987 1
21986 0
21985 1
21984 0
21983 1
21982 0
21981 1
21980 0
21979 1
21978 0
21977 1
21976 0
21975 1
21974 0
21973 1
21972 0
21971 1
21970 0
21969 1
21968 0
21967 1
21966 0
21965 1
21964 0
21963 1
21962 0
21961 1
21960 0
21959 1
21958 0
21957 1
21956 0
21955 1
21954 0
21953 1
21952 0
21951 1
21950 0
21949 1
21948 0
21947 1
21946 0
21945 1
21944 0
21943 1
21942 0
21941 1
21940 0
21939 1
21938 0
21937 1
21936 0
21935 1
21934 0
21933 1
21932 0
21931 1
21930 0
21929 1
21928 0
21927 1
21926 0
21925 1
21924 0
21923 1
21922 0
21921 1
21920 0
21919 1
21918 0
21917 1
21916 0
21915 1
21914 0
21913 1
21912 0
21911 1
21910 0
21909 1
21908 0
21907 1
21906 0
21905 1
21904 0
21903 1
21902 0
21901 1
21900 0
21899 1
21898 0
21897 1
21896 0
21895 1
21894 0
21893 1
21892 0
21891 1
21890 0
21889 1
21888 0
21887 1
21886 0
21885 1
21884 0
21883 1
21882 0
21881 1
21880 0
21879 1
21878 0
21877 1
21876 0
21875 1
21874 0
21873 1
21872 0
21871 1
21870 0
21869 1
21868 0
21867 1
21866 0
21865 1
21864 0
21863 1
21862 0
21861 1
21860 0
21859 1
21858 0
21857 1
21856 0
21855 1
21854 0
21853 1
21852 0
21851 1
21850 0
21849 1
21848 0
21847 1
21846 0
21845 1
21844 0
21843 1
21842 0
21841 1
21840 0
21839 1
21838 0
21837 1
21836 0
21835 1
21834 0
21833 1
21832 0
21831 1
21830 0
21829 1
21828 0
21827 1
21826 0
21825 1
21824 0
21823 1
21822 0
21821 1
21820 0
21819 1
21818 0
21817 1
21816 0
21815 1
21814 0
21813 1
21812 0
21811 1
21810 0
21809 1
21808 0
21807 1
21806 0
21805 1
21804 0
21803 1
21802 0
21801 1
21800 0
21799 1
21798 0
21797 1
21796 0
21795 1
21794 0
21793 1
21792 0
21791 1
21790 0
21789 1
21788 0
21787 1
21786 0
21785 1
21784 0
21783 1
21782 0
21781 1
21780 0
21779 1
21778 0
21777 1
21776 0
21775 1
21774 0
21773 1
21772 0
21771 1
21770 0
21769 1
21768 0
21767 1
21766 0
21765 1
21764 0
21763 1
21762 0
21761 1
21760 0
21759 1
21758 0
21757 1
21756 0
21755 1
21754 0
21753 1
21752 0
21751 1
21750 0
21749 1
21748 0
21747 1
21746 0
21745 1
21744 0
21743 1
21742 0
21741 1
21740 0
21739 1
21738 0
21737 1
21736 0
21735 1
21734 0
21733 1
21732 0
21731 1
21730 0
21729 1
21728 0
21727 1
21726 0
21725 1
21724 0
21723 1
21722 0
21721 1
21720 0
21719 1
21718 0
21717 1
21716 0
21715 1
21714 0
21713 1
21712 0
21711 1
21710 0
21709 1
21708 0
21707 1
21706 0
21705 1
21704 0
21703 1
21702 0
21701 1
21700 0
21699 1
21698 0
21697 1
21696 0
21695 1
21694 0
21693 1
21692 0
21691 1
21690 0
21689 1
21688 0
21687 1
21686 0
21685 1
21684 0
21683 1
21682 0
21681 1
21680 0
21679 1
21678 0
21677 1
21676 0
21675 1
21674 0
21673 1
21672 0
21671 1
21670 0
21669 1
21668 0
21667 1
21666 0
21665 1
21664 0
21663 1
21662 0
21661 1
21660 0
21659 1
21658 0
21657 1
21656 0
21655 1
21654 0
21653 1
21652 0
21651 1
21650 0
21649 1
21648 0
21647 1
21646 0
21645 1
21644 0
21643 1
21642 0
21641 1
21640 0
21639 1
21638 0
21637 1
21636 0
21635 1
21634 0
21633 1
21632 0
21631 1
21630 0
21629 1
21628 0
21627 1
21626 0
21625 1
21624 0
21623 1
21622 0
21621 1
21620 0
21619 1
21618 0
21617 1
21616 0
21615 1
21614 0
21613 1
21612 0
21611 1
21610 0
21609 1
21608 0
21607 1
21606 0
21605 1
21604 0
21603 1
21602 0
21601 1
21600 0
21599 1
21598 0
21597 1
21596 0
21595 1
21594 0
21593 1
21592 0
21591 1
21590 0
21589 1
21588 0
21587 1
21586 0
21585 1
21584 0
21583 1
21582 0
21581 1
21580 0
21579 1
21578 0
21577 1
21576 0
21575 1
21574 0
21573 1
21572 0
21571 1
21570 0
21569 1
21568 0
21567 1
21566 0
21565 1
21564 0
21563 1
21562 0
21561 1
21560 0
21559 1
21558 0
21557 1
21556 0
21555 1
21554 0
21553 1
21552 0
21551 1
21550 0
21549 1
21548 0
21547 1
21546 0
21545 1
21544 0
21543 1
21542 0
21541 1
21540 0
21539 1
21538 0
21537 1
21536 0
21535 1
21534 0
21533 1
21532 0
21531 1
21530 0
21529 1
21528 0
21527 1
21526 0
21525 1
21524 0
21523 1
21522 0
21521 1
21520 0
21519 1
21518 0
21517 1
21516 0
21515 1
21514 0
21513 1
21512 0
21511 1
21510 0
21509 1
21508 0
21507 1
21506 0
21505 1
21504 0
21503 1
21502 0
21501 1
21500 0
21499 1
21498 0
21497 1
21496 0
21495 1
21494 0
21493 1
21492 0
21491 1
21490 0
21489 1
21488 0
21487 1
21486 0
21485 1
21484 0
21483 1
21482 0
21481 1
21480 0
21479 1
21478 0
21477 1
21476 0
21475 1
21474 0
21473 1
21472 0
21471 1
21470 0
21469 1
21468 0
21467 1
21466 0
21465 1
21464 0
21463 1
21462 0
21461 1
21460 0
21459 1
21458 0
21457 1
21456 0
21455 1
21454 0
21453 1
21452 0
21451 1
21450 0
21449 1
21448 0
21447 1
21446 0
21445 1
21444 0
21443 1
21442 0
21441 1
21440 0
21439 1
21438 0
21437 1
21436 0
21435 1
21434 0
21433 1
21432 0
21431 1
21430 0
21429 1
21428 0
21427 1
21426 0
21425 1
21424 0
21423 1
21422 0
21421 1
21420 0
21419 1
21418 0
21417 1
21416 0
21415 1
21414 0
21413 1
21412 0
21411 1
21410 0
21409 1
21408 0
21407 1
21406 0
21405 1
21404 0
21403 1
21402 0
21401 1
21400 0
21399 1
21398 0
21397 1
21396 0
21395 1
21394 0
21393 1
21392 0
21391 1
21390 0
21389 1
21388 0
21387 1
21386 0
21385 1
21384 0
21383 1
21382 0
21381 1
21380 0
21379 1
21378 0
21377 1
21376 0
21375 1
21374 0
21373 1
21372 0
21371 1
21370 0
21369 1
21368 0
21367 1
21366 0
21365 1
21364 0
21363 1
21362 0
21361 1
21360 0
21359 1
21358 0
21357 1
21356 0
21355 1
21354 0
21353 1
21352 0
21351 1
21350 0
21349 1
21348 0
21347 1
21346 0
21345 1
21344 0
21343 1
21342 0
21341 1
21340 0
21339 1
21338 0
21337 1
21336 0
21335 1
21334 0
21333 1
21332 0
21331 1
21330 0
21329 1
21328 0
21327 1
21326 0
21325 1
21324 0
21323 1
21322 0
21321 1
21320 0
21319 1
21318 0
21317 1
21316 0
21315 1
21314 0
21313 1
21312 0
21311 1
21310 0
21309 1
21308 0
21307 1
21306 0
21305 1
21304 0
21303 1
21302 0
21301 1
21300 0
21299 1
21298 0
21297 1
21296 0
21295 1
21294 0
21293 1
21292 0
21291 1
21290 0
21289 1
21288 0
21287 1
21286 0
21285 1
21284 0
21283 1
21282 0
21281 1
21280 0
21279 1
21278 0
21277 1
21276 0
21275 1
21274 0
21273 1
21272 0
21271 1
21270 0
21269 1
21268 0
21267 1
21266 0
21265 1
21264 0
21263 1
21262 0
21261 1
21260 0
21259 1
21258 0
21257 1
21256 0
21255 1
21254 0
21253 1
21252 0
21251 1
21250 0
21249 1
21248 0
21247 1
21246 0
21245 1
21244 0
21243 1
21242 0
21241 1
21240 0
21239 1
21238 0
21237 1
21236 0
21235 1
21234 0
21233 1
21232 0
21231 1
21230 0
21229 1
21228 0
21227 1
21226 0
21225 1
21224 0
21223 1
21222 0
21221 1
21220 0
21219 1
21218 0
21217 1
21216 0
21215 1
21214 0
21213 1
21212 0
21211 1
21210 0
21209 1
21208 0
21207 1
21206 0
21205 1
21204 0
21203 1
21202 0
21201 1
21200 0
21199 1
21198 0
21197 1
21196 0
21195 1
21194 0
21193 1
21192 0
21191 1
21190 0
21189 1
21188 0
21187 1
21186 0
21185 1
21184 0
21183 1
21182 0
21181 1
21180 0
21179 1
21178 0
21177 1
21176 0
21175 1
21174 0
21173 1
21172 0
21171 1
21170 0
21169 1
21168 0
21167 1
21166 0
21165 1
21164 0
21163 1
21162 0
21161 1
21160 0
21159 1
21158 0
21157 1
21156 0
21155 1
21154 0
21153 1
21152 0
21151 1
21150 0
21149 1
21148 0
21147 1
21146 0
21145 1
21144 0
21143 1
21142 0
21141 1
21140 0
21139 1
21138 0
21137 1
21136 0
21135 1
21134 0
21133 1
21132 0
21131 1
21130 0
21129 1
21128 0
21127 1
21126 0
21125 1
21124 0
21123 1
21122 0
21121 1
21120 0
21119 1
21118 0
21117 1
21116 0
21115 1
21114 0
21113 1
21112 0
21111 1
21110 0
21109 1
21108 0
21107 1
21106 0
21105 1
21104 0
21103 1
21102 0
21101 1
21100 0
21099 1
21098 0
21097 1
21096 0
21095 1
21094 0
21093 1
21092 0
21091 1
21090 0
21089 1
21088 0
21087 1
21086 0
21085 1
21084 0
21083 1
21082 0
21081 1
21080 0
21079 1
21078 0
21077 1
21076 0
21075 1
21074 0
21073 1
21072 0
21071 1
21070 0
21069 1
21068 0
21067 1
21066 0
21065 1
21064 0
21063 1
21062 0
21061 1
21060 0
21059 1
21058 0
21057 1
21056 0
21055 1
21054 0
21053 1
21052 0
21051 1
21050 0
21049 1
21048 0
21047 1
21046 0
21045 1
21044 0
21043 1
21042 0
21041 1
21040 0
21039 1
21038 0
21037 1
21036 0
21035 1
21034 0
21033 1
21032 0
21031 1
21030 0
21029 1
21028 0
21027 1
21026 0
21025 1
21024 0
21023 1
21022 0
21021 1
21020 0
21019 1
21018 0
21017 1
21016 0
21015 1
21014 0
21013 1
21012 0
21011 1
21010 0
21009 1
21008 0
21007 1
21006 0
21005 1
21004 0
21003 1
21002 0
21001 1
21000 0
20999 1
20998 0
20997 1
20996 0
20995 1
20994 0
20993 1
20992 0
20991 1
20990 0
20989 1
20988 0
20987 1
20986 0
20985 1
20984 0
20983 1
20982 0
20981 1
20980 0
20979 1
20978 0
20977 1
20976 0
20975 1
20974 0
20973 1
20972 0
20971 1
20970 0
20969 1
20968 0
20967 1
20966 0
20965 1
20964 0
20963 1
20962 0
20961 1
20960 0
20959 1
20958 0
20957 1
20956 0
20955 1
20954 0
20953 1
20952 0
20951 1
20950 0
20949 1
20948 0
20947 1
20946 0
20945 1
20944 0
20943 1
20942 0
20941 1
20940 0
20939 1
20938 0
20937 1
20936 0
20935 1
20934 0
20933 1
20932 0
20931 1
20930 0
20929 1
20928 0
20927 1
20926 0
20925 1
20924 0
20923 1
20922 0
20921 1
20920 0
20919 1
20918 0
20917 1
20916 0
20915 1
20914 0
20913 1
20912 0
20911 1
20910 0
20909 1
20908 0
20907 1
20906 0
20905 1
20904 0
20903 1
20902 0
20901 1
20900 0
20899 1
20898 0
20897 1
20896 0
20895 1
20894 0
20893 1
20892 0
20891 1
20890 0
20889 1
20888 0
20887 1
20886 0
20885 1
20884 0
20883 1
20882 0
20881 1
20880 0
20879 1
20878 0
20877 1
20876 0
20875 1
20874 0
20873 1
20872 0
20871 1
20870 0
20869 1
20868 0
20867 1
20866 0
20865 1
20864 0
20863 1
20862 0
20861 1
20860 0
20859 1
20858 0
20857 1
20856 0
20855 1
20854 0
20853 1
20852 0
20851 1
20850 0
20849 1
20848 0
20847 1
20846 0
20845 1
20844 0
20843 1
20842 0
20841 1
20840 0
20839 1
20838 0
20837 1
20836 0
20835 1
20834 0
20833 1
20832 0
20831 1
20830 0
20829 1
20828 0
20827 1
20826 0
20825 1
20824 0
20823 1
20822 0
20821 1
20820 0
20819 1
20818 0
20817 1
20816 0
20815 1
20814 0
20813 1
20812 0
20811 1
20810 0
20809 1
20808 0
20807 1
20806 0
20805 1
20804 0
20803 1
20802 0
20801 1
20800 0
20799 1
20798 0
20797 1
20796 0
20795 1
20794 0
20793 1
20792 0
20791 1
20790 0
20789 1
20788 0
20787 1
20786 0
20785 1
20784 0
20783 1
20782 0
20781 1
20780 0
20779 1
20778 0
20777 1
20776 0
20775 1
20774 0
20773 1
20772 0
20771 1
20770 0
20769 1
20768 0
20767 1
20766 0
20765 1
20764 0
20763 1
20762 0
20761 1
20760 0
20759 1
20758 0
20757 1
20756 0
20755 1
20754 0
20753 1
20752 0
20751 1
20750 0
20749 1
20748 0
20747 1
20746 0
20745 1
20744 0
20743 1
20742 0
20741 1
20740 0
20739 1
20738 0
20737 1
20736 0
20735 1
20734 0
20733 1
20732 0
20731 1
20730 0
20729 1
20728 0
20727 1
20726 0
20725 1
20724 0
20723 1
20722 0
20721 1
20720 0
20719 1
20718 0
20717 1
20716 0
20715 1
20714 0
20713 1
20712 0
20711 1
20710 0
20709 1
20708 0
20707 1
20706 0
20705 1
20704 0
20703 1
20702 0
20701 1
20700 0
20699 1
20698 0
20697 1
20696 0
20695 1
20694 0
20693 1
20692 0
20691 1
20690 0
20689 1
20688 0
20687 1
20686 0
20685 1
20684 0
20683 1
20682 0
20681 1
20680 0
20679 1
20678 0
20677 1
20676 0
20675 1
20674 0
20673 1
20672 0
20671 1
20670 0
20669 1
20668 0
20667 1
20666 0
20665 1
20664 0
20663 1
20662 0
20661 1
20660 0
20659 1
20658 0
20657 1
20656 0
20655 1
20654 0
20653 1
20652 0
20651 1
20650 0
20649 1
20648 0
20647 1
20646 0
20645 1
20644 0
20643 1
20642 0
20641 1
20640 0
20639 1
20638 0
20637 1
20636 0
20635 1
20634 0
20633 1
20632 0
20631 1
20630 0
20629 1
20628 0
20627 1
20626 0
20625 1
20624 0
20623 1
20622 0
20621 1
20620 0
20619 1
20618 0
20617 1
20616 0
20615 1
20614 0
20613 1
20612 0
20611 1
20610 0
20609 1
20608 0
20607 1
20606 0
20605 1
20604 0
20603 1
20602 0
20601 1
20600 0
20599 1
20598 0
20597 1
20596 0
20595 1
20594 0
20593 1
20592 0
20591 1
20590 0
20589 1
20588 0
20587 1
20586 0
20585 1
20584 0
20583 1
20582 0
20581 1
20580 0
20579 1
20578 0
20577 1
20576 0
20575 1
20574 0
20573 1
20572 0
20571 1
20570 0
20569 1
20568 0
20567 1
20566 0
20565 1
20564 0
20563 1
20562 0
20561 1
20560 0
20559 1
20558 0
20557 1
20556 0
20555 1
20554 0
20553 1
20552 0
20551 1
20550 0
20549 1
20548 0
20547 1
20546 0
20545 1
20544 0
20543 1
20542 0
20541 1
20540 0
20539 1
20538 0
20537 1
20536 0
20535 1
20534 0
20533 1
20532 0
20531 1
20530 0
20529 1
20528 0
20527 1
20526 0
20525 1
20524 0
20523 1
20522 0
20521 1
20520 0
20519 1
20518 0
20517 1
20516 0
20515 1
20514 0
20513 1
20512 0
20511 1
20510 0
20509 1
20508 0
20507 1
20506 0
20505 1
20504 0
20503 1
20502 0
20501 1
20500 0
20499 1
20498 0
20497 1
20496 0
20495 1
20494 0
20493 1
20492 0
20491 1
20490 0
20489 1
20488 0
20487 1
20486 0
20485 1
20484 0
20483 1
20482 0
20481 1
20480 0
20479 1
20478 0
20477 1
20476 0
20475 1
20474 0
20473 1
20472 0
20471 1
20470 0
20469 1
20468 0
20467 1
20466 0
20465 1
20464 0
20463 1
20462 0
20461 1
20460 0
20459 1
20458 0
20457 1
20456 0
20455 1
20454 0
20453 1
20452 0
20451 1
20450 0
20449 1
20448 0
20447 1
20446 0
20445 1
20444 0
20443 1
20442 0
20441 1
20440 0
20439 1
20438 0
20437 1
20436 0
20435 1
20434 0
20433 1
20432 0
20431 1
20430 0
20429 1
20428 0
20427 1
20426 0
20425 1
20424 0
20423 1
20422 0
20421 1
20420 0
20419 1
20418 0
20417 1
20416 0
20415 1
20414 0
20413 1
20412 0
20411 1
20410 0
20409 1
20408 0
20407 1
20406 0
20405 1
20404 0
20403 1
20402 0
20401 1
20400 0
20399 1
20398 0
20397 1
20396 0
20395 1
20394 0
20393 1
20392 0
20391 1
20390 0
20389 1
20388 0
20387 1
20386 0
20385 1
20384 0
20383 1
20382 0
20381 1
20380 0
20379 1
20378 0
20377 1
20376 0
20375 1
20374 0
20373 1
20372 0
20371 1
20370 0
20369 1
20368 0
20367 1
20366 0
20365 1
20364 0
20363 1
20362 0
20361 1
20360 0
20359 1
20358 0
20357 1
20356 0
20355 1
20354 0
20353 1
20352 0
20351 1
20350 0
20349 1
20348 0
20347 1
20346 0
20345 1
20344 0
20343 1
20342 0
20341 1
20340 0
20339 1
20338 0
20337 1
20336 0
20335 1
20334 0
20333 1
20332 0
20331 1
20330 0
20329 1
20328 0
20327 1
20326 0
20325 1
20324 0
20323 1
20322 0
20321 1
20320 0
20319 1
20318 0
20317 1
20316 0
20315 1
20314 0
20313 1
20312 0
20311 1
20310 0
20309 1
20308 0
20307 1
20306 0
20305 1
20304 0
20303 1
20302 0
20301 1
20300 0
20299 1
20298 0
20297 1
20296 0
20295 1
20294 0
20293 1
20292 0
20291 1
20290 0
20289 1
20288 0
20287 1
20286 0
20285 1
20284 0
20283 1
20282 0
20281 1
20280 0
20279 1
20278 0
20277 1
20276 0
20275 1
20274 0
20273 1
20272 0
20271 1
20270 0
20269 1
20268 0
20267 1
20266 0
20265 1
20264 0
20263 1
20262 0
20261 1
20260 0
20259 1
20258 0
20257 1
20256 0
20255 1
20254 0
20253 1
20252 0
20251 1
20250 0
20249 1
20248 0
20247 1
20246 0
20245 1
20244 0
20243 1
20242 0
20241 1
20240 0
20239 1
20238 0
20237 1
20236 0
20235 1
20234 0
20233 1
20232 0
20231 1
20230 0
20229 1
20228 0
20227 1
20226 0
20225 1
20224 0
20223 1
20222 0
20221 1
20220 0
20219 1
20218 0
20217 1
20216 0
20215 1
20214 0
20213 1
20212 0
20211 1
20210 0
20209 1
20208 0
20207 1
20206 0
20205 1
20204 0
20203 1
20202 0
20201 1
20200 0
20199 1
20198 0
20197 1
20196 0
20195 1
20194 0
20193 1
20192 0
20191 1
20190 0
20189 1
20188 0
20187 1
20186 0
20185 1
20184 0
20183 1
20182 0
20181 1
20180 0
20179 1
20178 0
20177 1
20176 0
20175 1
20174 0
20173 1
20172 0
20171 1
20170 0
20169 1
20168 0
20167 1
20166 0
20165 1
20164 0
20163 1
20162 0
20161 1
20160 0
20159 1
20158 0
20157 1
20156 0
20155 1
20154 0
20153 1
20152 0
20151 1
20150 0
20149 1
20148 0
20147 1
20146 0
20145 1
20144 0
20143 1
20142 0
20141 1
20140 0
20139 1
20138 0
20137 1
20136 0
20135 1
20134 0
20133 1
20132 0
20131 1
20130 0
20129 1
20128 0
20127 1
20126 0
20125 1
20124 0
20123 1
20122 0
20121 1
20120 0
20119 1
20118 0
20117 1
20116 0
20115 1
20114 0
20113 1
20112 0
20111 1
20110 0
20109 1
20108 0
20107 1
20106 0
20105 1
20104 0
20103 1
20102 0
20101 1
20100 0
20099 1
20098 0
20097 1
20096 0
20095 1
20094 0
20093 1
20092 0
20091 1
20090 0
20089 1
20088 0
20087 1
20086 0
20085 1
20084 0
20083 1
20082 0
20081 1
20080 0
20079 1
20078 0
20077 1
20076 0
20075 1
20074 0
20073 1
20072 0
20071 1
20070 0
20069 1
20068 0
20067 1
20066 0
20065 1
20064 0
20063 1
20062 0
20061 1
20060 0
20059 1
20058 0
20057 1
20056 0
20055 1
20054 0
20053 1
20052 0
20051 1
20050 0
20049 1
20048 0
20047 1
20046 0
20045 1
20044 0
20043 1
20042 0
20041 1
20040 0
20039 1
20038 0
20037 1
20036 0
20035 1
20034 0
20033 1
20032 0
20031 1
20030 0
20029 1
20028 0
20027 1
20026 0
20025 1
20024 0
20023 1
20022 0
20021 1
20020 0
20019 1
20018 0
20017 1
20016 0
20015 1
20014 0
20013 1
20012 0
20011 1
20010 0
20009 1
20008 0
20007 1
20006 0
20005 1
20004 0
20003 1
20002 0
20001 1
20000 0
19999 1
19998 0
19997 1
19996 0
19995 1
19994 0
19993 1
19992 0
19991 1
19990 0
19989 1
19988 0
19987 1
19986 0
19985 1
19984 0
19983 1
19982 0
19981 1
19980 0
19979 1
19978 0
19977 1
19976 0
19975 1
19974 0
19973 1
19972 0
19971 1
19970 0
19969 1
19968 0
19967 1
19966 0
19965 1
19964 0
19963 1
19962 0
19961 1
19960 0
19959 1
19958 0
19957 1
19956 0
19955 1
19954 0
19953 1
19952 0
19951 1
19950 0
19949 1
19948 0
19947 1
19946 0
19945 1
19944 0
19943 1
19942 0
19941 1
19940 0
19939 1
19938 0
19937 1
19936 0
19935 1
19934 0
19933 1
19932 0
19931 1
19930 0
19929 1
19928 0
19927 1
19926 0
19925 1
19924 0
19923 1
19922 0
19921 1
19920 0
19919 1
19918 0
19917 1
19916 0
19915 1
19914 0
19913 1
19912 0
19911 1
19910 0
19909 1
19908 0
19907 1
19906 0
19905 1
19904 0
19903 1
19902 0
19901 1
19900 0
19899 1
19898 0
19897 1
19896 0
19895 1
19894 0
19893 1
19892 0
19891 1
19890 0
19889 1
19888 0
19887 1
19886 0
19885 1
19884 0
19883 1
19882 0
19881 1
19880 0
19879 1
19878 0
19877 1
19876 0
19875 1
19874 0
19873 1
19872 0
19871 1
19870 0
19869 1
19868 0
19867 1
19866 0
19865 1
19864 0
19863 1
19862 0
19861 1
19860 0
19859 1
19858 0
19857 1
19856 0
19855 1
19854 0
19853 1
19852 0
19851 1
19850 0
19849 1
19848 0
19847 1
19846 0
19845 1
19844 0
19843 1
19842 0
19841 1
19840 0
19839 1
19838 0
19837 1
19836 0
19835 1
19834 0
19833 1
19832 0
19831 1
19830 0
19829 1
19828 0
19827 1
19826 0
19825 1
19824 0
19823 1
19822 0
19821 1
19820 0
19819 1
19818 0
19817 1
19816 0
19815 1
19814 0
19813 1
19812 0
19811 1
19810 0
19809 1
19808 0
19807 1
19806 0
19805 1
19804 0
19803 1
19802 0
19801 1
19800 0
19799 1
19798 0
19797 1
19796 0
19795 1
19794 0
19793 1
19792 0
19791 1
19790 0
19789 1
19788 0
19787 1
19786 0
19785 1
19784 0
19783 1
19782 0
19781 1
19780 0
19779 1
19778 0
19777 1
19776 0
19775 1
19774 0
19773 1
19772 0
19771 1
19770 0
19769 1
19768 0
19767 1
19766 0
19765 1
19764 0
19763 1
19762 0
19761 1
19760 0
19759 1
19758 0
19757 1
19756 0
19755 1
19754 0
19753 1
19752 0
19751 1
19750 0
19749 1
19748 0
19747 1
19746 0
19745 1
19744 0
19743 1
19742 0
19741 1
19740 0
19739 1
19738 0
19737 1
19736 0
19735 1
19734 0
19733 1
19732 0
19731 1
19730 0
19729 1
19728 0
19727 1
19726 0
19725 1
19724 0
19723 1
19722 0
19721 1
19720 0
19719 1
19718 0
19717 1
19716 0
19715 1
19714 0
19713 1
19712 0
19711 1
19710 0
19709 1
19708 0
19707 1
19706 0
19705 1
19704 0
19703 1
19702 0
19701 1
19700 0
19699 1
19698 0
19697 1
19696 0
19695 1
19694 0
19693 1
19692 0
19691 1
19690 0
19689 1
19688 0
19687 1
19686 0
19685 1
19684 0
19683 1
19682 0
19681 1
19680 0
19679 1
19678 0
19677 1
19676 0
19675 1
19674 0
19673 1
19672 0
19671 1
19670 0
19669 1
19668 0
19667 1
19666 0
19665 1
19664 0
19663 1
19662 0
19661 1
19660 0
19659 1
19658 0
19657 1
19656 0
19655 1
19654 0
19653 1
19652 0
19651 1
19650 0
19649 1
19648 0
19647 1
19646 0
19645 1
19644 0
19643 1
19642 0
19641 1
19640 0
19639 1
19638 0
19637 1
19636 0
19635 1
19634 0
19633 1
19632 0
19631 1
19630 0
19629 1
19628 0
19627 1
19626 0
19625 1
19624 0
19623 1
19622 0
19621 1
19620 0
19619 1
19618 0
19617 1
19616 0
19615 1
19614 0
19613 1
19612 0
19611 1
19610 0
19609 1
19608 0
19607 1
19606 0
19605 1
19604 0
19603 1
19602 0
19601 1
19600 0
19599 1
19598 0
19597 1
19596 0
19595 1
19594 0
19593 1
19592 0
19591 1
19590 0
19589 1
19588 0
19587 1
19586 0
19585 1
19584 0
19583 1
19582 0
19581 1
19580 0
19579 1
19578 0
19577 1
19576 0
19575 1
19574 0
19573 1
19572 0
19571 1
19570 0
19569 1
19568 0
19567 1
19566 0
19565 1
19564 0
19563 1
19562 0
19561 1
19560 0
19559 1
19558 0
19557 1
19556 0
19555 1
19554 0
19553 1
19552 0
19551 1
19550 0
19549 1
19548 0
19547 1
19546 0
19545 1
19544 0
19543 1
19542 0
19541 1
19540 0
19539 1
19538 0
19537 1
19536 0
19535 1
19534 0
19533 1
19532 0
19531 1
19530 0
19529 1
19528 0
19527 1
19526 0
19525 1
19524 0
19523 1
19522 0
19521 1
19520 0
19519 1
19518 0
19517 1
19516 0
19515 1
19514 0
19513 1
19512 0
19511 1
19510 0
19509 1
19508 0
19507 1
19506 0
19505 1
19504 0
19503 1
19502 0
19501 1
19500 0
19499 1
19498 0
19497 1
19496 0
19495 1
19494 0
19493 1
19492 0
19491 1
19490 0
19489 1
19488 0
19487 1
19486 0
19485 1
19484 0
19483 1
19482 0
19481 1
19480 0
19479 1
19478 0
19477 1
19476 0
19475 1
19474 0
19473 1
19472 0
19471 1
19470 0
19469 1
19468 0
19467 1
19466 0
19465 1
19464 0
19463 1
19462 0
19461 1
19460 0
19459 1
19458 0
19457 1
19456 0
19455 1
19454 0
19453 1
19452 0
19451 1
19450 0
19449 1
19448 0
19447 1
19446 0
19445 1
19444 0
19443 1
19442 0
19441 1
19440 0
19439 1
19438 0
19437 1
19436 0
19435 1
19434 0
19433 1
19432 0
19431 1
19430 0
19429 1
19428 0
19427 1
19426 0
19425 1
19424 0
19423 1
19422 0
19421 1
19420 0
19419 1
19418 0
19417 1
19416 0
19415 1
19414 0
19413 1
19412 0
19411 1
19410 0
19409 1
19408 0
19407 1
19406 0
19405 1
19404 0
19403 1
19402 0
19401 1
19400 0
19399 1
19398 0
19397 1
19396 0
19395 1
19394 0
19393 1
19392 0
19391 1
19390 0
19389 1
19388 0
19387 1
19386 0
19385 1
19384 0
19383 1
19382 0
19381 1
19380 0
19379 1
19378 0
19377 1
19376 0
19375 1
19374 0
19373 1
19372 0
19371 1
19370 0
19369 1
19368 0
19367 1
19366 0
19365 1
19364 0
19363 1
19362 0
19361 1
19360 0
19359 1
19358 0
19357 1
19356 0
19355 1
19354 0
19353 1
19352 0
19351 1
19350 0
19349 1
19348 0
19347 1
19346 0
19345 1
19344 0
19343 1
19342 0
19341 1
19340 0
19339 1
19338 0
19337 1
19336 0
19335 1
19334 0
19333 1
19332 0
19331 1
19330 0
19329 1
19328 0
19327 1
19326 0
19325 1
19324 0
19323 1
19322 0
19321 1
19320 0
19319 1
19318 0
19317 1
19316 0
19315 1
19314 0
19313 1
19312 0
19311 1
19310 0
19309 1
19308 0
19307 1
19306 0
19305 1
19304 0
19303 1
19302 0
19301 1
19300 0
19299 1
19298 0
19297 1
19296 0
19295 1
19294 0
19293 1
19292 0
19291 1
19290 0
19289 1
19288 0
19287 1
19286 0
19285 1
19284 0
19283 1
19282 0
19281 1
19280 0
19279 1
19278 0
19277 1
19276 0
19275 1
19274 0
19273 1
19272 0
19271 1
19270 0
19269 1
19268 0
19267 1
19266 0
19265 1
19264 0
19263 1
19262 0
19261 1
19260 0
19259 1
19258 0
19257 1
19256 0
19255 1
19254 0
19253 1
19252 0
19251 1
19250 0
19249 1
19248 0
19247 1
19246 0
19245 1
19244 0
19243 1
19242 0
19241 1
19240 0
19239 1
19238 0
19237 1
19236 0
19235 1
19234 0
19233 1
19232 0
19231 1
19230 0
19229 1
19228 0
19227 1
19226 0
19225 1
19224 0
19223 1
19222 0
19221 1
19220 0
19219 1
19218 0
19217 1
19216 0
19215 1
19214 0
19213 1
19212 0
19211 1
19210 0
19209 1
19208 0
19207 1
19206 0
19205 1
19204 0
19203 1
19202 0
19201 1
19200 0
19199 1
19198 0
19197 1
19196 0
19195 1
19194 0
19193 1
19192 0
19191 1
19190 0
19189 1
19188 0
19187 1
19186 0
19185 1
19184 0
19183 1
19182 0
19181 1
19180 0
19179 1
19178 0
19177 1
19176 0
19175 1
19174 0
19173 1
19172 0
19171 1
19170 0
19169 1
19168 0
19167 1
19166 0
19165 1
19164 0
19163 1
19162 0
19161 1
19160 0
19159 1
19158 0
19157 1
19156 0
19155 1
19154 0
19153 1
19152 0
19151 1
19150 0
19149 1
19148 0
19147 1
19146 0
19145 1
19144 0
19143 1
19142 0
19141 1
19140 0
19139 1
19138 0
19137 1
19136 0
19135 1
19134 0
19133 1
19132 0
19131 1
19130 0
19129 1
19128 0
19127 1
19126 0
19125 1
19124 0
19123 1
19122 0
19121 1
19120 0
19119 1
19118 0
19117 1
19116 0
19115 1
19114 0
19113 1
19112 0
19111 1
19110 0
19109 1
19108 0
19107 1
19106 0
19105 1
19104 0
19103 1
19102 0
19101 1
19100 0
19099 1
19098 0
19097 1
19096 0
19095 1
19094 0
19093 1
19092 0
19091 1
19090 0
19089 1
19088 0
19087 1
19086 0
19085 1
19084 0
19083 1
19082 0
19081 1
19080 0
19079 1
19078 0
19077 1
19076 0
19075 1
19074 0
19073 1
19072 0
19071 1
19070 0
19069 1
19068 0
19067 1
19066 0
19065 1
19064 0
19063 1
19062 0
19061 1
19060 0
19059 1
19058 0
19057 1
19056 0
19055 1
19054 0
19053 1
19052 0
19051 1
19050 0
19049 1
19048 0
19047 1
19046 0
19045 1
19044 0
19043 1
19042 0
19041 1
19040 0
19039 1
19038 0
19037 1
19036 0
19035 1
19034 0
19033 1
19032 0
19031 1
19030 0
19029 1
19028 0
19027 1
19026 0
19025 1
19024 0
19023 1
19022 0
19021 1
19020 0
19019 1
19018 0
19017 1
19016 0
19015 1
19014 0
19013 1
19012 0
19011 1
19010 0
19009 1
19008 0
19007 1
19006 0
19005 1
19004 0
19003 1
19002 0
19001 1
19000 0
18999 1
18998 0
18997 1
18996 0
18995 1
18994 0
18993 1
18992 0
18991 1
18990 0
18989 1
18988 0
18987 1
18986 0
18985 1
18984 0
18983 1
18982 0
18981 1
18980 0
18979 1
18978 0
18977 1
18976 0
18975 1
18974 0
18973 1
18972 0
18971 1
18970 0
18969 1
18968 0
18967 1
18966 0
18965 1
18964 0
18963 1
18962 0
18961 1
18960 0
18959 1
18958 0
18957 1
18956 0
18955 1
18954 0
18953 1
18952 0
18951 1
18950 0
18949 1
18948 0
18947 1
18946 0
18945 1
18944 0
18943 1
18942 0
18941 1
18940 0
18939 1
18938 0
18937 1
18936 0
18935 1
18934 0
18933 1
18932 0
18931 1
18930 0
18929 1
18928 0
18927 1
18926 0
18925 1
18924 0
18923 1
18922 0
18921 1
18920 0
18919 1
18918 0
18917 1
18916 0
18915 1
18914 0
18913 1
18912 0
18911 1
18910 0
18909 1
18908 0
18907 1
18906 0
18905 1
18904 0
18903 1
18902 0
18901 1
18900 0
18899 1
18898 0
18897 1
18896 0
18895 1
18894 0
18893 1
18892 0
18891 1
18890 0
18889 1
18888 0
18887 1
18886 0
18885 1
18884 0
18883 1
18882 0
18881 1
18880 0
18879 1
18878 0
18877 1
18876 0
18875 1
18874 0
18873 1
18872 0
18871 1
18870 0
18869 1
18868 0
18867 1
18866 0
18865 1
18864 0
18863 1
18862 0
18861 1
18860 0
18859 1
18858 0
18857 1
18856 0
18855 1
18854 0
18853 1
18852 0
18851 1
18850 0
18849 1
18848 0
18847 1
18846 0
18845 1
18844 0
18843 1
18842 0
18841 1
18840 0
18839 1
18838 0
18837 1
18836 0
18835 1
18834 0
18833 1
18832 0
18831 1
18830 0
18829 1
18828 0
18827 1
18826 0
18825 1
18824 0
18823 1
18822 0
18821 1
18820 0
18819 1
18818 0
18817 1
18816 0
18815 1
18814 0
18813 1
18812 0
18811 1
18810 0
18809 1
18808 0
18807 1
18806 0
18805 1
18804 0
18803 1
18802 0
18801 1
18800 0
18799 1
18798 0
18797 1
18796 0
18795 1
18794 0
18793 1
18792 0
18791 1
18790 0
18789 1
18788 0
18787 1
18786 0
18785 1
18784 0
18783 1
18782 0
18781 1
18780 0
18779 1
18778 0
18777 1
18776 0
18775 1
18774 0
18773 1
18772 0
18771 1
18770 0
18769 1
18768 0
18767 1
18766 0
18765 1
18764 0
18763 1
18762 0
18761 1
18760 0
18759 1
18758 0
18757 1
18756 0
18755 1
18754 0
18753 1
18752 0
18751 1
18750 0
18749 1
18748 0
18747 1
18746 0
18745 1
18744 0
18743 1
18742 0
18741 1
18740 0
18739 1
18738 0
18737 1
18736 0
18735 1
18734 0
18733 1
18732 0
18731 1
18730 0
18729 1
18728 0
18727 1
18726 0
18725 1
18724 0
18723 1
18722 0
18721 1
18720 0
18719 1
18718 0
18717 1
18716 0
18715 1
18714 0
18713 1
18712 0
18711 1
18710 0
18709 1
18708 0
18707 1
18706 0
18705 1
18704 0
18703 1
18702 0
18701 1
18700 0
18699 1
18698 0
18697 1
18696 0
18695 1
18694 0
18693 1
18692 0
18691 1
18690 0
18689 1
18688 0
18687 1
18686 0
18685 1
18684 0
18683 1
18682 0
18681 1
18680 0
18679 1
18678 0
18677 1
18676 0
18675 1
18674 0
18673 1
18672 0
18671 1
18670 0
18669 1
18668 0
18667 1
18666 0
18665 1
18664 0
18663 1
18662 0
18661 1
18660 0
18659 1
18658 0
18657 1
18656 0
18655 1
18654 0
18653 1
18652 0
18651 1
18650 0
18649 1
18648 0
18647 1
18646 0
18645 1
18644 0
18643 1
18642 0
18641 1
18640 0
18639 1
18638 0
18637 1
18636 0
18635 1
18634 0
18633 1
18632 0
18631 1
18630 0
18629 1
18628 0
18627 1
18626 0
18625 1
18624 0
18623 1
18622 0
18621 1
18620 0
18619 1
18618 0
18617 1
18616 0
18615 1
18614 0
18613 1
18612 0
18611 1
18610 0
18609 1
18608 0
18607 1
18606 0
18605 1
18604 0
18603 1
18602 0
18601 1
18600 0
18599 1
18598 0
18597 1
18596 0
18595 1
18594 0
18593 1
18592 0
18591 1
18590 0
18589 1
18588 0
18587 1
18586 0
18585 1
18584 0
18583 1
18582 0
18581 1
18580 0
18579 1
18578 0
18577 1
18576 0
18575 1
18574 0
18573 1
18572 0
18571 1
18570 0
18569 1
18568 0
18567 1
18566 0
18565 1
18564 0
18563 1
18562 0
18561 1
18560 0
18559 1
18558 0
18557 1
18556 0
18555 1
18554 0
18553 1
18552 0
18551 1
18550 0
18549 1
18548 0
18547 1
18546 0
18545 1
18544 0
18543 1
18542 0
18541 1
18540 0
18539 1
18538 0
18537 1
18536 0
18535 1
18534 0
18533 1
18532 0
18531 1
18530 0
18529 1
18528 0
18527 1
18526 0
18525 1
18524 0
18523 1
18522 0
18521 1
18520 0
18519 1
18518 0
18517 1
18516 0
18515 1
18514 0
18513 1
18512 0
18511 1
18510 0
18509 1
18508 0
18507 1
18506 0
18505 1
18504 0
18503 1
18502 0
18501 1
18500 0
18499 1
18498 0
18497 1
18496 0
18495 1
18494 0
18493 1
18492 0
18491 1
18490 0
18489 1
18488 0
18487 1
18486 0
18485 1
18484 0
18483 1
18482 0
18481 1
18480 0
18479 1
18478 0
18477 1
18476 0
18475 1
18474 0
18473 1
18472 0
18471 1
18470 0
18469 1
18468 0
18467 1
18466 0
18465 1
18464 0
18463 1
18462 0
18461 1
18460 0
18459 1
18458 0
18457 1
18456 0
18455 1
18454 0
18453 1
18452 0
18451 1
18450 0
18449 1
18448 0
18447 1
18446 0
18445 1
18444 0
18443 1
18442 0
18441 1
18440 0
18439 1
18438 0
18437 1
18436 0
18435 1
18434 0
18433 1
18432 0
18431 1
18430 0
18429 1
18428 0
18427 1
18426 0
18425 1
18424 0
18423 1
18422 0
18421 1
18420 0
18419 1
18418 0
18417 1
18416 0
18415 1
18414 0
18413 1
18412 0
18411 1
18410 0
18409 1
18408 0
18407 1
18406 0
18405 1
18404 0
18403 1
18402 0
18401 1
18400 0
18399 1
18398 0
18397 1
18396 0
18395 1
18394 0
18393 1
18392 0
18391 1
18390 0
18389 1
18388 0
18387 1
18386 0
18385 1
18384 0
18383 1
18382 0
18381 1
18380 0
18379 1
18378 0
18377 1
18376 0
18375 1
18374 0
18373 1
18372 0
18371 1
18370 0
18369 1
18368 0
18367 1
18366 0
18365 1
18364 0
18363 1
18362 0
18361 1
18360 0
18359 1
18358 0
18357 1
18356 0
18355 1
18354 0
18353 1
18352 0
18351 1
18350 0
18349 1
18348 0
18347 1
18346 0
18345 1
18344 0
18343 1
18342 0
18341 1
18340 0
18339 1
18338 0
18337 1
18336 0
18335 1
18334 0
18333 1
18332 0
18331 1
18330 0
18329 1
18328 0
18327 1
18326 0
18325 1
18324 0
18323 1
18322 0
18321 1
18320 0
18319 1
18318 0
18317 1
18316 0
18315 1
18314 0
18313 1
18312 0
18311 1
18310 0
18309 1
18308 0
18307 1
18306 0
18305 1
18304 0
18303 1
18302 0
18301 1
18300 0
18299 1
18298 0
18297 1
18296 0
18295 1
18294 0
18293 1
18292 0
18291 1
18290 0
18289 1
18288 0
18287 1
18286 0
18285 1
18284 0
18283 1
18282 0
18281 1
18280 0
18279 1
18278 0
18277 1
18276 0
18275 1
18274 0
18273 1
18272 0
18271 1
18270 0
18269 1
18268 0
18267 1
18266 0
18265 1
18264 0
18263 1
18262 0
18261 1
18260 0
18259 1
18258 0
18257 1
18256 0
18255 1
18254 0
18253 1
18252 0
18251 1
18250 0
18249 1
18248 0
18247 1
18246 0
18245 1
18244 0
18243 1
18242 0
18241 1
18240 0
18239 1
18238 0
18237 1
18236 0
18235 1
18234 0
18233 1
18232 0
18231 1
18230 0
18229 1
18228 0
18227 1
18226 0
18225 1
18224 0
18223 1
18222 0
18221 1
18220 0
18219 1
18218 0
18217 1
18216 0
18215 1
18214 0
18213 1
18212 0
18211 1
18210 0
18209 1
18208 0
18207 1
18206 0
18205 1
18204 0
18203 1
18202 0
18201 1
18200 0
18199 1
18198 0
18197 1
18196 0
18195 1
18194 0
18193 1
18192 0
18191 1
18190 0
18189 1
18188 0
18187 1
18186 0
18185 1
18184 0
18183 1
18182 0
18181 1
18180 0
18179 1
18178 0
18177 1
18176 0
18175 1
18174 0
18173 1
18172 0
18171 1
18170 0
18169 1
18168 0
18167 1
18166 0
18165 1
18164 0
18163 1
18162 0
18161 1
18160 0
18159 1
18158 0
18157 1
18156 0
18155 1
18154 0
18153 1
18152 0
18151 1
18150 0
18149 1
18148 0
18147 1
18146 0
18145 1
18144 0
18143 1
18142 0
18141 1
18140 0
18139 1
18138 0
18137 1
18136 0
18135 1
18134 0
18133 1
18132 0
18131 1
18130 0
18129 1
18128 0
18127 1
18126 0
18125 1
18124 0
18123 1
18122 0
18121 1
18120 0
18119 1
18118 0
18117 1
18116 0
18115 1
18114 0
18113 1
18112 0
18111 1
18110 0
18109 1
18108 0
18107 1
18106 0
18105 1
18104 0
18103 1
18102 0
18101 1
18100 0
18099 1
18098 0
18097 1
18096 0
18095 1
18094 0
18093 1
18092 0
18091 1
18090 0
18089 1
18088 0
18087 1
18086 0
18085 1
18084 0
18083 1
18082 0
18081 1
18080 0
18079 1
18078 0
18077 1
18076 0
18075 1
18074 0
18073 1
18072 0
18071 1
18070 0
18069 1
18068 0
18067 1
18066 0
18065 1
18064 0
18063 1
18062 0
18061 1
18060 0
18059 1
18058 0
18057 1
18056 0
18055 1
18054 0
18053 1
18052 0
18051 1
18050 0
18049 1
18048 0
18047 1
18046 0
18045 1
18044 0
18043 1
18042 0
18041 1
18040 0
18039 1
18038 0
18037 1
18036 0
18035 1
18034 0
18033 1
18032 0
18031 1
18030 0
18029 1
18028 0
18027 1
18026 0
18025 1
18024 0
18023 1
18022 0
18021 1
18020 0
18019 1
18018 0
18017 1
18016 0
18015 1
18014 0
18013 1
18012 0
18011 1
18010 0
18009 1
18008 0
18007 1
18006 0
18005 1
18004 0
18003 1
18002 0
18001 1
18000 0
17999 1
17998 0
17997 1
17996 0
17995 1
17994 0
17993 1
17992 0
17991 1
17990 0
17989 1
17988 0
17987 1
17986 0
17985 1
17984 0
17983 1
17982 0
17981 1
17980 0
17979 1
17978 0
17977 1
17976 0
17975 1
17974 0
17973 1
17972 0
17971 1
17970 0
17969 1
17968 0
17967 1
17966 0
17965 1
17964 0
17963 1
17962 0
17961 1
17960 0
17959 1
17958 0
17957 1
17956 0
17955 1
17954 0
17953 1
17952 0
17951 1
17950 0
17949 1
17948 0
17947 1
17946 0
17945 1
17944 0
17943 1
17942 0
17941 1
17940 0
17939 1
17938 0
17937 1
17936 0
17935 1
17934 0
17933 1
17932 0
17931 1
17930 0
17929 1
17928 0
17927 1
17926 0
17925 1
17924 0
17923 1
17922 0
17921 1
17920 0
17919 1
17918 0
17917 1
17916 0
17915 1
17914 0
17913 1
17912 0
17911 1
17910 0
17909 1
17908 0
17907 1
17906 0
17905 1
17904 0
17903 1
17902 0
17901 1
17900 0
17899 1
17898 0
17897 1
17896 0
17895 1
17894 0
17893 1
17892 0
17891 1
17890 0
17889 1
17888 0
17887 1
17886 0
17885 1
17884 0
17883 1
17882 0
17881 1
17880 0
17879 1
17878 0
17877 1
17876 0
17875 1
17874 0
17873 1
17872 0
17871 1
17870 0
17869 1
17868 0
17867 1
17866 0
17865 1
17864 0
17863 1
17862 0
17861 1
17860 0
17859 1
17858 0
17857 1
17856 0
17855 1
17854 0
17853 1
17852 0
17851 1
17850 0
17849 1
17848 0
17847 1
17846 0
17845 1
17844 0
17843 1
17842 0
17841 1
17840 0
17839 1
17838 0
17837 1
17836 0
17835 1
17834 0
17833 1
17832 0
17831 1
17830 0
17829 1
17828 0
17827 1
17826 0
17825 1
17824 0
17823 1
17822 0
17821 1
17820 0
17819 1
17818 0
17817 1
17816 0
17815 1
17814 0
17813 1
17812 0
17811 1
17810 0
17809 1
17808 0
17807 1
17806 0
17805 1
17804 0
17803 1
17802 0
17801 1
17800 0
17799 1
17798 0
17797 1
17796 0
17795 1
17794 0
17793 1
17792 0
17791 1
17790 0
17789 1
17788 0
17787 1
17786 0
17785 1
17784 0
17783 1
17782 0
17781 1
17780 0
17779 1
17778 0
17777 1
17776 0
17775 1
17774 0
17773 1
17772 0
17771 1
17770 0
17769 1
17768 0
17767 1
17766 0
17765 1
17764 0
17763 1
17762 0
17761 1
17760 0
17759 1
17758 0
17757 1
17756 0
17755 1
17754 0
17753 1
17752 0
17751 1
17750 0
17749 1
17748 0
17747 1
17746 0
17745 1
17744 0
17743 1
17742 0
17741 1
17740 0
17739 1
17738 0
17737 1
17736 0
17735 1
17734 0
17733 1
17732 0
17731 1
17730 0
17729 1
17728 0
17727 1
17726 0
17725 1
17724 0
17723 1
17722 0
17721 1
17720 0
17719 1
17718 0
17717 1
17716 0
17715 1
17714 0
17713 1
17712 0
17711 1
17710 0
17709 1
17708 0
17707 1
17706 0
17705 1
17704 0
17703 1
17702 0
17701 1
17700 0
17699 1
17698 0
17697 1
17696 0
17695 1
17694 0
17693 1
17692 0
17691 1
17690 0
17689 1
17688 0
17687 1
17686 0
17685 1
17684 0
17683 1
17682 0
17681 1
17680 0
17679 1
17678 0
17677 1
17676 0
17675 1
17674 0
17673 1
17672 0
17671 1
17670 0
17669 1
17668 0
17667 1
17666 0
17665 1
17664 0
17663 1
17662 0
17661 1
17660 0
17659 1
17658 0
17657 1
17656 0
17655 1
17654 0
17653 1
17652 0
17651 1
17650 0
17649 1
17648 0
17647 1
17646 0
17645 1
17644 0
17643 1
17642 0
17641 1
17640 0
17639 1
17638 0
17637 1
17636 0
17635 1
17634 0
17633 1
17632 0
17631 1
17630 0
17629 1
17628 0
17627 1
17626 0
17625 1
17624 0
17623 1
17622 0
17621 1
17620 0
17619 1
17618 0
17617 1
17616 0
17615 1
17614 0
17613 1
17612 0
17611 1
17610 0
17609 1
17608 0
17607 1
17606 0
17605 1
17604 0
17603 1
17602 0
17601 1
17600 0
17599 1
17598 0
17597 1
17596 0
17595 1
17594 0
17593 1
17592 0
17591 1
17590 0
17589 1
17588 0
17587 1
17586 0
17585 1
17584 0
17583 1
17582 0
17581 1
17580 0
17579 1
17578 0
17577 1
17576 0
17575 1
17574 0
17573 1
17572 0
17571 1
17570 0
17569 1
17568 0
17567 1
17566 0
17565 1
17564 0
17563 1
17562 0
17561 1
17560 0
17559 1
17558 0
17557 1
17556 0
17555 1
17554 0
17553 1
17552 0
17551 1
17550 0
17549 1
17548 0
17547 1
17546 0
17545 1
17544 0
17543 1
17542 0
17541 1
17540 0
17539 1
17538 0
17537 1
17536 0
17535 1
17534 0
17533 1
17532 0
17531 1
17530 0
17529 1
17528 0
17527 1
17526 0
17525 1
17524 0
17523 1
17522 0
17521 1
17520 0
17519 1
17518 0
17517 1
17516 0
17515 1
17514 0
17513 1
17512 0
17511 1
17510 0
17509 1
17508 0
17507 1
17506 0
17505 1
17504 0
17503 1
17502 0
17501 1
17500 0
17499 1
17498 0
17497 1
17496 0
17495 1
17494 0
17493 1
17492 0
17491 1
17490 0
17489 1
17488 0
17487 1
17486 0
17485 1
17484 0
17483 1
17482 0
17481 1
17480 0
17479 1
17478 0
17477 1
17476 0
17475 1
17474 0
17473 1
17472 0
17471 1
17470 0
17469 1
17468 0
17467 1
17466 0
17465 1
17464 0
17463 1
17462 0
17461 1
17460 0
17459 1
17458 0
17457 1
17456 0
17455 1
17454 0
17453 1
17452 0
17451 1
17450 0
17449 1
17448 0
17447 1
17446 0
17445 1
17444 0
17443 1
17442 0
17441 1
17440 0
17439 1
17438 0
17437 1
17436 0
17435 1
17434 0
17433 1
17432 0
17431 1
17430 0
17429 1
17428 0
17427 1
17426 0
17425 1
17424 0
17423 1
17422 0
17421 1
17420 0
17419 1
17418 0
17417 1
17416 0
17415 1
17414 0
17413 1
17412 0
17411 1
17410 0
17409 1
17408 0
17407 1
17406 0
17405 1
17404 0
17403 1
17402 0
17401 1
17400 0
17399 1
17398 0
17397 1
17396 0
17395 1
17394 0
17393 1
17392 0
17391 1
17390 0
17389 1
17388 0
17387 1
17386 0
17385 1
17384 0
17383 1
17382 0
17381 1
17380 0
17379 1
17378 0
17377 1
17376 0
17375 1
17374 0
17373 1
17372 0
17371 1
17370 0
17369 1
17368 0
17367 1
17366 0
17365 1
17364 0
17363 1
17362 0
17361 1
17360 0
17359 1
17358 0
17357 1
17356 0
17355 1
17354 0
17353 1
17352 0
17351 1
17350 0
17349 1
17348 0
17347 1
17346 0
17345 1
17344 0
17343 1
17342 0
17341 1
17340 0
17339 1
17338 0
17337 1
17336 0
17335 1
17334 0
17333 1
17332 0
17331 1
17330 0
17329 1
17328 0
17327 1
17326 0
17325 1
17324 0
17323 1
17322 0
17321 1
17320 0
17319 1
17318 0
17317 1
17316 0
17315 1
17314 0
17313 1
17312 0
17311 1
17310 0
17309 1
17308 0
17307 1
17306 0
17305 1
17304 0
17303 1
17302 0
17301 1
17300 0
17299 1
17298 0
17297 1
17296 0
17295 1
17294 0
17293 1
17292 0
17291 1
17290 0
17289 1
17288 0
17287 1
17286 0
17285 1
17284 0
17283 1
17282 0
17281 1
17280 0
17279 1
17278 0
17277 1
17276 0
17275 1
17274 0
17273 1
17272 0
17271 1
17270 0
17269 1
17268 0
17267 1
17266 0
17265 1
17264 0
17263 1
17262 0
17261 1
17260 0
17259 1
17258 0
17257 1
17256 0
17255 1
17254 0
17253 1
17252 0
17251 1
17250 0
17249 1
17248 0
17247 1
17246 0
17245 1
17244 0
17243 1
17242 0
17241 1
17240 0
17239 1
17238 0
17237 1
17236 0
17235 1
17234 0
17233 1
17232 0
17231 1
17230 0
17229 1
17228 0
17227 1
17226 0
17225 1
17224 0
17223 1
17222 0
17221 1
17220 0
17219 1
17218 0
17217 1
17216 0
17215 1
17214 0
17213 1
17212 0
17211 1
17210 0
17209 1
17208 0
17207 1
17206 0
17205 1
17204 0
17203 1
17202 0
17201 1
17200 0
17199 1
17198 0
17197 1
17196 0
17195 1
17194 0
17193 1
17192 0
17191 1
17190 0
17189 1
17188 0
17187 1
17186 0
17185 1
17184 0
17183 1
17182 0
17181 1
17180 0
17179 1
17178 0
17177 1
17176 0
17175 1
17174 0
17173 1
17172 0
17171 1
17170 0
17169 1
17168 0
17167 1
17166 0
17165 1
17164 0
17163 1
17162 0
17161 1
17160 0
17159 1
17158 0
17157 1
17156 0
17155 1
17154 0
17153 1
17152 0
17151 1
17150 0
17149 1
17148 0
17147 1
17146 0
17145 1
17144 0
17143 1
17142 0
17141 1
17140 0
17139 1
17138 0
17137 1
17136 0
17135 1
17134 0
17133 1
17132 0
17131 1
17130 0
17129 1
17128 0
17127 1
17126 0
17125 1
17124 0
17123 1
17122 0
17121 1
17120 0
17119 1
17118 0
17117 1
17116 0
17115 1
17114 0
17113 1
17112 0
17111 1
17110 0
17109 1
17108 0
17107 1
17106 0
17105 1
17104 0
17103 1
17102 0
17101 1
17100 0
17099 1
17098 0
17097 1
17096 0
17095 1
17094 0
17093 1
17092 0
17091 1
17090 0
17089 1
17088 0
17087 1
17086 0
17085 1
17084 0
17083 1
17082 0
17081 1
17080 0
17079 1
17078 0
17077 1
17076 0
17075 1
17074 0
17073 1
17072 0
17071 1
17070 0
17069 1
17068 0
17067 1
17066 0
17065 1
17064 0
17063 1
17062 0
17061 1
17060 0
17059 1
17058 0
17057 1
17056 0
17055 1
17054 0
17053 1
17052 0
17051 1
17050 0
17049 1
17048 0
17047 1
17046 0
17045 1
17044 0
17043 1
17042 0
17041 1
17040 0
17039 1
17038 0
17037 1
17036 0
17035 1
17034 0
17033 1
17032 0
17031 1
17030 0
17029 1
17028 0
17027 1
17026 0
17025 1
17024 0
17023 1
17022 0
17021 1
17020 0
17019 1
17018 0
17017 1
17016 0
17015 1
17014 0
17013 1
17012 0
17011 1
17010 0
17009 1
17008 0
17007 1
17006 0
17005 1
17004 0
17003 1
17002 0
17001 1
17000 0
16999 1
16998 0
16997 1
16996 0
16995 1
16994 0
16993 1
16992 0
16991 1
16990 0
16989 1
16988 0
16987 1
16986 0
16985 1
16984 0
16983 1
16982 0
16981 1
16980 0
16979 1
16978 0
16977 1
16976 0
16975 1
16974 0
16973 1
16972 0
16971 1
16970 0
16969 1
16968 0
16967 1
16966 0
16965 1
16964 0
16963 1
16962 0
16961 1
16960 0
16959 1
16958 0
16957 1
16956 0
16955 1
16954 0
16953 1
16952 0
16951 1
16950 0
16949 1
16948 0
16947 1
16946 0
16945 1
16944 0
16943 1
16942 0
16941 1
16940 0
16939 1
16938 0
16937 1
16936 0
16935 1
16934 0
16933 1
16932 0
16931 1
16930 0
16929 1
16928 0
16927 1
16926 0
16925 1
16924 0
16923 1
16922 0
16921 1
16920 0
16919 1
16918 0
16917 1
16916 0
16915 1
16914 0
16913 1
16912 0
16911 1
16910 0
16909 1
16908 0
16907 1
16906 0
16905 1
16904 0
16903 1
16902 0
16901 1
16900 0
16899 1
16898 0
16897 1
16896 0
16895 1
16894 0
16893 1
16892 0
16891 1
16890 0
16889 1
16888 0
16887 1
16886 0
16885 1
16884 0
16883 1
16882 0
16881 1
16880 0
16879 1
16878 0
16877 1
16876 0
16875 1
16874 0
16873 1
16872 0
16871 1
16870 0
16869 1
16868 0
16867 1
16866 0
16865 1
16864 0
16863 1
16862 0
16861 1
16860 0
16859 1
16858 0
16857 1
16856 0
16855 1
16854 0
16853 1
16852 0
16851 1
16850 0
16849 1
16848 0
16847 1
16846 0
16845 1
16844 0
16843 1
16842 0
16841 1
16840 0
16839 1
16838 0
16837 1
16836 0
16835 1
16834 0
16833 1
16832 0
16831 1
16830 0
16829 1
16828 0
16827 1
16826 0
16825 1
16824 0
16823 1
16822 0
16821 1
16820 0
16819 1
16818 0
16817 1
16816 0
16815 1
16814 0
16813 1
16812 0
16811 1
16810 0
16809 1
16808 0
16807 1
16806 0
16805 1
16804 0
16803 1
16802 0
16801 1
16800 0
16799 1
16798 0
16797 1
16796 0
16795 1
16794 0
16793 1
16792 0
16791 1
16790 0
16789 1
16788 0
16787 1
16786 0
16785 1
16784 0
16783 1
16782 0
16781 1
16780 0
16779 1
16778 0
16777 1
16776 0
16775 1
16774 0
16773 1
16772 0
16771 1
16770 0
16769 1
16768 0
16767 1
16766 0
16765 1
16764 0
16763 1
16762 0
16761 1
16760 0
16759 1
16758 0
16757 1
16756 0
16755 1
16754 0
16753 1
16752 0
16751 1
16750 0
16749 1
16748 0
16747 1
16746 0
16745 1
16744 0
16743 1
16742 0
16741 1
16740 0
16739 1
16738 0
16737 1
16736 0
16735 1
16734 0
16733 1
16732 0
16731 1
16730 0
16729 1
16728 0
16727 1
16726 0
16725 1
16724 0
16723 1
16722 0
16721 1
16720 0
16719 1
16718 0
16717 1
16716 0
16715 1
16714 0
16713 1
16712 0
16711 1
16710 0
16709 1
16708 0
16707 1
16706 0
16705 1
16704 0
16703 1
16702 0
16701 1
16700 0
16699 1
16698 0
16697 1
16696 0
16695 1
16694 0
16693 1
16692 0
16691 1
16690 0
16689 1
16688 0
16687 1
16686 0
16685 1
16684 0
16683 1
16682 0
16681 1
16680 0
16679 1
16678 0
16677 1
16676 0
16675 1
16674 0
16673 1
16672 0
16671 1
16670 0
16669 1
16668 0
16667 1
16666 0
16665 1
16664 0
16663 1
16662 0
16661 1
16660 0
16659 1
16658 0
16657 1
16656 0
16655 1
16654 0
16653 1
16652 0
16651 1
16650 0
16649 1
16648 0
16647 1
16646 0
16645 1
16644 0
16643 1
16642 0
16641 1
16640 0
16639 1
16638 0
16637 1
16636 0
16635 1
16634 0
16633 1
16632 0
16631 1
16630 0
16629 1
16628 0
16627 1
16626 0
16625 1
16624 0
16623 1
16622 0
16621 1
16620 0
16619 1
16618 0
16617 1
16616 0
16615 1
16614 0
16613 1
16612 0
16611 1
16610 0
16609 1
16608 0
16607 1
16606 0
16605 1
16604 0
16603 1
16602 0
16601 1
16600 0
16599 1
16598 0
16597 1
16596 0
16595 1
16594 0
16593 1
16592 0
16591 1
16590 0
16589 1
16588 0
16587 1
16586 0
16585 1
16584 0
16583 1
16582 0
16581 1
16580 0
16579 1
16578 0
16577 1
16576 0
16575 1
16574 0
16573 1
16572 0
16571 1
16570 0
16569 1
16568 0
16567 1
16566 0
16565 1
16564 0
16563 1
16562 0
16561 1
16560 0
16559 1
16558 0
16557 1
16556 0
16555 1
16554 0
16553 1
16552 0
16551 1
16550 0
16549 1
16548 0
16547 1
16546 0
16545 1
16544 0
16543 1
16542 0
16541 1
16540 0
16539 1
16538 0
16537 1
16536 0
16535 1
16534 0
16533 1
16532 0
16531 1
16530 0
16529 1
16528 0
16527 1
16526 0
16525 1
16524 0
16523 1
16522 0
16521 1
16520 0
16519 1
16518 0
16517 1
16516 0
16515 1
16514 0
16513 1
16512 0
16511 1
16510 0
16509 1
16508 0
16507 1
16506 0
16505 1
16504 0
16503 1
16502 0
16501 1
16500 0
16499 1
16498 0
16497 1
16496 0
16495 1
16494 0
16493 1
16492 0
16491 1
16490 0
16489 1
16488 0
16487 1
16486 0
16485 1
16484 0
16483 1
16482 0
16481 1
16480 0
16479 1
16478 0
16477 1
16476 0
16475 1
16474 0
16473 1
16472 0
16471 1
16470 0
16469 1
16468 0
16467 1
16466 0
16465 1
16464 0
16463 1
16462 0
16461 1
16460 0
16459 1
16458 0
16457 1
16456 0
16455 1
16454 0
16453 1
16452 0
16451 1
16450 0
16449 1
16448 0
16447 1
16446 0
16445 1
16444 0
16443 1
16442 0
16441 1
16440 0
16439 1
16438 0
16437 1
16436 0
16435 1
16434 0
16433 1
16432 0
16431 1
16430 0
16429 1
16428 0
16427 1
16426 0
16425 1
16424 0
16423 1
16422 0
16421 1
16420 0
16419 1
16418 0
16417 1
16416 0
16415 1
16414 0
16413 1
16412 0
16411 1
16410 0
16409 1
16408 0
16407 1
16406 0
16405 1
16404 0
16403 1
16402 0
16401 1
16400 0
16399 1
16398 0
16397 1
16396 0
16395 1
16394 0
16393 1
16392 0
16391 1
16390 0
16389 1
16388 0
16387 1
16386 0
16385 1
16384 0
16383 1
16382 0
16381 1
16380 0
16379 1
16378 0
16377 1
16376 0
16375 1
16374 0
16373 1
16372 0
16371 1
16370 0
16369 1
16368 0
16367 1
16366 0
16365 1
16364 0
16363 1
16362 0
16361 1
16360 0
16359 1
16358 0
16357 1
16356 0
16355 1
16354 0
16353 1
16352 0
16351 1
16350 0
16349 1
16348 0
16347 1
16346 0
16345 1
16344 0
16343 1
16342 0
16341 1
16340 0
16339 1
16338 0
16337 1
16336 0
16335 1
16334 0
16333 1
16332 0
16331 1
16330 0
16329 1
16328 0
16327 1
16326 0
16325 1
16324 0
16323 1
16322 0
16321 1
16320 0
16319 1
16318 0
16317 1
16316 0
16315 1
16314 0
16313 1
16312 0
16311 1
16310 0
16309 1
16308 0
16307 1
16306 0
16305 1
16304 0
16303 1
16302 0
16301 1
16300 0
16299 1
16298 0
16297 1
16296 0
16295 1
16294 0
16293 1
16292 0
16291 1
16290 0
16289 1
16288 0
16287 1
16286 0
16285 1
16284 0
16283 1
16282 0
16281 1
16280 0
16279 1
16278 0
16277 1
16276 0
16275 1
16274 0
16273 1
16272 0
16271 1
16270 0
16269 1
16268 0
16267 1
16266 0
16265 1
16264 0
16263 1
16262 0
16261 1
16260 0
16259 1
16258 0
16257 1
16256 0
16255 1
16254 0
16253 1
16252 0
16251 1
16250 0
16249 1
16248 0
16247 1
16246 0
16245 1
16244 0
16243 1
16242 0
16241 1
16240 0
16239 1
16238 0
16237 1
16236 0
16235 1
16234 0
16233 1
16232 0
16231 1
16230 0
16229 1
16228 0
16227 1
16226 0
16225 1
16224 0
16223 1
16222 0
16221 1
16220 0
16219 1
16218 0
16217 1
16216 0
16215 1
16214 0
16213 1
16212 0
16211 1
16210 0
16209 1
16208 0
16207 1
16206 0
16205 1
16204 0
16203 1
16202 0
16201 1
16200 0
16199 1
16198 0
16197 1
16196 0
16195 1
16194 0
16193 1
16192 0
16191 1
16190 0
16189 1
16188 0
16187 1
16186 0
16185 1
16184 0
16183 1
16182 0
16181 1
16180 0
16179 1
16178 0
16177 1
16176 0
16175 1
16174 0
16173 1
16172 0
16171 1
16170 0
16169 1
16168 0
16167 1
16166 0
16165 1
16164 0
16163 1
16162 0
16161 1
16160 0
16159 1
16158 0
16157 1
16156 0
16155 1
16154 0
16153 1
16152 0
16151 1
16150 0
16149 1
16148 0
16147 1
16146 0
16145 1
16144 0
16143 1
16142 0
16141 1
16140 0
16139 1
16138 0
16137 1
16136 0
16135 1
16134 0
16133 1
16132 0
16131 1
16130 0
16129 1
16128 0
16127 1
16126 0
16125 1
16124 0
16123 1
16122 0
16121 1
16120 0
16119 1
16118 0
16117 1
16116 0
16115 1
16114 0
16113 1
16112 0
16111 1
16110 0
16109 1
16108 0
16107 1
16106 0
16105 1
16104 0
16103 1
16102 0
16101 1
16100 0
16099 1
16098 0
16097 1
16096 0
16095 1
16094 0
16093 1
16092 0
16091 1
16090 0
16089 1
16088 0
16087 1
16086 0
16085 1
16084 0
16083 1
16082 0
16081 1
16080 0
16079 1
16078 0
16077 1
16076 0
16075 1
16074 0
16073 1
16072 0
16071 1
16070 0
16069 1
16068 0
16067 1
16066 0
16065 1
16064 0
16063 1
16062 0
16061 1
16060 0
16059 1
16058 0
16057 1
16056 0
16055 1
16054 0
16053 1
16052 0
16051 1
16050 0
16049 1
16048 0
16047 1
16046 0
16045 1
16044 0
16043 1
16042 0
16041 1
16040 0
16039 1
16038 0
16037 1
16036 0
16035 1
16034 0
16033 1
16032 0
16031 1
16030 0
16029 1
16028 0
16027 1
16026 0
16025 1
16024 0
16023 1
16022 0
16021 1
16020 0
16019 1
16018 0
16017 1
16016 0
16015 1
16014 0
16013 1
16012 0
16011 1
16010 0
16009 1
16008 0
16007 1
16006 0
16005 1
16004 0
16003 1
16002 0
16001 1
16000 0
15999 1
15998 0
15997 1
15996 0
15995 1
15994 0
15993 1
15992 0
15991 1
15990 0
15989 1
15988 0
15987 1
15986 0
15985 1
15984 0
15983 1
15982 0
15981 1
15980 0
15979 1
15978 0
15977 1
15976 0
15975 1
15974 0
15973 1
15972 0
15971 1
15970 0
15969 1
15968 0
15967 1
15966 0
15965 1
15964 0
15963 1
15962 0
15961 1
15960 0
15959 1
15958 0
15957 1
15956 0
15955 1
15954 0
15953 1
15952 0
15951 1
15950 0
15949 1
15948 0
15947 1
15946 0
15945 1
15944 0
15943 1
15942 0
15941 1
15940 0
15939 1
15938 0
15937 1
15936 0
15935 1
15934 0
15933 1
15932 0
15931 1
15930 0
15929 1
15928 0
15927 1
15926 0
15925 1
15924 0
15923 1
15922 0
15921 1
15920 0
15919 1
15918 0
15917 1
15916 0
15915 1
15914 0
15913 1
15912 0
15911 1
15910 0
15909 1
15908 0
15907 1
15906 0
15905 1
15904 0
15903 1
15902 0
15901 1
15900 0
15899 1
15898 0
15897 1
15896 0
15895 1
15894 0
15893 1
15892 0
15891 1
15890 0
15889 1
15888 0
15887 1
15886 0
15885 1
15884 0
15883 1
15882 0
15881 1
15880 0
15879 1
15878 0
15877 1
15876 0
15875 1
15874 0
15873 1
15872 0
15871 1
15870 0
15869 1
15868 0
15867 1
15866 0
15865 1
15864 0
15863 1
15862 0
15861 1
15860 0
15859 1
15858 0
15857 1
15856 0
15855 1
15854 0
15853 1
15852 0
15851 1
15850 0
15849 1
15848 0
15847 1
15846 0
15845 1
15844 0
15843 1
15842 0
15841 1
15840 0
15839 1
15838 0
15837 1
15836 0
15835 1
15834 0
15833 1
15832 0
15831 1
15830 0
15829 1
15828 0
15827 1
15826 0
15825 1
15824 0
15823 1
15822 0
15821 1
15820 0
15819 1
15818 0
15817 1
15816 0
15815 1
15814 0
15813 1
15812 0
15811 1
15810 0
15809 1
15808 0
15807 1
15806 0
15805 1
15804 0
15803 1
15802 0
15801 1
15800 0
15799 1
15798 0
15797 1
15796 0
15795 1
15794 0
15793 1
15792 0
15791 1
15790 0
15789 1
15788 0
15787 1
15786 0
15785 1
15784 0
15783 1
15782 0
15781 1
15780 0
15779 1
15778 0
15777 1
15776 0
15775 1
15774 0
15773 1
15772 0
15771 1
15770 0
15769 1
15768 0
15767 1
15766 0
15765 1
15764 0
15763 1
15762 0
15761 1
15760 0
15759 1
15758 0
15757 1
15756 0
15755 1
15754 0
15753 1
15752 0
15751 1
15750 0
15749 1
15748 0
15747 1
15746 0
15745 1
15744 0
15743 1
15742 0
15741 1
15740 0
15739 1
15738 0
15737 1
15736 0
15735 1
15734 0
15733 1
15732 0
15731 1
15730 0
15729 1
15728 0
15727 1
15726 0
15725 1
15724 0
15723 1
15722 0
15721 1
15720 0
15719 1
15718 0
15717 1
15716 0
15715 1
15714 0
15713 1
15712 0
15711 1
15710 0
15709 1
15708 0
15707 1
15706 0
15705 1
15704 0
15703 1
15702 0
15701 1
15700 0
15699 1
15698 0
15697 1
15696 0
15695 1
15694 0
15693 1
15692 0
15691 1
15690 0
15689 1
15688 0
15687 1
15686 0
15685 1
15684 0
15683 1
15682 0
15681 1
15680 0
15679 1
15678 0
15677 1
15676 0
15675 1
15674 0
15673 1
15672 0
15671 1
15670 0
15669 1
15668 0
15667 1
15666 0
15665 1
15664 0
15663 1
15662 0
15661 1
15660 0
15659 1
15658 0
15657 1
15656 0
15655 1
15654 0
15653 1
15652 0
15651 1
15650 0
15649 1
15648 0
15647 1
15646 0
15645 1
15644 0
15643 1
15642 0
15641 1
15640 0
15639 1
15638 0
15637 1
15636 0
15635 1
15634 0
15633 1
15632 0
15631 1
15630 0
15629 1
15628 0
15627 1
15626 0
15625 1
15624 0
15623 1
15622 0
15621 1
15620 0
15619 1
15618 0
15617 1
15616 0
15615 1
15614 0
15613 1
15612 0
15611 1
15610 0
15609 1
15608 0
15607 1
15606 0
15605 1
15604 0
15603 1
15602 0
15601 1
15600 0
15599 1
15598 0
15597 1
15596 0
15595 1
15594 0
15593 1
15592 0
15591 1
15590 0
15589 1
15588 0
15587 1
15586 0
15585 1
15584 0
15583 1
15582 0
15581 1
15580 0
15579 1
15578 0
15577 1
15576 0
15575 1
15574 0
15573 1
15572 0
15571 1
15570 0
15569 1
15568 0
15567 1
15566 0
15565 1
15564 0
15563 1
15562 0
15561 1
15560 0
15559 1
15558 0
15557 1
15556 0
15555 1
15554 0
15553 1
15552 0
15551 1
15550 0
15549 1
15548 0
15547 1
15546 0
15545 1
15544 0
15543 1
15542 0
15541 1
15540 0
15539 1
15538 0
15537 1
15536 0
15535 1
15534 0
15533 1
15532 0
15531 1
15530 0
15529 1
15528 0
15527 1
15526 0
15525 1
15524 0
15523 1
15522 0
15521 1
15520 0
15519 1
15518 0
15517 1
15516 0
15515 1
15514 0
15513 1
15512 0
15511 1
15510 0
15509 1
15508 0
15507 1
15506 0
15505 1
15504 0
15503 1
15502 0
15501 1
15500 0
15499 1
15498 0
15497 1
15496 0
15495 1
15494 0
15493 1
15492 0
15491 1
15490 0
15489 1
15488 0
15487 1
15486 0
15485 1
15484 0
15483 1
15482 0
15481 1
15480 0
15479 1
15478 0
15477 1
15476 0
15475 1
15474 0
15473 1
15472 0
15471 1
15470 0
15469 1
15468 0
15467 1
15466 0
15465 1
15464 0
15463 1
15462 0
15461 1
15460 0
15459 1
15458 0
15457 1
15456 0
15455 1
15454 0
15453 1
15452 0
15451 1
15450 0
15449 1
15448 0
15447 1
15446 0
15445 1
15444 0
15443 1
15442 0
15441 1
15440 0
15439 1
15438 0
15437 1
15436 0
15435 1
15434 0
15433 1
15432 0
15431 1
15430 0
15429 1
15428 0
15427 1
15426 0
15425 1
15424 0
15423 1
15422 0
15421 1
15420 0
15419 1
15418 0
15417 1
15416 0
15415 1
15414 0
15413 1
15412 0
15411 1
15410 0
15409 1
15408 0
15407 1
15406 0
15405 1
15404 0
15403 1
15402 0
15401 1
15400 0
15399 1
15398 0
15397 1
15396 0
15395 1
15394 0
15393 1
15392 0
15391 1
15390 0
15389 1
15388 0
15387 1
15386 0
15385 1
15384 0
15383 1
15382 0
15381 1
15380 0
15379 1
15378 0
15377 1
15376 0
15375 1
15374 0
15373 1
15372 0
15371 1
15370 0
15369 1
15368 0
15367 1
15366 0
15365 1
15364 0
15363 1
15362 0
15361 1
15360 0
15359 1
15358 0
15357 1
15356 0
15355 1
15354 0
15353 1
15352 0
15351 1
15350 0
15349 1
15348 0
15347 1
15346 0
15345 1
15344 0
15343 1
15342 0
15341 1
15340 0
15339 1
15338 0
15337 1
15336 0
15335 1
15334 0
15333 1
15332 0
15331 1
15330 0
15329 1
15328 0
15327 1
15326 0
15325 1
15324 0
15323 1
15322 0
15321 1
15320 0
15319 1
15318 0
15317 1
15316 0
15315 1
15314 0
15313 1
15312 0
15311 1
15310 0
15309 1
15308 0
15307 1
15306 0
15305 1
15304 0
15303 1
15302 0
15301 1
15300 0
15299 1
15298 0
15297 1
15296 0
15295 1
15294 0
15293 1
15292 0
15291 1
15290 0
15289 1
15288 0
15287 1
15286 0
15285 1
15284 0
15283 1
15282 0
15281 1
15280 0
15279 1
15278 0
15277 1
15276 0
15275 1
15274 0
15273 1
15272 0
15271 1
15270 0
15269 1
15268 0
15267 1
15266 0
15265 1
15264 0
15263 1
15262 0
15261 1
15260 0
15259 1
15258 0
15257 1
15256 0
15255 1
15254 0
15253 1
15252 0
15251 1
15250 0
15249 1
15248 0
15247 1
15246 0
15245 1
15244 0
15243 1
15242 0
15241 1
15240 0
15239 1
15238 0
15237 1
15236 0
15235 1
15234 0
15233 1
15232 0
15231 1
15230 0
15229 1
15228 0
15227 1
15226 0
15225 1
15224 0
15223 1
15222 0
15221 1
15220 0
15219 1
15218 0
15217 1
15216 0
15215 1
15214 0
15213 1
15212 0
15211 1
15210 0
15209 1
15208 0
15207 1
15206 0
15205 1
15204 0
15203 1
15202 0
15201 1
15200 0
15199 1
15198 0
15197 1
15196 0
15195 1
15194 0
15193 1
15192 0
15191 1
15190 0
15189 1
15188 0
15187 1
15186 0
15185 1
15184 0
15183 1
15182 0
15181 1
15180 0
15179 1
15178 0
15177 1
15176 0
15175 1
15174 0
15173 1
15172 0
15171 1
15170 0
15169 1
15168 0
15167 1
15166 0
15165 1
15164 0
15163 1
15162 0
15161 1
15160 0
15159 1
15158 0
15157 1
15156 0
15155 1
15154 0
15153 1
15152 0
15151 1
15150 0
15149 1
15148 0
15147 1
15146 0
15145 1
15144 0
15143 1
15142 0
15141 1
15140 0
15139 1
15138 0
15137 1
15136 0
15135 1
15134 0
15133 1
15132 0
15131 1
15130 0
15129 1
15128 0
15127 1
15126 0
15125 1
15124 0
15123 1
15122 0
15121 1
15120 0
15119 1
15118 0
15117 1
15116 0
15115 1
15114 0
15113 1
15112 0
15111 1
15110 0
15109 1
15108 0
15107 1
15106 0
15105 1
15104 0
15103 1
15102 0
15101 1
15100 0
15099 1
15098 0
15097 1
15096 0
15095 1
15094 0
15093 1
15092 0
15091 1
15090 0
15089 1
15088 0
15087 1
15086 0
15085 1
15084 0
15083 1
15082 0
15081 1
15080 0
15079 1
15078 0
15077 1
15076 0
15075 1
15074 0
15073 1
15072 0
15071 1
15070 0
15069 1
15068 0
15067 1
15066 0
15065 1
15064 0
15063 1
15062 0
15061 1
15060 0
15059 1
15058 0
15057 1
15056 0
15055 1
15054 0
15053 1
15052 0
15051 1
15050 0
15049 1
15048 0
15047 1
15046 0
15045 1
15044 0
15043 1
15042 0
15041 1
15040 0
15039 1
15038 0
15037 1
15036 0
15035 1
15034 0
15033 1
15032 0
15031 1
15030 0
15029 1
15028 0
15027 1
15026 0
15025 1
15024 0
15023 1
15022 0
15021 1
15020 0
15019 1
15018 0
15017 1
15016 0
15015 1
15014 0
15013 1
15012 0
15011 1
15010 0
15009 1
15008 0
15007 1
15006 0
15005 1
15004 0
15003 1
15002 0
15001 1
15000 0
14999 1
14998 0
14997 1
14996 0
14995 1
14994 0
14993 1
14992 0
14991 1
14990 0
14989 1
14988 0
14987 1
14986 0
14985 1
14984 0
14983 1
14982 0
14981 1
14980 0
14979 1
14978 0
14977 1
14976 0
14975 1
14974 0
14973 1
14972 0
14971 1
14970 0
14969 1
14968 0
14967 1
14966 0
14965 1
14964 0
14963 1
14962 0
14961 1
14960 0
14959 1
14958 0
14957 1
14956 0
14955 1
14954 0
14953 1
14952 0
14951 1
14950 0
14949 1
14948 0
14947 1
14946 0
14945 1
14944 0
14943 1
14942 0
14941 1
14940 0
14939 1
14938 0
14937 1
14936 0
14935 1
14934 0
14933 1
14932 0
14931 1
14930 0
14929 1
14928 0
14927 1
14926 0
14925 1
14924 0
14923 1
14922 0
14921 1
14920 0
14919 1
14918 0
14917 1
14916 0
14915 1
14914 0
14913 1
14912 0
14911 1
14910 0
14909 1
14908 0
14907 1
14906 0
14905 1
14904 0
14903 1
14902 0
14901 1
14900 0
14899 1
14898 0
14897 1
14896 0
14895 1
14894 0
14893 1
14892 0
14891 1
14890 0
14889 1
14888 0
14887 1
14886 0
14885 1
14884 0
14883 1
14882 0
14881 1
14880 0
14879 1
14878 0
14877 1
14876 0
14875 1
14874 0
14873 1
14872 0
14871 1
14870 0
14869 1
14868 0
14867 1
14866 0
14865 1
14864 0
14863 1
14862 0
14861 1
14860 0
14859 1
14858 0
14857 1
14856 0
14855 1
14854 0
14853 1
14852 0
14851 1
14850 0
14849 1
14848 0
14847 1
14846 0
14845 1
14844 0
14843 1
14842 0
14841 1
14840 0
14839 1
14838 0
14837 1
14836 0
14835 1
14834 0
14833 1
14832 0
14831 1
14830 0
14829 1
14828 0
14827 1
14826 0
14825 1
14824 0
14823 1
14822 0
14821 1
14820 0
14819 1
14818 0
14817 1
14816 0
14815 1
14814 0
14813 1
14812 0
14811 1
14810 0
14809 1
14808 0
14807 1
14806 0
14805 1
14804 0
14803 1
14802 0
14801 1
14800 0
14799 1
14798 0
14797 1
14796 0
14795 1
14794 0
14793 1
14792 0
14791 1
14790 0
14789 1
14788 0
14787 1
14786 0
14785 1
14784 0
14783 1
14782 0
14781 1
14780 0
14779 1
14778 0
14777 1
14776 0
14775 1
14774 0
14773 1
14772 0
14771 1
14770 0
14769 1
14768 0
14767 1
14766 0
14765 1
14764 0
14763 1
14762 0
14761 1
14760 0
14759 1
14758 0
14757 1
14756 0
14755 1
14754 0
14753 1
14752 0
14751 1
14750 0
14749 1
14748 0
14747 1
14746 0
14745 1
14744 0
14743 1
14742 0
14741 1
14740 0
14739 1
14738 0
14737 1
14736 0
14735 1
14734 0
14733 1
14732 0
14731 1
14730 0
14729 1
14728 0
14727 1
14726 0
14725 1
14724 0
14723 1
14722 0
14721 1
14720 0
14719 1
14718 0
14717 1
14716 0
14715 1
14714 0
14713 1
14712 0
14711 1
14710 0
14709 1
14708 0
14707 1
14706 0
14705 1
14704 0
14703 1
14702 0
14701 1
14700 0
14699 1
14698 0
14697 1
14696 0
14695 1
14694 0
14693 1
14692 0
14691 1
14690 0
14689 1
14688 0
14687 1
14686 0
14685 1
14684 0
14683 1
14682 0
14681 1
14680 0
14679 1
14678 0
14677 1
14676 0
14675 1
14674 0
14673 1
14672 0
14671 1
14670 0
14669 1
14668 0
14667 1
14666 0
14665 1
14664 0
14663 1
14662 0
14661 1
14660 0
14659 1
14658 0
14657 1
14656 0
14655 1
14654 0
14653 1
14652 0
14651 1
14650 0
14649 1
14648 0
14647 1
14646 0
14645 1
14644 0
14643 1
14642 0
14641 1
14640 0
14639 1
14638 0
14637 1
14636 0
14635 1
14634 0
14633 1
14632 0
14631 1
14630 0
14629 1
14628 0
14627 1
14626 0
14625 1
14624 0
14623 1
14622 0
14621 1
14620 0
14619 1
14618 0
14617 1
14616 0
14615 1
14614 0
14613 1
14612 0
14611 1
14610 0
14609 1
14608 0
14607 1
14606 0
14605 1
14604 0
14603 1
14602 0
14601 1
14600 0
14599 1
14598 0
14597 1
14596 0
14595 1
14594 0
14593 1
14592 0
14591 1
14590 0
14589 1
14588 0
14587 1
14586 0
14585 1
14584 0
14583 1
14582 0
14581 1
14580 0
14579 1
14578 0
14577 1
14576 0
14575 1
14574 0
14573 1
14572 0
14571 1
14570 0
14569 1
14568 0
14567 1
14566 0
14565 1
14564 0
14563 1
14562 0
14561 1
14560 0
14559 1
14558 0
14557 1
14556 0
14555 1
14554 0
14553 1
14552 0
14551 1
14550 0
14549 1
14548 0
14547 1
14546 0
14545 1
14544 0
14543 1
14542 0
14541 1
14540 0
14539 1
14538 0
14537 1
14536 0
14535 1
14534 0
14533 1
14532 0
14531 1
14530 0
14529 1
14528 0
14527 1
14526 0
14525 1
14524 0
14523 1
14522 0
14521 1
14520 0
14519 1
14518 0
14517 1
14516 0
14515 1
14514 0
14513 1
14512 0
14511 1
14510 0
14509 1
14508 0
14507 1
14506 0
14505 1
14504 0
14503 1
14502 0
14501 1
14500 0
14499 1
14498 0
14497 1
14496 0
14495 1
14494 0
14493 1
14492 0
14491 1
14490 0
14489 1
14488 0
14487 1
14486 0
14485 1
14484 0
14483 1
14482 0
14481 1
14480 0
14479 1
14478 0
14477 1
14476 0
14475 1
14474 0
14473 1
14472 0
14471 1
14470 0
14469 1
14468 0
14467 1
14466 0
14465 1
14464 0
14463 1
14462 0
14461 1
14460 0
14459 1
14458 0
14457 1
14456 0
14455 1
14454 0
14453 1
14452 0
14451 1
14450 0
14449 1
14448 0
14447 1
14446 0
14445 1
14444 0
14443 1
14442 0
14441 1
14440 0
14439 1
14438 0
14437 1
14436 0
14435 1
14434 0
14433 1
14432 0
14431 1
14430 0
14429 1
14428 0
14427 1
14426 0
14425 1
14424 0
14423 1
14422 0
14421 1
14420 0
14419 1
14418 0
14417 1
14416 0
14415 1
14414 0
14413 1
14412 0
14411 1
14410 0
14409 1
14408 0
14407 1
14406 0
14405 1
14404 0
14403 1
14402 0
14401 1
14400 0
14399 1
14398 0
14397 1
14396 0
14395 1
14394 0
14393 1
14392 0
14391 1
14390 0
14389 1
14388 0
14387 1
14386 0
14385 1
14384 0
14383 1
14382 0
14381 1
14380 0
14379 1
14378 0
14377 1
14376 0
14375 1
14374 0
14373 1
14372 0
14371 1
14370 0
14369 1
14368 0
14367 1
14366 0
14365 1
14364 0
14363 1
14362 0
14361 1
14360 0
14359 1
14358 0
14357 1
14356 0
14355 1
14354 0
14353 1
14352 0
14351 1
14350 0
14349 1
14348 0
14347 1
14346 0
14345 1
14344 0
14343 1
14342 0
14341 1
14340 0
14339 1
14338 0
14337 1
14336 0
14335 1
14334 0
14333 1
14332 0
14331 1
14330 0
14329 1
14328 0
14327 1
14326 0
14325 1
14324 0
14323 1
14322 0
14321 1
14320 0
14319 1
14318 0
14317 1
14316 0
14315 1
14314 0
14313 1
14312 0
14311 1
14310 0
14309 1
14308 0
14307 1
14306 0
14305 1
14304 0
14303 1
14302 0
14301 1
14300 0
14299 1
14298 0
14297 1
14296 0
14295 1
14294 0
14293 1
14292 0
14291 1
14290 0
14289 1
14288 0
14287 1
14286 0
14285 1
14284 0
14283 1
14282 0
14281 1
14280 0
14279 1
14278 0
14277 1
14276 0
14275 1
14274 0
14273 1
14272 0
14271 1
14270 0
14269 1
14268 0
14267 1
14266 0
14265 1
14264 0
14263 1
14262 0
14261 1
14260 0
14259 1
14258 0
14257 1
14256 0
14255 1
14254 0
14253 1
14252 0
14251 1
14250 0
14249 1
14248 0
14247 1
14246 0
14245 1
14244 0
14243 1
14242 0
14241 1
14240 0
14239 1
14238 0
14237 1
14236 0
14235 1
14234 0
14233 1
14232 0
14231 1
14230 0
14229 1
14228 0
14227 1
14226 0
14225 1
14224 0
14223 1
14222 0
14221 1
14220 0
14219 1
14218 0
14217 1
14216 0
14215 1
14214 0
14213 1
14212 0
14211 1
14210 0
14209 1
14208 0
14207 1
14206 0
14205 1
14204 0
14203 1
14202 0
14201 1
14200 0
14199 1
14198 0
14197 1
14196 0
14195 1
14194 0
14193 1
14192 0
14191 1
14190 0
14189 1
14188 0
14187 1
14186 0
14185 1
14184 0
14183 1
14182 0
14181 1
14180 0
14179 1
14178 0
14177 1
14176 0
14175 1
14174 0
14173 1
14172 0
14171 1
14170 0
14169 1
14168 0
14167 1
14166 0
14165 1
14164 0
14163 1
14162 0
14161 1
14160 0
14159 1
14158 0
14157 1
14156 0
14155 1
14154 0
14153 1
14152 0
14151 1
14150 0
14149 1
14148 0
14147 1
14146 0
14145 1
14144 0
14143 1
14142 0
14141 1
14140 0
14139 1
14138 0
14137 1
14136 0
14135 1
14134 0
14133 1
14132 0
14131 1
14130 0
14129 1
14128 0
14127 1
14126 0
14125 1
14124 0
14123 1
14122 0
14121 1
14120 0
14119 1
14118 0
14117 1
14116 0
14115 1
14114 0
14113 1
14112 0
14111 1
14110 0
14109 1
14108 0
14107 1
14106 0
14105 1
14104 0
14103 1
14102 0
14101 1
14100 0
14099 1
14098 0
14097 1
14096 0
14095 1
14094 0
14093 1
14092 0
14091 1
14090 0
14089 1
14088 0
14087 1
14086 0
14085 1
14084 0
14083 1
14082 0
14081 1
14080 0
14079 1
14078 0
14077 1
14076 0
14075 1
14074 0
14073 1
14072 0
14071 1
14070 0
14069 1
14068 0
14067 1
14066 0
14065 1
14064 0
14063 1
14062 0
14061 1
14060 0
14059 1
14058 0
14057 1
14056 0
14055 1
14054 0
14053 1
14052 0
14051 1
14050 0
14049 1
14048 0
14047 1
14046 0
14045 1
14044 0
14043 1
14042 0
14041 1
14040 0
14039 1
14038 0
14037 1
14036 0
14035 1
14034 0
14033 1
14032 0
14031 1
14030 0
14029 1
14028 0
14027 1
14026 0
14025 1
14024 0
14023 1
14022 0
14021 1
14020 0
14019 1
14018 0
14017 1
14016 0
14015 1
14014 0
14013 1
14012 0
14011 1
14010 0
14009 1
14008 0
14007 1
14006 0
14005 1
14004 0
14003 1
14002 0
14001 1
14000 0
13999 1
13998 0
13997 1
13996 0
13995 1
13994 0
13993 1
13992 0
13991 1
13990 0
13989 1
13988 0
13987 1
13986 0
13985 1
13984 0
13983 1
13982 0
13981 1
13980 0
13979 1
13978 0
13977 1
13976 0
13975 1
13974 0
13973 1
13972 0
13971 1
13970 0
13969 1
13968 0
13967 1
13966 0
13965 1
13964 0
13963 1
13962 0
13961 1
13960 0
13959 1
13958 0
13957 1
13956 0
13955 1
13954 0
13953 1
13952 0
13951 1
13950 0
13949 1
13948 0
13947 1
13946 0
13945 1
13944 0
13943 1
13942 0
13941 1
13940 0
13939 1
13938 0
13937 1
13936 0
13935 1
13934 0
13933 1
13932 0
13931 1
13930 0
13929 1
13928 0
13927 1
13926 0
13925 1
13924 0
13923 1
13922 0
13921 1
13920 0
13919 1
13918 0
13917 1
13916 0
13915 1
13914 0
13913 1
13912 0
13911 1
13910 0
13909 1
13908 0
13907 1
13906 0
13905 1
13904 0
13903 1
13902 0
13901 1
13900 0
13899 1
13898 0
13897 1
13896 0
13895 1
13894 0
13893 1
13892 0
13891 1
13890 0
13889 1
13888 0
13887 1
13886 0
13885 1
13884 0
13883 1
13882 0
13881 1
13880 0
13879 1
13878 0
13877 1
13876 0
13875 1
13874 0
13873 1
13872 0
13871 1
13870 0
13869 1
13868 0
13867 1
13866 0
13865 1
13864 0
13863 1
13862 0
13861 1
13860 0
13859 1
13858 0
13857 1
13856 0
13855 1
13854 0
13853 1
13852 0
13851 1
13850 0
13849 1
13848 0
13847 1
13846 0
13845 1
13844 0
13843 1
13842 0
13841 1
13840 0
13839 1
13838 0
13837 1
13836 0
13835 1
13834 0
13833 1
13832 0
13831 1
13830 0
13829 1
13828 0
13827 1
13826 0
13825 1
13824 0
13823 1
13822 0
13821 1
13820 0
13819 1
13818 0
13817 1
13816 0
13815 1
13814 0
13813 1
13812 0
13811 1
13810 0
13809 1
13808 0
13807 1
13806 0
13805 1
13804 0
13803 1
13802 0
13801 1
13800 0
13799 1
13798 0
13797 1
13796 0
13795 1
13794 0
13793 1
13792 0
13791 1
13790 0
13789 1
13788 0
13787 1
13786 0
13785 1
13784 0
13783 1
13782 0
13781 1
13780 0
13779 1
13778 0
13777 1
13776 0
13775 1
13774 0
13773 1
13772 0
13771 1
13770 0
13769 1
13768 0
13767 1
13766 0
13765 1
13764 0
13763 1
13762 0
13761 1
13760 0
13759 1
13758 0
13757 1
13756 0
13755 1
13754 0
13753 1
13752 0
13751 1
13750 0
13749 1
13748 0
13747 1
13746 0
13745 1
13744 0
13743 1
13742 0
13741 1
13740 0
13739 1
13738 0
13737 1
13736 0
13735 1
13734 0
13733 1
13732 0
13731 1
13730 0
13729 1
13728 0
13727 1
13726 0
13725 1
13724 0
13723 1
13722 0
13721 1
13720 0
13719 1
13718 0
13717 1
13716 0
13715 1
13714 0
13713 1
13712 0
13711 1
13710 0
13709 1
13708 0
13707 1
13706 0
13705 1
13704 0
13703 1
13702 0
13701 1
13700 0
13699 1
13698 0
13697 1
13696 0
13695 1
13694 0
13693 1
13692 0
13691 1
13690 0
13689 1
13688 0
13687 1
13686 0
13685 1
13684 0
13683 1
13682 0
13681 1
13680 0
13679 1
13678 0
13677 1
13676 0
13675 1
13674 0
13673 1
13672 0
13671 1
13670 0
13669 1
13668 0
13667 1
13666 0
13665 1
13664 0
13663 1
13662 0
13661 1
13660 0
13659 1
13658 0
13657 1
13656 0
13655 1
13654 0
13653 1
13652 0
13651 1
13650 0
13649 1
13648 0
13647 1
13646 0
13645 1
13644 0
13643 1
13642 0
13641 1
13640 0
13639 1
13638 0
13637 1
13636 0
13635 1
13634 0
13633 1
13632 0
13631 1
13630 0
13629 1
13628 0
13627 1
13626 0
13625 1
13624 0
13623 1
13622 0
13621 1
13620 0
13619 1
13618 0
13617 1
13616 0
13615 1
13614 0
13613 1
13612 0
13611 1
13610 0
13609 1
13608 0
13607 1
13606 0
13605 1
13604 0
13603 1
13602 0
13601 1
13600 0
13599 1
13598 0
13597 1
13596 0
13595 1
13594 0
13593 1
13592 0
13591 1
13590 0
13589 1
13588 0
13587 1
13586 0
13585 1
13584 0
13583 1
13582 0
13581 1
13580 0
13579 1
13578 0
13577 1
13576 0
13575 1
13574 0
13573 1
13572 0
13571 1
13570 0
13569 1
13568 0
13567 1
13566 0
13565 1
13564 0
13563 1
13562 0
13561 1
13560 0
13559 1
13558 0
13557 1
13556 0
13555 1
13554 0
13553 1
13552 0
13551 1
13550 0
13549 1
13548 0
13547 1
13546 0
13545 1
13544 0
13543 1
13542 0
13541 1
13540 0
13539 1
13538 0
13537 1
13536 0
13535 1
13534 0
13533 1
13532 0
13531 1
13530 0
13529 1
13528 0
13527 1
13526 0
13525 1
13524 0
13523 1
13522 0
13521 1
13520 0
13519 1
13518 0
13517 1
13516 0
13515 1
13514 0
13513 1
13512 0
13511 1
13510 0
13509 1
13508 0
13507 1
13506 0
13505 1
13504 0
13503 1
13502 0
13501 1
13500 0
13499 1
13498 0
13497 1
13496 0
13495 1
13494 0
13493 1
13492 0
13491 1
13490 0
13489 1
13488 0
13487 1
13486 0
13485 1
13484 0
13483 1
13482 0
13481 1
13480 0
13479 1
13478 0
13477 1
13476 0
13475 1
13474 0
13473 1
13472 0
13471 1
13470 0
13469 1
13468 0
13467 1
13466 0
13465 1
13464 0
13463 1
13462 0
13461 1
13460 0
13459 1
13458 0
13457 1
13456 0
13455 1
13454 0
13453 1
13452 0
13451 1
13450 0
13449 1
13448 0
13447 1
13446 0
13445 1
13444 0
13443 1
13442 0
13441 1
13440 0
13439 1
13438 0
13437 1
13436 0
13435 1
13434 0
13433 1
13432 0
13431 1
13430 0
13429 1
13428 0
13427 1
13426 0
13425 1
13424 0
13423 1
13422 0
13421 1
13420 0
13419 1
13418 0
13417 1
13416 0
13415 1
13414 0
13413 1
13412 0
13411 1
13410 0
13409 1
13408 0
13407 1
13406 0
13405 1
13404 0
13403 1
13402 0
13401 1
13400 0
13399 1
13398 0
13397 1
13396 0
13395 1
13394 0
13393 1
13392 0
13391 1
13390 0
13389 1
13388 0
13387 1
13386 0
13385 1
13384 0
13383 1
13382 0
13381 1
13380 0
13379 1
13378 0
13377 1
13376 0
13375 1
13374 0
13373 1
13372 0
13371 1
13370 0
13369 1
13368 0
13367 1
13366 0
13365 1
13364 0
13363 1
13362 0
13361 1
13360 0
13359 1
13358 0
13357 1
13356 0
13355 1
13354 0
13353 1
13352 0
13351 1
13350 0
13349 1
13348 0
13347 1
13346 0
13345 1
13344 0
13343 1
13342 0
13341 1
13340 0
13339 1
13338 0
13337 1
13336 0
13335 1
13334 0
13333 1
13332 0
13331 1
13330 0
13329 1
13328 0
13327 1
13326 0
13325 1
13324 0
13323 1
13322 0
13321 1
13320 0
13319 1
13318 0
13317 1
13316 0
13315 1
13314 0
13313 1
13312 0
13311 1
13310 0
13309 1
13308 0
13307 1
13306 0
13305 1
13304 0
13303 1
13302 0
13301 1
13300 0
13299 1
13298 0
13297 1
13296 0
13295 1
13294 0
13293 1
13292 0
13291 1
13290 0
13289 1
13288 0
13287 1
13286 0
13285 1
13284 0
13283 1
13282 0
13281 1
13280 0
13279 1
13278 0
13277 1
13276 0
13275 1
13274 0
13273 1
13272 0
13271 1
13270 0
13269 1
13268 0
13267 1
13266 0
13265 1
13264 0
13263 1
13262 0
13261 1
13260 0
13259 1
13258 0
13257 1
13256 0
13255 1
13254 0
13253 1
13252 0
13251 1
13250 0
13249 1
13248 0
13247 1
13246 0
13245 1
13244 0
13243 1
13242 0
13241 1
13240 0
13239 1
13238 0
13237 1
13236 0
13235 1
13234 0
13233 1
13232 0
13231 1
13230 0
13229 1
13228 0
13227 1
13226 0
13225 1
13224 0
13223 1
13222 0
13221 1
13220 0
13219 1
13218 0
13217 1
13216 0
13215 1
13214 0
13213 1
13212 0
13211 1
13210 0
13209 1
13208 0
13207 1
13206 0
13205 1
13204 0
13203 1
13202 0
13201 1
13200 0
13199 1
13198 0
13197 1
13196 0
13195 1
13194 0
13193 1
13192 0
13191 1
13190 0
13189 1
13188 0
13187 1
13186 0
13185 1
13184 0
13183 1
13182 0
13181 1
13180 0
13179 1
13178 0
13177 1
13176 0
13175 1
13174 0
13173 1
13172 0
13171 1
13170 0
13169 1
13168 0
13167 1
13166 0
13165 1
13164 0
13163 1
13162 0
13161 1
13160 0
13159 1
13158 0
13157 1
13156 0
13155 1
13154 0
13153 1
13152 0
13151 1
13150 0
13149 1
13148 0
13147 1
13146 0
13145 1
13144 0
13143 1
13142 0
13141 1
13140 0
13139 1
13138 0
13137 1
13136 0
13135 1
13134 0
13133 1
13132 0
13131 1
13130 0
13129 1
13128 0
13127 1
13126 0
13125 1
13124 0
13123 1
13122 0
13121 1
13120 0
13119 1
13118 0
13117 1
13116 0
13115 1
13114 0
13113 1
13112 0
13111 1
13110 0
13109 1
13108 0
13107 1
13106 0
13105 1
13104 0
13103 1
13102 0
13101 1
13100 0
13099 1
13098 0
13097 1
13096 0
13095 1
13094 0
13093 1
13092 0
13091 1
13090 0
13089 1
13088 0
13087 1
13086 0
13085 1
13084 0
13083 1
13082 0
13081 1
13080 0
13079 1
13078 0
13077 1
13076 0
13075 1
13074 0
13073 1
13072 0
13071 1
13070 0
13069 1
13068 0
13067 1
13066 0
13065 1
13064 0
13063 1
13062 0
13061 1
13060 0
13059 1
13058 0
13057 1
13056 0
13055 1
13054 0
13053 1
13052 0
13051 1
13050 0
13049 1
13048 0
13047 1
13046 0
13045 1
13044 0
13043 1
13042 0
13041 1
13040 0
13039 1
13038 0
13037 1
13036 0
13035 1
13034 0
13033 1
13032 0
13031 1
13030 0
13029 1
13028 0
13027 1
13026 0
13025 1
13024 0
13023 1
13022 0
13021 1
13020 0
13019 1
13018 0
13017 1
13016 0
13015 1
13014 0
13013 1
13012 0
13011 1
13010 0
13009 1
13008 0
13007 1
13006 0
13005 1
13004 0
13003 1
13002 0
13001 1
13000 0
12999 1
12998 0
12997 1
12996 0
12995 1
12994 0
12993 1
12992 0
12991 1
12990 0
12989 1
12988 0
12987 1
12986 0
12985 1
12984 0
12983 1
12982 0
12981 1
12980 0
12979 1
12978 0
12977 1
12976 0
12975 1
12974 0
12973 1
12972 0
12971 1
12970 0
12969 1
12968 0
12967 1
12966 0
12965 1
12964 0
12963 1
12962 0
12961 1
12960 0
12959 1
12958 0
12957 1
12956 0
12955 1
12954 0
12953 1
12952 0
12951 1
12950 0
12949 1
12948 0
12947 1
12946 0
12945 1
12944 0
12943 1
12942 0
12941 1
12940 0
12939 1
12938 0
12937 1
12936 0
12935 1
12934 0
12933 1
12932 0
12931 1
12930 0
12929 1
12928 0
12927 1
12926 0
12925 1
12924 0
12923 1
12922 0
12921 1
12920 0
12919 1
12918 0
12917 1
12916 0
12915 1
12914 0
12913 1
12912 0
12911 1
12910 0
12909 1
12908 0
12907 1
12906 0
12905 1
12904 0
12903 1
12902 0
12901 1
12900 0
12899 1
12898 0
12897 1
12896 0
12895 1
12894 0
12893 1
12892 0
12891 1
12890 0
12889 1
12888 0
12887 1
12886 0
12885 1
12884 0
12883 1
12882 0
12881 1
12880 0
12879 1
12878 0
12877 1
12876 0
12875 1
12874 0
12873 1
12872 0
12871 1
12870 0
12869 1
12868 0
12867 1
12866 0
12865 1
12864 0
12863 1
12862 0
12861 1
12860 0
12859 1
12858 0
12857 1
12856 0
12855 1
12854 0
12853 1
12852 0
12851 1
12850 0
12849 1
12848 0
12847 1
12846 0
12845 1
12844 0
12843 1
12842 0
12841 1
12840 0
12839 1
12838 0
12837 1
12836 0
12835 1
12834 0
12833 1
12832 0
12831 1
12830 0
12829 1
12828 0
12827 1
12826 0
12825 1
12824 0
12823 1
12822 0
12821 1
12820 0
12819 1
12818 0
12817 1
12816 0
12815 1
12814 0
12813 1
12812 0
12811 1
12810 0
12809 1
12808 0
12807 1
12806 0
12805 1
12804 0
12803 1
12802 0
12801 1
12800 0
12799 1
12798 0
12797 1
12796 0
12795 1
12794 0
12793 1
12792 0
12791 1
12790 0
12789 1
12788 0
12787 1
12786 0
12785 1
12784 0
12783 1
12782 0
12781 1
12780 0
12779 1
12778 0
12777 1
12776 0
12775 1
12774 0
12773 1
12772 0
12771 1
12770 0
12769 1
12768 0
12767 1
12766 0
12765 1
12764 0
12763 1
12762 0
12761 1
12760 0
12759 1
12758 0
12757 1
12756 0
12755 1
12754 0
12753 1
12752 0
12751 1
12750 0
12749 1
12748 0
12747 1
12746 0
12745 1
12744 0
12743 1
12742 0
12741 1
12740 0
12739 1
12738 0
12737 1
12736 0
12735 1
12734 0
12733 1
12732 0
12731 1
12730 0
12729 1
12728 0
12727 1
12726 0
12725 1
12724 0
12723 1
12722 0
12721 1
12720 0
12719 1
12718 0
12717 1
12716 0
12715 1
12714 0
12713 1
12712 0
12711 1
12710 0
12709 1
12708 0
12707 1
12706 0
12705 1
12704 0
12703 1
12702 0
12701 1
12700 0
12699 1
12698 0
12697 1
12696 0
12695 1
12694 0
12693 1
12692 0
12691 1
12690 0
12689 1
12688 0
12687 1
12686 0
12685 1
12684 0
12683 1
12682 0
12681 1
12680 0
12679 1
12678 0
12677 1
12676 0
12675 1
12674 0
12673 1
12672 0
12671 1
12670 0
12669 1
12668 0
12667 1
12666 0
12665 1
12664 0
12663 1
12662 0
12661 1
12660 0
12659 1
12658 0
12657 1
12656 0
12655 1
12654 0
12653 1
12652 0
12651 1
12650 0
12649 1
12648 0
12647 1
12646 0
12645 1
12644 0
12643 1
12642 0
12641 1
12640 0
12639 1
12638 0
12637 1
12636 0
12635 1
12634 0
12633 1
12632 0
12631 1
12630 0
12629 1
12628 0
12627 1
12626 0
12625 1
12624 0
12623 1
12622 0
12621 1
12620 0
12619 1
12618 0
12617 1
12616 0
12615 1
12614 0
12613 1
12612 0
12611 1
12610 0
12609 1
12608 0
12607 1
12606 0
12605 1
12604 0
12603 1
12602 0
12601 1
12600 0
12599 1
12598 0
12597 1
12596 0
12595 1
12594 0
12593 1
12592 0
12591 1
12590 0
12589 1
12588 0
12587 1
12586 0
12585 1
12584 0
12583 1
12582 0
12581 1
12580 0
12579 1
12578 0
12577 1
12576 0
12575 1
12574 0
12573 1
12572 0
12571 1
12570 0
12569 1
12568 0
12567 1
12566 0
12565 1
12564 0
12563 1
12562 0
12561 1
12560 0
12559 1
12558 0
12557 1
12556 0
12555 1
12554 0
12553 1
12552 0
12551 1
12550 0
12549 1
12548 0
12547 1
12546 0
12545 1
12544 0
12543 1
12542 0
12541 1
12540 0
12539 1
12538 0
12537 1
12536 0
12535 1
12534 0
12533 1
12532 0
12531 1
12530 0
12529 1
12528 0
12527 1
12526 0
12525 1
12524 0
12523 1
12522 0
12521 1
12520 0
12519 1
12518 0
12517 1
12516 0
12515 1
12514 0
12513 1
12512 0
12511 1
12510 0
12509 1
12508 0
12507 1
12506 0
12505 1
12504 0
12503 1
12502 0
12501 1
12500 0
12499 1
12498 0
12497 1
12496 0
12495 1
12494 0
12493 1
12492 0
12491 1
12490 0
12489 1
12488 0
12487 1
12486 0
12485 1
12484 0
12483 1
12482 0
12481 1
12480 0
12479 1
12478 0
12477 1
12476 0
12475 1
12474 0
12473 1
12472 0
12471 1
12470 0
12469 1
12468 0
12467 1
12466 0
12465 1
12464 0
12463 1
12462 0
12461 1
12460 0
12459 1
12458 0
12457 1
12456 0
12455 1
12454 0
12453 1
12452 0
12451 1
12450 0
12449 1
12448 0
12447 1
12446 0
12445 1
12444 0
12443 1
12442 0
12441 1
12440 0
12439 1
12438 0
12437 1
12436 0
12435 1
12434 0
12433 1
12432 0
12431 1
12430 0
12429 1
12428 0
12427 1
12426 0
12425 1
12424 0
12423 1
12422 0
12421 1
12420 0
12419 1
12418 0
12417 1
12416 0
12415 1
12414 0
12413 1
12412 0
12411 1
12410 0
12409 1
12408 0
12407 1
12406 0
12405 1
12404 0
12403 1
12402 0
12401 1
12400 0
12399 1
12398 0
12397 1
12396 0
12395 1
12394 0
12393 1
12392 0
12391 1
12390 0
12389 1
12388 0
12387 1
12386 0
12385 1
12384 0
12383 1
12382 0
12381 1
12380 0
12379 1
12378 0
12377 1
12376 0
12375 1
12374 0
12373 1
12372 0
12371 1
12370 0
12369 1
12368 0
12367 1
12366 0
12365 1
12364 0
12363 1
12362 0
12361 1
12360 0
12359 1
12358 0
12357 1
12356 0
12355 1
12354 0
12353 1
12352 0
12351 1
12350 0
12349 1
12348 0
12347 1
12346 0
12345 1
12344 0
12343 1
12342 0
12341 1
12340 0
12339 1
12338 0
12337 1
12336 0
12335 1
12334 0
12333 1
12332 0
12331 1
12330 0
12329 1
12328 0
12327 1
12326 0
12325 1
12324 0
12323 1
12322 0
12321 1
12320 0
12319 1
12318 0
12317 1
12316 0
12315 1
12314 0
12313 1
12312 0
12311 1
12310 0
12309 1
12308 0
12307 1
12306 0
12305 1
12304 0
12303 1
12302 0
12301 1
12300 0
12299 1
12298 0
12297 1
12296 0
12295 1
12294 0
12293 1
12292 0
12291 1
12290 0
12289 1
12288 0
12287 1
12286 0
12285 1
12284 0
12283 1
12282 0
12281 1
12280 0
12279 1
12278 0
12277 1
12276 0
12275 1
12274 0
12273 1
12272 0
12271 1
12270 0
12269 1
12268 0
12267 1
12266 0
12265 1
12264 0
12263 1
12262 0
12261 1
12260 0
12259 1
12258 0
12257 1
12256 0
12255 1
12254 0
12253 1
12252 0
12251 1
12250 0
12249 1
12248 0
12247 1
12246 0
12245 1
12244 0
12243 1
12242 0
12241 1
12240 0
12239 1
12238 0
12237 1
12236 0
12235 1
12234 0
12233 1
12232 0
12231 1
12230 0
12229 1
12228 0
12227 1
12226 0
12225 1
12224 0
12223 1
12222 0
12221 1
12220 0
12219 1
12218 0
12217 1
12216 0
12215 1
12214 0
12213 1
12212 0
12211 1
12210 0
12209 1
12208 0
12207 1
12206 0
12205 1
12204 0
12203 1
12202 0
12201 1
12200 0
12199 1
12198 0
12197 1
12196 0
12195 1
12194 0
12193 1
12192 0
12191 1
12190 0
12189 1
12188 0
12187 1
12186 0
12185 1
12184 0
12183 1
12182 0
12181 1
12180 0
12179 1
12178 0
12177 1
12176 0
12175 1
12174 0
12173 1
12172 0
12171 1
12170 0
12169 1
12168 0
12167 1
12166 0
12165 1
12164 0
12163 1
12162 0
12161 1
12160 0
12159 1
12158 0
12157 1
12156 0
12155 1
12154 0
12153 1
12152 0
12151 1
12150 0
12149 1
12148 0
12147 1
12146 0
12145 1
12144 0
12143 1
12142 0
12141 1
12140 0
12139 1
12138 0
12137 1
12136 0
12135 1
12134 0
12133 1
12132 0
12131 1
12130 0
12129 1
12128 0
12127 1
12126 0
12125 1
12124 0
12123 1
12122 0
12121 1
12120 0
12119 1
12118 0
12117 1
12116 0
12115 1
12114 0
12113 1
12112 0
12111 1
12110 0
12109 1
12108 0
12107 1
12106 0
12105 1
12104 0
12103 1
12102 0
12101 1
12100 0
12099 1
12098 0
12097 1
12096 0
12095 1
12094 0
12093 1
12092 0
12091 1
12090 0
12089 1
12088 0
12087 1
12086 0
12085 1
12084 0
12083 1
12082 0
12081 1
12080 0
12079 1
12078 0
12077 1
12076 0
12075 1
12074 0
12073 1
12072 0
12071 1
12070 0
12069 1
12068 0
12067 1
12066 0
12065 1
12064 0
12063 1
12062 0
12061 1
12060 0
12059 1
12058 0
12057 1
12056 0
12055 1
12054 0
12053 1
12052 0
12051 1
12050 0
12049 1
12048 0
12047 1
12046 0
12045 1
12044 0
12043 1
12042 0
12041 1
12040 0
12039 1
12038 0
12037 1
12036 0
12035 1
12034 0
12033 1
12032 0
12031 1
12030 0
12029 1
12028 0
12027 1
12026 0
12025 1
12024 0
12023 1
12022 0
12021 1
12020 0
12019 1
12018 0
12017 1
12016 0
12015 1
12014 0
12013 1
12012 0
12011 1
12010 0
12009 1
12008 0
12007 1
12006 0
12005 1
12004 0
12003 1
12002 0
12001 1
12000 0
11999 1
11998 0
11997 1
11996 0
11995 1
11994 0
11993 1
11992 0
11991 1
11990 0
11989 1
11988 0
11987 1
11986 0
11985 1
11984 0
11983 1
11982 0
11981 1
11980 0
11979 1
11978 0
11977 1
11976 0
11975 1
11974 0
11973 1
11972 0
11971 1
11970 0
11969 1
11968 0
11967 1
11966 0
11965 1
11964 0
11963 1
11962 0
11961 1
11960 0
11959 1
11958 0
11957 1
11956 0
11955 1
11954 0
11953 1
11952 0
11951 1
11950 0
11949 1
11948 0
11947 1
11946 0
11945 1
11944 0
11943 1
11942 0
11941 1
11940 0
11939 1
11938 0
11937 1
11936 0
11935 1
11934 0
11933 1
11932 0
11931 1
11930 0
11929 1
11928 0
11927 1
11926 0
11925 1
11924 0
11923 1
11922 0
11921 1
11920 0
11919 1
11918 0
11917 1
11916 0
11915 1
11914 0
11913 1
11912 0
11911 1
11910 0
11909 1
11908 0
11907 1
11906 0
11905 1
11904 0
11903 1
11902 0
11901 1
11900 0
11899 1
11898 0
11897 1
11896 0
11895 1
11894 0
11893 1
11892 0
11891 1
11890 0
11889 1
11888 0
11887 1
11886 0
11885 1
11884 0
11883 1
11882 0
11881 1
11880 0
11879 1
11878 0
11877 1
11876 0
11875 1
11874 0
11873 1
11872 0
11871 1
11870 0
11869 1
11868 0
11867 1
11866 0
11865 1
11864 0
11863 1
11862 0
11861 1
11860 0
11859 1
11858 0
11857 1
11856 0
11855 1
11854 0
11853 1
11852 0
11851 1
11850 0
11849 1
11848 0
11847 1
11846 0
11845 1
11844 0
11843 1
11842 0
11841 1
11840 0
11839 1
11838 0
11837 1
11836 0
11835 1
11834 0
11833 1
11832 0
11831 1
11830 0
11829 1
11828 0
11827 1
11826 0
11825 1
11824 0
11823 1
11822 0
11821 1
11820 0
11819 1
11818 0
11817 1
11816 0
11815 1
11814 0
11813 1
11812 0
11811 1
11810 0
11809 1
11808 0
11807 1
11806 0
11805 1
11804 0
11803 1
11802 0
11801 1
11800 0
11799 1
11798 0
11797 1
11796 0
11795 1
11794 0
11793 1
11792 0
11791 1
11790 0
11789 1
11788 0
11787 1
11786 0
11785 1
11784 0
11783 1
11782 0
11781 1
11780 0
11779 1
11778 0
11777 1
11776 0
11775 1
11774 0
11773 1
11772 0
11771 1
11770 0
11769 1
11768 0
11767 1
11766 0
11765 1
11764 0
11763 1
11762 0
11761 1
11760 0
11759 1
11758 0
11757 1
11756 0
11755 1
11754 0
11753 1
11752 0
11751 1
11750 0
11749 1
11748 0
11747 1
11746 0
11745 1
11744 0
11743 1
11742 0
11741 1
11740 0
11739 1
11738 0
11737 1
11736 0
11735 1
11734 0
11733 1
11732 0
11731 1
11730 0
11729 1
11728 0
11727 1
11726 0
11725 1
11724 0
11723 1
11722 0
11721 1
11720 0
11719 1
11718 0
11717 1
11716 0
11715 1
11714 0
11713 1
11712 0
11711 1
11710 0
11709 1
11708 0
11707 1
11706 0
11705 1
11704 0
11703 1
11702 0
11701 1
11700 0
11699 1
11698 0
11697 1
11696 0
11695 1
11694 0
11693 1
11692 0
11691 1
11690 0
11689 1
11688 0
11687 1
11686 0
11685 1
11684 0
11683 1
11682 0
11681 1
11680 0
11679 1
11678 0
11677 1
11676 0
11675 1
11674 0
11673 1
11672 0
11671 1
11670 0
11669 1
11668 0
11667 1
11666 0
11665 1
11664 0
11663 1
11662 0
11661 1
11660 0
11659 1
11658 0
11657 1
11656 0
11655 1
11654 0
11653 1
11652 0
11651 1
11650 0
11649 1
11648 0
11647 1
11646 0
11645 1
11644 0
11643 1
11642 0
11641 1
11640 0
11639 1
11638 0
11637 1
11636 0
11635 1
11634 0
11633 1
11632 0
11631 1
11630 0
11629 1
11628 0
11627 1
11626 0
11625 1
11624 0
11623 1
11622 0
11621 1
11620 0
11619 1
11618 0
11617 1
11616 0
11615 1
11614 0
11613 1
11612 0
11611 1
11610 0
11609 1
11608 0
11607 1
11606 0
11605 1
11604 0
11603 1
11602 0
11601 1
11600 0
11599 1
11598 0
11597 1
11596 0
11595 1
11594 0
11593 1
11592 0
11591 1
11590 0
11589 1
11588 0
11587 1
11586 0
11585 1
11584 0
11583 1
11582 0
11581 1
11580 0
11579 1
11578 0
11577 1
11576 0
11575 1
11574 0
11573 1
11572 0
11571 1
11570 0
11569 1
11568 0
11567 1
11566 0
11565 1
11564 0
11563 1
11562 0
11561 1
11560 0
11559 1
11558 0
11557 1
11556 0
11555 1
11554 0
11553 1
11552 0
11551 1
11550 0
11549 1
11548 0
11547 1
11546 0
11545 1
11544 0
11543 1
11542 0
11541 1
11540 0
11539 1
11538 0
11537 1
11536 0
11535 1
11534 0
11533 1
11532 0
11531 1
11530 0
11529 1
11528 0
11527 1
11526 0
11525 1
11524 0
11523 1
11522 0
11521 1
11520 0
11519 1
11518 0
11517 1
11516 0
11515 1
11514 0
11513 1
11512 0
11511 1
11510 0
11509 1
11508 0
11507 1
11506 0
11505 1
11504 0
11503 1
11502 0
11501 1
11500 0
11499 1
11498 0
11497 1
11496 0
11495 1
11494 0
11493 1
11492 0
11491 1
11490 0
11489 1
11488 0
11487 1
11486 0
11485 1
11484 0
11483 1
11482 0
11481 1
11480 0
11479 1
11478 0
11477 1
11476 0
11475 1
11474 0
11473 1
11472 0
11471 1
11470 0
11469 1
11468 0
11467 1
11466 0
11465 1
11464 0
11463 1
11462 0
11461 1
11460 0
11459 1
11458 0
11457 1
11456 0
11455 1
11454 0
11453 1
11452 0
11451 1
11450 0
11449 1
11448 0
11447 1
11446 0
11445 1
11444 0
11443 1
11442 0
11441 1
11440 0
11439 1
11438 0
11437 1
11436 0
11435 1
11434 0
11433 1
11432 0
11431 1
11430 0
11429 1
11428 0
11427 1
11426 0
11425 1
11424 0
11423 1
11422 0
11421 1
11420 0
11419 1
11418 0
11417 1
11416 0
11415 1
11414 0
11413 1
11412 0
11411 1
11410 0
11409 1
11408 0
11407 1
11406 0
11405 1
11404 0
11403 1
11402 0
11401 1
11400 0
11399 1
11398 0
11397 1
11396 0
11395 1
11394 0
11393 1
11392 0
11391 1
11390 0
11389 1
11388 0
11387 1
11386 0
11385 1
11384 0
11383 1
11382 0
11381 1
11380 0
11379 1
11378 0
11377 1
11376 0
11375 1
11374 0
11373 1
11372 0
11371 1
11370 0
11369 1
11368 0
11367 1
11366 0
11365 1
11364 0
11363 1
11362 0
11361 1
11360 0
11359 1
11358 0
11357 1
11356 0
11355 1
11354 0
11353 1
11352 0
11351 1
11350 0
11349 1
11348 0
11347 1
11346 0
11345 1
11344 0
11343 1
11342 0
11341 1
11340 0
11339 1
11338 0
11337 1
11336 0
11335 1
11334 0
11333 1
11332 0
11331 1
11330 0
11329 1
11328 0
11327 1
11326 0
11325 1
11324 0
11323 1
11322 0
11321 1
11320 0
11319 1
11318 0
11317 1
11316 0
11315 1
11314 0
11313 1
11312 0
11311 1
11310 0
11309 1
11308 0
11307 1
11306 0
11305 1
11304 0
11303 1
11302 0
11301 1
11300 0
11299 1
11298 0
11297 1
11296 0
11295 1
11294 0
11293 1
11292 0
11291 1
11290 0
11289 1
11288 0
11287 1
11286 0
11285 1
11284 0
11283 1
11282 0
11281 1
11280 0
11279 1
11278 0
11277 1
11276 0
11275 1
11274 0
11273 1
11272 0
11271 1
11270 0
11269 1
11268 0
11267 1
11266 0
11265 1
11264 0
11263 1
11262 0
11261 1
11260 0
11259 1
11258 0
11257 1
11256 0
11255 1
11254 0
11253 1
11252 0
11251 1
11250 0
11249 1
11248 0
11247 1
11246 0
11245 1
11244 0
11243 1
11242 0
11241 1
11240 0
11239 1
11238 0
11237 1
11236 0
11235 1
11234 0
11233 1
11232 0
11231 1
11230 0
11229 1
11228 0
11227 1
11226 0
11225 1
11224 0
11223 1
11222 0
11221 1
11220 0
11219 1
11218 0
11217 1
11216 0
11215 1
11214 0
11213 1
11212 0
11211 1
11210 0
11209 1
11208 0
11207 1
11206 0
11205 1
11204 0
11203 1
11202 0
11201 1
11200 0
11199 1
11198 0
11197 1
11196 0
11195 1
11194 0
11193 1
11192 0
11191 1
11190 0
11189 1
11188 0
11187 1
11186 0
11185 1
11184 0
11183 1
11182 0
11181 1
11180 0
11179 1
11178 0
11177 1
11176 0
11175 1
11174 0
11173 1
11172 0
11171 1
11170 0
11169 1
11168 0
11167 1
11166 0
11165 1
11164 0
11163 1
11162 0
11161 1
11160 0
11159 1
11158 0
11157 1
11156 0
11155 1
11154 0
11153 1
11152 0
11151 1
11150 0
11149 1
11148 0
11147 1
11146 0
11145 1
11144 0
11143 1
11142 0
11141 1
11140 0
11139 1
11138 0
11137 1
11136 0
11135 1
11134 0
11133 1
11132 0
11131 1
11130 0
11129 1
11128 0
11127 1
11126 0
11125 1
11124 0
11123 1
11122 0
11121 1
11120 0
11119 1
11118 0
11117 1
11116 0
11115 1
11114 0
11113 1
11112 0
11111 1
11110 0
11109 1
11108 0
11107 1
11106 0
11105 1
11104 0
11103 1
11102 0
11101 1
11100 0
11099 1
11098 0
11097 1
11096 0
11095 1
11094 0
11093 1
11092 0
11091 1
11090 0
11089 1
11088 0
11087 1
11086 0
11085 1
11084 0
11083 1
11082 0
11081 1
11080 0
11079 1
11078 0
11077 1
11076 0
11075 1
11074 0
11073 1
11072 0
11071 1
11070 0
11069 1
11068 0
11067 1
11066 0
11065 1
11064 0
11063 1
11062 0
11061 1
11060 0
11059 1
11058 0
11057 1
11056 0
11055 1
11054 0
11053 1
11052 0
11051 1
11050 0
11049 1
11048 0
11047 1
11046 0
11045 1
11044 0
11043 1
11042 0
11041 1
11040 0
11039 1
11038 0
11037 1
11036 0
11035 1
11034 0
11033 1
11032 0
11031 1
11030 0
11029 1
11028 0
11027 1
11026 0
11025 1
11024 0
11023 1
11022 0
11021 1
11020 0
11019 1
11018 0
11017 1
11016 0
11015 1
11014 0
11013 1
11012 0
11011 1
11010 0
11009 1
11008 0
11007 1
11006 0
11005 1
11004 0
11003 1
11002 0
11001 1
11000 0
10999 1
10998 0
10997 1
10996 0
10995 1
10994 0
10993 1
10992 0
10991 1
10990 0
10989 1
10988 0
10987 1
10986 0
10985 1
10984 0
10983 1
10982 0
10981 1
10980 0
10979 1
10978 0
10977 1
10976 0
10975 1
10974 0
10973 1
10972 0
10971 1
10970 0
10969 1
10968 0
10967 1
10966 0
10965 1
10964 0
10963 1
10962 0
10961 1
10960 0
10959 1
10958 0
10957 1
10956 0
10955 1
10954 0
10953 1
10952 0
10951 1
10950 0
10949 1
10948 0
10947 1
10946 0
10945 1
10944 0
10943 1
10942 0
10941 1
10940 0
10939 1
10938 0
10937 1
10936 0
10935 1
10934 0
10933 1
10932 0
10931 1
10930 0
10929 1
10928 0
10927 1
10926 0
10925 1
10924 0
10923 1
10922 0
10921 1
10920 0
10919 1
10918 0
10917 1
10916 0
10915 1
10914 0
10913 1
10912 0
10911 1
10910 0
10909 1
10908 0
10907 1
10906 0
10905 1
10904 0
10903 1
10902 0
10901 1
10900 0
10899 1
10898 0
10897 1
10896 0
10895 1
10894 0
10893 1
10892 0
10891 1
10890 0
10889 1
10888 0
10887 1
10886 0
10885 1
10884 0
10883 1
10882 0
10881 1
10880 0
10879 1
10878 0
10877 1
10876 0
10875 1
10874 0
10873 1
10872 0
10871 1
10870 0
10869 1
10868 0
10867 1
10866 0
10865 1
10864 0
10863 1
10862 0
10861 1
10860 0
10859 1
10858 0
10857 1
10856 0
10855 1
10854 0
10853 1
10852 0
10851 1
10850 0
10849 1
10848 0
10847 1
10846 0
10845 1
10844 0
10843 1
10842 0
10841 1
10840 0
10839 1
10838 0
10837 1
10836 0
10835 1
10834 0
10833 1
10832 0
10831 1
10830 0
10829 1
10828 0
10827 1
10826 0
10825 1
10824 0
10823 1
10822 0
10821 1
10820 0
10819 1
10818 0
10817 1
10816 0
10815 1
10814 0
10813 1
10812 0
10811 1
10810 0
10809 1
10808 0
10807 1
10806 0
10805 1
10804 0
10803 1
10802 0
10801 1
10800 0
10799 1
10798 0
10797 1
10796 0
10795 1
10794 0
10793 1
10792 0
10791 1
10790 0
10789 1
10788 0
10787 1
10786 0
10785 1
10784 0
10783 1
10782 0
10781 1
10780 0
10779 1
10778 0
10777 1
10776 0
10775 1
10774 0
10773 1
10772 0
10771 1
10770 0
10769 1
10768 0
10767 1
10766 0
10765 1
10764 0
10763 1
10762 0
10761 1
10760 0
10759 1
10758 0
10757 1
10756 0
10755 1
10754 0
10753 1
10752 0
10751 1
10750 0
10749 1
10748 0
10747 1
10746 0
10745 1
10744 0
10743 1
10742 0
10741 1
10740 0
10739 1
10738 0
10737 1
10736 0
10735 1
10734 0
10733 1
10732 0
10731 1
10730 0
10729 1
10728 0
10727 1
10726 0
10725 1
10724 0
10723 1
10722 0
10721 1
10720 0
10719 1
10718 0
10717 1
10716 0
10715 1
10714 0
10713 1
10712 0
10711 1
10710 0
10709 1
10708 0
10707 1
10706 0
10705 1
10704 0
10703 1
10702 0
10701 1
10700 0
10699 1
10698 0
10697 1
10696 0
10695 1
10694 0
10693 1
10692 0
10691 1
10690 0
10689 1
10688 0
10687 1
10686 0
10685 1
10684 0
10683 1
10682 0
10681 1
10680 0
10679 1
10678 0
10677 1
10676 0
10675 1
10674 0
10673 1
10672 0
10671 1
10670 0
10669 1
10668 0
10667 1
10666 0
10665 1
10664 0
10663 1
10662 0
10661 1
10660 0
10659 1
10658 0
10657 1
10656 0
10655 1
10654 0
10653 1
10652 0
10651 1
10650 0
10649 1
10648 0
10647 1
10646 0
10645 1
10644 0
10643 1
10642 0
10641 1
10640 0
10639 1
10638 0
10637 1
10636 0
10635 1
10634 0
10633 1
10632 0
10631 1
10630 0
10629 1
10628 0
10627 1
10626 0
10625 1
10624 0
10623 1
10622 0
10621 1
10620 0
10619 1
10618 0
10617 1
10616 0
10615 1
10614 0
10613 1
10612 0
10611 1
10610 0
10609 1
10608 0
10607 1
10606 0
10605 1
10604 0
10603 1
10602 0
10601 1
10600 0
10599 1
10598 0
10597 1
10596 0
10595 1
10594 0
10593 1
10592 0
10591 1
10590 0
10589 1
10588 0
10587 1
10586 0
10585 1
10584 0
10583 1
10582 0
10581 1
10580 0
10579 1
10578 0
10577 1
10576 0
10575 1
10574 0
10573 1
10572 0
10571 1
10570 0
10569 1
10568 0
10567 1
10566 0
10565 1
10564 0
10563 1
10562 0
10561 1
10560 0
10559 1
10558 0
10557 1
10556 0
10555 1
10554 0
10553 1
10552 0
10551 1
10550 0
10549 1
10548 0
10547 1
10546 0
10545 1
10544 0
10543 1
10542 0
10541 1
10540 0
10539 1
10538 0
10537 1
10536 0
10535 1
10534 0
10533 1
10532 0
10531 1
10530 0
10529 1
10528 0
10527 1
10526 0
10525 1
10524 0
10523 1
10522 0
10521 1
10520 0
10519 1
10518 0
10517 1
10516 0
10515 1
10514 0
10513 1
10512 0
10511 1
10510 0
10509 1
10508 0
10507 1
10506 0
10505 1
10504 0
10503 1
10502 0
10501 1
10500 0
10499 1
10498 0
10497 1
10496 0
10495 1
10494 0
10493 1
10492 0
10491 1
10490 0
10489 1
10488 0
10487 1
10486 0
10485 1
10484 0
10483 1
10482 0
10481 1
10480 0
10479 1
10478 0
10477 1
10476 0
10475 1
10474 0
10473 1
10472 0
10471 1
10470 0
10469 1
10468 0
10467 1
10466 0
10465 1
10464 0
10463 1
10462 0
10461 1
10460 0
10459 1
10458 0
10457 1
10456 0
10455 1
10454 0
10453 1
10452 0
10451 1
10450 0
10449 1
10448 0
10447 1
10446 0
10445 1
10444 0
10443 1
10442 0
10441 1
10440 0
10439 1
10438 0
10437 1
10436 0
10435 1
10434 0
10433 1
10432 0
10431 1
10430 0
10429 1
10428 0
10427 1
10426 0
10425 1
10424 0
10423 1
10422 0
10421 1
10420 0
10419 1
10418 0
10417 1
10416 0
10415 1
10414 0
10413 1
10412 0
10411 1
10410 0
10409 1
10408 0
10407 1
10406 0
10405 1
10404 0
10403 1
10402 0
10401 1
10400 0
10399 1
10398 0
10397 1
10396 0
10395 1
10394 0
10393 1
10392 0
10391 1
10390 0
10389 1
10388 0
10387 1
10386 0
10385 1
10384 0
10383 1
10382 0
10381 1
10380 0
10379 1
10378 0
10377 1
10376 0
10375 1
10374 0
10373 1
10372 0
10371 1
10370 0
10369 1
10368 0
10367 1
10366 0
10365 1
10364 0
10363 1
10362 0
10361 1
10360 0
10359 1
10358 0
10357 1
10356 0
10355 1
10354 0
10353 1
10352 0
10351 1
10350 0
10349 1
10348 0
10347 1
10346 0
10345 1
10344 0
10343 1
10342 0
10341 1
10340 0
10339 1
10338 0
10337 1
10336 0
10335 1
10334 0
10333 1
10332 0
10331 1
10330 0
10329 1
10328 0
10327 1
10326 0
10325 1
10324 0
10323 1
10322 0
10321 1
10320 0
10319 1
10318 0
10317 1
10316 0
10315 1
10314 0
10313 1
10312 0
10311 1
10310 0
10309 1
10308 0
10307 1
10306 0
10305 1
10304 0
10303 1
10302 0
10301 1
10300 0
10299 1
10298 0
10297 1
10296 0
10295 1
10294 0
10293 1
10292 0
10291 1
10290 0
10289 1
10288 0
10287 1
10286 0
10285 1
10284 0
10283 1
10282 0
10281 1
10280 0
10279 1
10278 0
10277 1
10276 0
10275 1
10274 0
10273 1
10272 0
10271 1
10270 0
10269 1
10268 0
10267 1
10266 0
10265 1
10264 0
10263 1
10262 0
10261 1
10260 0
10259 1
10258 0
10257 1
10256 0
10255 1
10254 0
10253 1
10252 0
10251 1
10250 0
10249 1
10248 0
10247 1
10246 0
10245 1
10244 0
10243 1
10242 0
10241 1
10240 0
10239 1
10238 0
10237 1
10236 0
10235 1
10234 0
10233 1
10232 0
10231 1
10230 0
10229 1
10228 0
10227 1
10226 0
10225 1
10224 0
10223 1
10222 0
10221 1
10220 0
10219 1
10218 0
10217 1
10216 0
10215 1
10214 0
10213 1
10212 0
10211 1
10210 0
10209 1
10208 0
10207 1
10206 0
10205 1
10204 0
10203 1
10202 0
10201 1
10200 0
10199 1
10198 0
10197 1
10196 0
10195 1
10194 0
10193 1
10192 0
10191 1
10190 0
10189 1
10188 0
10187 1
10186 0
10185 1
10184 0
10183 1
10182 0
10181 1
10180 0
10179 1
10178 0
10177 1
10176 0
10175 1
10174 0
10173 1
10172 0
10171 1
10170 0
10169 1
10168 0
10167 1
10166 0
10165 1
10164 0
10163 1
10162 0
10161 1
10160 0
10159 1
10158 0
10157 1
10156 0
10155 1
10154 0
10153 1
10152 0
10151 1
10150 0
10149 1
10148 0
10147 1
10146 0
10145 1
10144 0
10143 1
10142 0
10141 1
10140 0
10139 1
10138 0
10137 1
10136 0
10135 1
10134 0
10133 1
10132 0
10131 1
10130 0
10129 1
10128 0
10127 1
10126 0
10125 1
10124 0
10123 1
10122 0
10121 1
10120 0
10119 1
10118 0
10117 1
10116 0
10115 1
10114 0
10113 1
10112 0
10111 1
10110 0
10109 1
10108 0
10107 1
10106 0
10105 1
10104 0
10103 1
10102 0
10101 1
10100 0
10099 1
10098 0
10097 1
10096 0
10095 1
10094 0
10093 1
10092 0
10091 1
10090 0
10089 1
10088 0
10087 1
10086 0
10085 1
10084 0
10083 1
10082 0
10081 1
10080 0
10079 1
10078 0
10077 1
10076 0
10075 1
10074 0
10073 1
10072 0
10071 1
10070 0
10069 1
10068 0
10067 1
10066 0
10065 1
10064 0
10063 1
10062 0
10061 1
10060 0
10059 1
10058 0
10057 1
10056 0
10055 1
10054 0
10053 1
10052 0
10051 1
10050 0
10049 1
10048 0
10047 1
10046 0
10045 1
10044 0
10043 1
10042 0
10041 1
10040 0
10039 1
10038 0
10037 1
10036 0
10035 1
10034 0
10033 1
10032 0
10031 1
10030 0
10029 1
10028 0
10027 1
10026 0
10025 1
10024 0
10023 1
10022 0
10021 1
10020 0
10019 1
10018 0
10017 1
10016 0
10015 1
10014 0
10013 1
10012 0
10011 1
10010 0
10009 1
10008 0
10007 1
10006 0
10005 1
10004 0
10003 1
10002 0
10001 1
10000 0
9999 1
9998 0
9997 1
9996 0
9995 1
9994 0
9993 1
9992 0
9991 1
9990 0
9989 1
9988 0
9987 1
9986 0
9985 1
9984 0
9983 1
9982 0
9981 1
9980 0
9979 1
9978 0
9977 1
9976 0
9975 1
9974 0
9973 1
9972 0
9971 1
9970 0
9969 1
9968 0
9967 1
9966 0
9965 1
9964 0
9963 1
9962 0
9961 1
9960 0
9959 1
9958 0
9957 1
9956 0
9955 1
9954 0
9953 1
9952 0
9951 1
9950 0
9949 1
9948 0
9947 1
9946 0
9945 1
9944 0
9943 1
9942 0
9941 1
9940 0
9939 1
9938 0
9937 1
9936 0
9935 1
9934 0
9933 1
9932 0
9931 1
9930 0
9929 1
9928 0
9927 1
9926 0
9925 1
9924 0
9923 1
9922 0
9921 1
9920 0
9919 1
9918 0
9917 1
9916 0
9915 1
9914 0
9913 1
9912 0
9911 1
9910 0
9909 1
9908 0
9907 1
9906 0
9905 1
9904 0
9903 1
9902 0
9901 1
9900 0
9899 1
9898 0
9897 1
9896 0
9895 1
9894 0
9893 1
9892 0
9891 1
9890 0
9889 1
9888 0
9887 1
9886 0
9885 1
9884 0
9883 1
9882 0
9881 1
9880 0
9879 1
9878 0
9877 1
9876 0
9875 1
9874 0
9873 1
9872 0
9871 1
9870 0
9869 1
9868 0
9867 1
9866 0
9865 1
9864 0
9863 1
9862 0
9861 1
9860 0
9859 1
9858 0
9857 1
9856 0
9855 1
9854 0
9853 1
9852 0
9851 1
9850 0
9849 1
9848 0
9847 1
9846 0
9845 1
9844 0
9843 1
9842 0
9841 1
9840 0
9839 1
9838 0
9837 1
9836 0
9835 1
9834 0
9833 1
9832 0
9831 1
9830 0
9829 1
9828 0
9827 1
9826 0
9825 1
9824 0
9823 1
9822 0
9821 1
9820 0
9819 1
9818 0
9817 1
9816 0
9815 1
9814 0
9813 1
9812 0
9811 1
9810 0
9809 1
9808 0
9807 1
9806 0
9805 1
9804 0
9803 1
9802 0
9801 1
9800 0
9799 1
9798 0
9797 1
9796 0
9795 1
9794 0
9793 1
9792 0
9791 1
9790 0
9789 1
9788 0
9787 1
9786 0
9785 1
9784 0
9783 1
9782 0
9781 1
9780 0
9779 1
9778 0
9777 1
9776 0
9775 1
9774 0
9773 1
9772 0
9771 1
9770 0
9769 1
9768 0
9767 1
9766 0
9765 1
9764 0
9763 1
9762 0
9761 1
9760 0
9759 1
9758 0
9757 1
9756 0
9755 1
9754 0
9753 1
9752 0
9751 1
9750 0
9749 1
9748 0
9747 1
9746 0
9745 1
9744 0
9743 1
9742 0
9741 1
9740 0
9739 1
9738 0
9737 1
9736 0
9735 1
9734 0
9733 1
9732 0
9731 1
9730 0
9729 1
9728 0
9727 1
9726 0
9725 1
9724 0
9723 1
9722 0
9721 1
9720 0
9719 1
9718 0
9717 1
9716 0
9715 1
9714 0
9713 1
9712 0
9711 1
9710 0
9709 1
9708 0
9707 1
9706 0
9705 1
9704 0
9703 1
9702 0
9701 1
9700 0
9699 1
9698 0
9697 1
9696 0
9695 1
9694 0
9693 1
9692 0
9691 1
9690 0
9689 1
9688 0
9687 1
9686 0
9685 1
9684 0
9683 1
9682 0
9681 1
9680 0
9679 1
9678 0
9677 1
9676 0
9675 1
9674 0
9673 1
9672 0
9671 1
9670 0
9669 1
9668 0
9667 1
9666 0
9665 1
9664 0
9663 1
9662 0
9661 1
9660 0
9659 1
9658 0
9657 1
9656 0
9655 1
9654 0
9653 1
9652 0
9651 1
9650 0
9649 1
9648 0
9647 1
9646 0
9645 1
9644 0
9643 1
9642 0
9641 1
9640 0
9639 1
9638 0
9637 1
9636 0
9635 1
9634 0
9633 1
9632 0
9631 1
9630 0
9629 1
9628 0
9627 1
9626 0
9625 1
9624 0
9623 1
9622 0
9621 1
9620 0
9619 1
9618 0
9617 1
9616 0
9615 1
9614 0
9613 1
9612 0
9611 1
9610 0
9609 1
9608 0
9607 1
9606 0
9605 1
9604 0
9603 1
9602 0
9601 1
9600 0
9599 1
9598 0
9597 1
9596 0
9595 1
9594 0
9593 1
9592 0
9591 1
9590 0
9589 1
9588 0
9587 1
9586 0
9585 1
9584 0
9583 1
9582 0
9581 1
9580 0
9579 1
9578 0
9577 1
9576 0
9575 1
9574 0
9573 1
9572 0
9571 1
9570 0
9569 1
9568 0
9567 1
9566 0
9565 1
9564 0
9563 1
9562 0
9561 1
9560 0
9559 1
9558 0
9557 1
9556 0
9555 1
9554 0
9553 1
9552 0
9551 1
9550 0
9549 1
9548 0
9547 1
9546 0
9545 1
9544 0
9543 1
9542 0
9541 1
9540 0
9539 1
9538 0
9537 1
9536 0
9535 1
9534 0
9533 1
9532 0
9531 1
9530 0
9529 1
9528 0
9527 1
9526 0
9525 1
9524 0
9523 1
9522 0
9521 1
9520 0
9519 1
9518 0
9517 1
9516 0
9515 1
9514 0
9513 1
9512 0
9511 1
9510 0
9509 1
9508 0
9507 1
9506 0
9505 1
9504 0
9503 1
9502 0
9501 1
9500 0
9499 1
9498 0
9497 1
9496 0
9495 1
9494 0
9493 1
9492 0
9491 1
9490 0
9489 1
9488 0
9487 1
9486 0
9485 1
9484 0
9483 1
9482 0
9481 1
9480 0
9479 1
9478 0
9477 1
9476 0
9475 1
9474 0
9473 1
9472 0
9471 1
9470 0
9469 1
9468 0
9467 1
9466 0
9465 1
9464 0
9463 1
9462 0
9461 1
9460 0
9459 1
9458 0
9457 1
9456 0
9455 1
9454 0
9453 1
9452 0
9451 1
9450 0
9449 1
9448 0
9447 1
9446 0
9445 1
9444 0
9443 1
9442 0
9441 1
9440 0
9439 1
9438 0
9437 1
9436 0
9435 1
9434 0
9433 1
9432 0
9431 1
9430 0
9429 1
9428 0
9427 1
9426 0
9425 1
9424 0
9423 1
9422 0
9421 1
9420 0
9419 1
9418 0
9417 1
9416 0
9415 1
9414 0
9413 1
9412 0
9411 1
9410 0
9409 1
9408 0
9407 1
9406 0
9405 1
9404 0
9403 1
9402 0
9401 1
9400 0
9399 1
9398 0
9397 1
9396 0
9395 1
9394 0
9393 1
9392 0
9391 1
9390 0
9389 1
9388 0
9387 1
9386 0
9385 1
9384 0
9383 1
9382 0
9381 1
9380 0
9379 1
9378 0
9377 1
9376 0
9375 1
9374 0
9373 1
9372 0
9371 1
9370 0
9369 1
9368 0
9367 1
9366 0
9365 1
9364 0
9363 1
9362 0
9361 1
9360 0
9359 1
9358 0
9357 1
9356 0
9355 1
9354 0
9353 1
9352 0
9351 1
9350 0
9349 1
9348 0
9347 1
9346 0
9345 1
9344 0
9343 1
9342 0
9341 1
9340 0
9339 1
9338 0
9337 1
9336 0
9335 1
9334 0
9333 1
9332 0
9331 1
9330 0
9329 1
9328 0
9327 1
9326 0
9325 1
9324 0
9323 1
9322 0
9321 1
9320 0
9319 1
9318 0
9317 1
9316 0
9315 1
9314 0
9313 1
9312 0
9311 1
9310 0
9309 1
9308 0
9307 1
9306 0
9305 1
9304 0
9303 1
9302 0
9301 1
9300 0
9299 1
9298 0
9297 1
9296 0
9295 1
9294 0
9293 1
9292 0
9291 1
9290 0
9289 1
9288 0
9287 1
9286 0
9285 1
9284 0
9283 1
9282 0
9281 1
9280 0
9279 1
9278 0
9277 1
9276 0
9275 1
9274 0
9273 1
9272 0
9271 1
9270 0
9269 1
9268 0
9267 1
9266 0
9265 1
9264 0
9263 1
9262 0
9261 1
9260 0
9259 1
9258 0
9257 1
9256 0
9255 1
9254 0
9253 1
9252 0
9251 1
9250 0
9249 1
9248 0
9247 1
9246 0
9245 1
9244 0
9243 1
9242 0
9241 1
9240 0
9239 1
9238 0
9237 1
9236 0
9235 1
9234 0
9233 1
9232 0
9231 1
9230 0
9229 1
9228 0
9227 1
9226 0
9225 1
9224 0
9223 1
9222 0
9221 1
9220 0
9219 1
9218 0
9217 1
9216 0
9215 1
9214 0
9213 1
9212 0
9211 1
9210 0
9209 1
9208 0
9207 1
9206 0
9205 1
9204 0
9203 1
9202 0
9201 1
9200 0
9199 1
9198 0
9197 1
9196 0
9195 1
9194 0
9193 1
9192 0
9191 1
9190 0
9189 1
9188 0
9187 1
9186 0
9185 1
9184 0
9183 1
9182 0
9181 1
9180 0
9179 1
9178 0
9177 1
9176 0
9175 1
9174 0
9173 1
9172 0
9171 1
9170 0
9169 1
9168 0
9167 1
9166 0
9165 1
9164 0
9163 1
9162 0
9161 1
9160 0
9159 1
9158 0
9157 1
9156 0
9155 1
9154 0
9153 1
9152 0
9151 1
9150 0
9149 1
9148 0
9147 1
9146 0
9145 1
9144 0
9143 1
9142 0
9141 1
9140 0
9139 1
9138 0
9137 1
9136 0
9135 1
9134 0
9133 1
9132 0
9131 1
9130 0
9129 1
9128 0
9127 1
9126 0
9125 1
9124 0
9123 1
9122 0
9121 1
9120 0
9119 1
9118 0
9117 1
9116 0
9115 1
9114 0
9113 1
9112 0
9111 1
9110 0
9109 1
9108 0
9107 1
9106 0
9105 1
9104 0
9103 1
9102 0
9101 1
9100 0
9099 1
9098 0
9097 1
9096 0
9095 1
9094 0
9093 1
9092 0
9091 1
9090 0
9089 1
9088 0
9087 1
9086 0
9085 1
9084 0
9083 1
9082 0
9081 1
9080 0
9079 1
9078 0
9077 1
9076 0
9075 1
9074 0
9073 1
9072 0
9071 1
9070 0
9069 1
9068 0
9067 1
9066 0
9065 1
9064 0
9063 1
9062 0
9061 1
9060 0
9059 1
9058 0
9057 1
9056 0
9055 1
9054 0
9053 1
9052 0
9051 1
9050 0
9049 1
9048 0
9047 1
9046 0
9045 1
9044 0
9043 1
9042 0
9041 1
9040 0
9039 1
9038 0
9037 1
9036 0
9035 1
9034 0
9033 1
9032 0
9031 1
9030 0
9029 1
9028 0
9027 1
9026 0
9025 1
9024 0
9023 1
9022 0
9021 1
9020 0
9019 1
9018 0
9017 1
9016 0
9015 1
9014 0
9013 1
9012 0
9011 1
9010 0
9009 1
9008 0
9007 1
9006 0
9005 1
9004 0
9003 1
9002 0
9001 1
9000 0
8999 1
8998 0
8997 1
8996 0
8995 1
8994 0
8993 1
8992 0
8991 1
8990 0
8989 1
8988 0
8987 1
8986 0
8985 1
8984 0
8983 1
8982 0
8981 1
8980 0
8979 1
8978 0
8977 1
8976 0
8975 1
8974 0
8973 1
8972 0
8971 1
8970 0
8969 1
8968 0
8967 1
8966 0
8965 1
8964 0
8963 1
8962 0
8961 1
8960 0
8959 1
8958 0
8957 1
8956 0
8955 1
8954 0
8953 1
8952 0
8951 1
8950 0
8949 1
8948 0
8947 1
8946 0
8945 1
8944 0
8943 1
8942 0
8941 1
8940 0
8939 1
8938 0
8937 1
8936 0
8935 1
8934 0
8933 1
8932 0
8931 1
8930 0
8929 1
8928 0
8927 1
8926 0
8925 1
8924 0
8923 1
8922 0
8921 1
8920 0
8919 1
8918 0
8917 1
8916 0
8915 1
8914 0
8913 1
8912 0
8911 1
8910 0
8909 1
8908 0
8907 1
8906 0
8905 1
8904 0
8903 1
8902 0
8901 1
8900 0
8899 1
8898 0
8897 1
8896 0
8895 1
8894 0
8893 1
8892 0
8891 1
8890 0
8889 1
8888 0
8887 1
8886 0
8885 1
8884 0
8883 1
8882 0
8881 1
8880 0
8879 1
8878 0
8877 1
8876 0
8875 1
8874 0
8873 1
8872 0
8871 1
8870 0
8869 1
8868 0
8867 1
8866 0
8865 1
8864 0
8863 1
8862 0
8861 1
8860 0
8859 1
8858 0
8857 1
8856 0
8855 1
8854 0
8853 1
8852 0
8851 1
8850 0
8849 1
8848 0
8847 1
8846 0
8845 1
8844 0
8843 1
8842 0
8841 1
8840 0
8839 1
8838 0
8837 1
8836 0
8835 1
8834 0
8833 1
8832 0
8831 1
8830 0
8829 1
8828 0
8827 1
8826 0
8825 1
8824 0
8823 1
8822 0
8821 1
8820 0
8819 1
8818 0
8817 1
8816 0
8815 1
8814 0
8813 1
8812 0
8811 1
8810 0
8809 1
8808 0
8807 1
8806 0
8805 1
8804 0
8803 1
8802 0
8801 1
8800 0
8799 1
8798 0
8797 1
8796 0
8795 1
8794 0
8793 1
8792 0
8791 1
8790 0
8789 1
8788 0
8787 1
8786 0
8785 1
8784 0
8783 1
8782 0
8781 1
8780 0
8779 1
8778 0
8777 1
8776 0
8775 1
8774 0
8773 1
8772 0
8771 1
8770 0
8769 1
8768 0
8767 1
8766 0
8765 1
8764 0
8763 1
8762 0
8761 1
8760 0
8759 1
8758 0
8757 1
8756 0
8755 1
8754 0
8753 1
8752 0
8751 1
8750 0
8749 1
8748 0
8747 1
8746 0
8745 1
8744 0
8743 1
8742 0
8741 1
8740 0
8739 1
8738 0
8737 1
8736 0
8735 1
8734 0
8733 1
8732 0
8731 1
8730 0
8729 1
8728 0
8727 1
8726 0
8725 1
8724 0
8723 1
8722 0
8721 1
8720 0
8719 1
8718 0
8717 1
8716 0
8715 1
8714 0
8713 1
8712 0
8711 1
8710 0
8709 1
8708 0
8707 1
8706 0
8705 1
8704 0
8703 1
8702 0
8701 1
8700 0
8699 1
8698 0
8697 1
8696 0
8695 1
8694 0
8693 1
8692 0
8691 1
8690 0
8689 1
8688 0
8687 1
8686 0
8685 1
8684 0
8683 1
8682 0
8681 1
8680 0
8679 1
8678 0
8677 1
8676 0
8675 1
8674 0
8673 1
8672 0
8671 1
8670 0
8669 1
8668 0
8667 1
8666 0
8665 1
8664 0
8663 1
8662 0
8661 1
8660 0
8659 1
8658 0
8657 1
8656 0
8655 1
8654 0
8653 1
8652 0
8651 1
8650 0
8649 1
8648 0
8647 1
8646 0
8645 1
8644 0
8643 1
8642 0
8641 1
8640 0
8639 1
8638 0
8637 1
8636 0
8635 1
8634 0
8633 1
8632 0
8631 1
8630 0
8629 1
8628 0
8627 1
8626 0
8625 1
8624 0
8623 1
8622 0
8621 1
8620 0
8619 1
8618 0
8617 1
8616 0
8615 1
8614 0
8613 1
8612 0
8611 1
8610 0
8609 1
8608 0
8607 1
8606 0
8605 1
8604 0
8603 1
8602 0
8601 1
8600 0
8599 1
8598 0
8597 1
8596 0
8595 1
8594 0
8593 1
8592 0
8591 1
8590 0
8589 1
8588 0
8587 1
8586 0
8585 1
8584 0
8583 1
8582 0
8581 1
8580 0
8579 1
8578 0
8577 1
8576 0
8575 1
8574 0
8573 1
8572 0
8571 1
8570 0
8569 1
8568 0
8567 1
8566 0
8565 1
8564 0
8563 1
8562 0
8561 1
8560 0
8559 1
8558 0
8557 1
8556 0
8555 1
8554 0
8553 1
8552 0
8551 1
8550 0
8549 1
8548 0
8547 1
8546 0
8545 1
8544 0
8543 1
8542 0
8541 1
8540 0
8539 1
8538 0
8537 1
8536 0
8535 1
8534 0
8533 1
8532 0
8531 1
8530 0
8529 1
8528 0
8527 1
8526 0
8525 1
8524 0
8523 1
8522 0
8521 1
8520 0
8519 1
8518 0
8517 1
8516 0
8515 1
8514 0
8513 1
8512 0
8511 1
8510 0
8509 1
8508 0
8507 1
8506 0
8505 1
8504 0
8503 1
8502 0
8501 1
8500 0
8499 1
8498 0
8497 1
8496 0
8495 1
8494 0
8493 1
8492 0
8491 1
8490 0
8489 1
8488 0
8487 1
8486 0
8485 1
8484 0
8483 1
8482 0
8481 1
8480 0
8479 1
8478 0
8477 1
8476 0
8475 1
8474 0
8473 1
8472 0
8471 1
8470 0
8469 1
8468 0
8467 1
8466 0
8465 1
8464 0
8463 1
8462 0
8461 1
8460 0
8459 1
8458 0
8457 1
8456 0
8455 1
8454 0
8453 1
8452 0
8451 1
8450 0
8449 1
8448 0
8447 1
8446 0
8445 1
8444 0
8443 1
8442 0
8441 1
8440 0
8439 1
8438 0
8437 1
8436 0
8435 1
8434 0
8433 1
8432 0
8431 1
8430 0
8429 1
8428 0
8427 1
8426 0
8425 1
8424 0
8423 1
8422 0
8421 1
8420 0
8419 1
8418 0
8417 1
8416 0
8415 1
8414 0
8413 1
8412 0
8411 1
8410 0
8409 1
8408 0
8407 1
8406 0
8405 1
8404 0
8403 1
8402 0
8401 1
8400 0
8399 1
8398 0
8397 1
8396 0
8395 1
8394 0
8393 1
8392 0
8391 1
8390 0
8389 1
8388 0
8387 1
8386 0
8385 1
8384 0
8383 1
8382 0
8381 1
8380 0
8379 1
8378 0
8377 1
8376 0
8375 1
8374 0
8373 1
8372 0
8371 1
8370 0
8369 1
8368 0
8367 1
8366 0
8365 1
8364 0
8363 1
8362 0
8361 1
8360 0
8359 1
8358 0
8357 1
8356 0
8355 1
8354 0
8353 1
8352 0
8351 1
8350 0
8349 1
8348 0
8347 1
8346 0
8345 1
8344 0
8343 1
8342 0
8341 1
8340 0
8339 1
8338 0
8337 1
8336 0
8335 1
8334 0
8333 1
8332 0
8331 1
8330 0
8329 1
8328 0
8327 1
8326 0
8325 1
8324 0
8323 1
8322 0
8321 1
8320 0
8319 1
8318 0
8317 1
8316 0
8315 1
8314 0
8313 1
8312 0
8311 1
8310 0
8309 1
8308 0
8307 1
8306 0
8305 1
8304 0
8303 1
8302 0
8301 1
8300 0
8299 1
8298 0
8297 1
8296 0
8295 1
8294 0
8293 1
8292 0
8291 1
8290 0
8289 1
8288 0
8287 1
8286 0
8285 1
8284 0
8283 1
8282 0
8281 1
8280 0
8279 1
8278 0
8277 1
8276 0
8275 1
8274 0
8273 1
8272 0
8271 1
8270 0
8269 1
8268 0
8267 1
8266 0
8265 1
8264 0
8263 1
8262 0
8261 1
8260 0
8259 1
8258 0
8257 1
8256 0
8255 1
8254 0
8253 1
8252 0
8251 1
8250 0
8249 1
8248 0
8247 1
8246 0
8245 1
8244 0
8243 1
8242 0
8241 1
8240 0
8239 1
8238 0
8237 1
8236 0
8235 1
8234 0
8233 1
8232 0
8231 1
8230 0
8229 1
8228 0
8227 1
8226 0
8225 1
8224 0
8223 1
8222 0
8221 1
8220 0
8219 1
8218 0
8217 1
8216 0
8215 1
8214 0
8213 1
8212 0
8211 1
8210 0
8209 1
8208 0
8207 1
8206 0
8205 1
8204 0
8203 1
8202 0
8201 1
8200 0
8199 1
8198 0
8197 1
8196 0
8195 1
8194 0
8193 1
8192 0
8191 1
8190 0
8189 1
8188 0
8187 1
8186 0
8185 1
8184 0
8183 1
8182 0
8181 1
8180 0
8179 1
8178 0
8177 1
8176 0
8175 1
8174 0
8173 1
8172 0
8171 1
8170 0
8169 1
8168 0
8167 1
8166 0
8165 1
8164 0
8163 1
8162 0
8161 1
8160 0
8159 1
8158 0
8157 1
8156 0
8155 1
8154 0
8153 1
8152 0
8151 1
8150 0
8149 1
8148 0
8147 1
8146 0
8145 1
8144 0
8143 1
8142 0
8141 1
8140 0
8139 1
8138 0
8137 1
8136 0
8135 1
8134 0
8133 1
8132 0
8131 1
8130 0
8129 1
8128 0
8127 1
8126 0
8125 1
8124 0
8123 1
8122 0
8121 1
8120 0
8119 1
8118 0
8117 1
8116 0
8115 1
8114 0
8113 1
8112 0
8111 1
8110 0
8109 1
8108 0
8107 1
8106 0
8105 1
8104 0
8103 1
8102 0
8101 1
8100 0
8099 1
8098 0
8097 1
8096 0
8095 1
8094 0
8093 1
8092 0
8091 1
8090 0
8089 1
8088 0
8087 1
8086 0
8085 1
8084 0
8083 1
8082 0
8081 1
8080 0
8079 1
8078 0
8077 1
8076 0
8075 1
8074 0
8073 1
8072 0
8071 1
8070 0
8069 1
8068 0
8067 1
8066 0
8065 1
8064 0
8063 1
8062 0
8061 1
8060 0
8059 1
8058 0
8057 1
8056 0
8055 1
8054 0
8053 1
8052 0
8051 1
8050 0
8049 1
8048 0
8047 1
8046 0
8045 1
8044 0
8043 1
8042 0
8041 1
8040 0
8039 1
8038 0
8037 1
8036 0
8035 1
8034 0
8033 1
8032 0
8031 1
8030 0
8029 1
8028 0
8027 1
8026 0
8025 1
8024 0
8023 1
8022 0
8021 1
8020 0
8019 1
8018 0
8017 1
8016 0
8015 1
8014 0
8013 1
8012 0
8011 1
8010 0
8009 1
8008 0
8007 1
8006 0
8005 1
8004 0
8003 1
8002 0
8001 1
8000 0
7999 1
7998 0
7997 1
7996 0
7995 1
7994 0
7993 1
7992 0
7991 1
7990 0
7989 1
7988 0
7987 1
7986 0
7985 1
7984 0
7983 1
7982 0
7981 1
7980 0
7979 1
7978 0
7977 1
7976 0
7975 1
7974 0
7973 1
7972 0
7971 1
7970 0
7969 1
7968 0
7967 1
7966 0
7965 1
7964 0
7963 1
7962 0
7961 1
7960 0
7959 1
7958 0
7957 1
7956 0
7955 1
7954 0
7953 1
7952 0
7951 1
7950 0
7949 1
7948 0
7947 1
7946 0
7945 1
7944 0
7943 1
7942 0
7941 1
7940 0
7939 1
7938 0
7937 1
7936 0
7935 1
7934 0
7933 1
7932 0
7931 1
7930 0
7929 1
7928 0
7927 1
7926 0
7925 1
7924 0
7923 1
7922 0
7921 1
7920 0
7919 1
7918 0
7917 1
7916 0
7915 1
7914 0
7913 1
7912 0
7911 1
7910 0
7909 1
7908 0
7907 1
7906 0
7905 1
7904 0
7903 1
7902 0
7901 1
7900 0
7899 1
7898 0
7897 1
7896 0
7895 1
7894 0
7893 1
7892 0
7891 1
7890 0
7889 1
7888 0
7887 1
7886 0
7885 1
7884 0
7883 1
7882 0
7881 1
7880 0
7879 1
7878 0
7877 1
7876 0
7875 1
7874 0
7873 1
7872 0
7871 1
7870 0
7869 1
7868 0
7867 1
7866 0
7865 1
7864 0
7863 1
7862 0
7861 1
7860 0
7859 1
7858 0
7857 1
7856 0
7855 1
7854 0
7853 1
7852 0
7851 1
7850 0
7849 1
7848 0
7847 1
7846 0
7845 1
7844 0
7843 1
7842 0
7841 1
7840 0
7839 1
7838 0
7837 1
7836 0
7835 1
7834 0
7833 1
7832 0
7831 1
7830 0
7829 1
7828 0
7827 1
7826 0
7825 1
7824 0
7823 1
7822 0
7821 1
7820 0
7819 1
7818 0
7817 1
7816 0
7815 1
7814 0
7813 1
7812 0
7811 1
7810 0
7809 1
7808 0
7807 1
7806 0
7805 1
7804 0
7803 1
7802 0
7801 1
7800 0
7799 1
7798 0
7797 1
7796 0
7795 1
7794 0
7793 1
7792 0
7791 1
7790 0
7789 1
7788 0
7787 1
7786 0
7785 1
7784 0
7783 1
7782 0
7781 1
7780 0
7779 1
7778 0
7777 1
7776 0
7775 1
7774 0
7773 1
7772 0
7771 1
7770 0
7769 1
7768 0
7767 1
7766 0
7765 1
7764 0
7763 1
7762 0
7761 1
7760 0
7759 1
7758 0
7757 1
7756 0
7755 1
7754 0
7753 1
7752 0
7751 1
7750 0
7749 1
7748 0
7747 1
7746 0
7745 1
7744 0
7743 1
7742 0
7741 1
7740 0
7739 1
7738 0
7737 1
7736 0
7735 1
7734 0
7733 1
7732 0
7731 1
7730 0
7729 1
7728 0
7727 1
7726 0
7725 1
7724 0
7723 1
7722 0
7721 1
7720 0
7719 1
7718 0
7717 1
7716 0
7715 1
7714 0
7713 1
7712 0
7711 1
7710 0
7709 1
7708 0
7707 1
7706 0
7705 1
7704 0
7703 1
7702 0
7701 1
7700 0
7699 1
7698 0
7697 1
7696 0
7695 1
7694 0
7693 1
7692 0
7691 1
7690 0
7689 1
7688 0
7687 1
7686 0
7685 1
7684 0
7683 1
7682 0
7681 1
7680 0
7679 1
7678 0
7677 1
7676 0
7675 1
7674 0
7673 1
7672 0
7671 1
7670 0
7669 1
7668 0
7667 1
7666 0
7665 1
7664 0
7663 1
7662 0
7661 1
7660 0
7659 1
7658 0
7657 1
7656 0
7655 1
7654 0
7653 1
7652 0
7651 1
7650 0
7649 1
7648 0
7647 1
7646 0
7645 1
7644 0
7643 1
7642 0
7641 1
7640 0
7639 1
7638 0
7637 1
7636 0
7635 1
7634 0
7633 1
7632 0
7631 1
7630 0
7629 1
7628 0
7627 1
7626 0
7625 1
7624 0
7623 1
7622 0
7621 1
7620 0
7619 1
7618 0
7617 1
7616 0
7615 1
7614 0
7613 1
7612 0
7611 1
7610 0
7609 1
7608 0
7607 1
7606 0
7605 1
7604 0
7603 1
7602 0
7601 1
7600 0
7599 1
7598 0
7597 1
7596 0
7595 1
7594 0
7593 1
7592 0
7591 1
7590 0
7589 1
7588 0
7587 1
7586 0
7585 1
7584 0
7583 1
7582 0
7581 1
7580 0
7579 1
7578 0
7577 1
7576 0
7575 1
7574 0
7573 1
7572 0
7571 1
7570 0
7569 1
7568 0
7567 1
7566 0
7565 1
7564 0
7563 1
7562 0
7561 1
7560 0
7559 1
7558 0
7557 1
7556 0
7555 1
7554 0
7553 1
7552 0
7551 1
7550 0
7549 1
7548 0
7547 1
7546 0
7545 1
7544 0
7543 1
7542 0
7541 1
7540 0
7539 1
7538 0
7537 1
7536 0
7535 1
7534 0
7533 1
7532 0
7531 1
7530 0
7529 1
7528 0
7527 1
7526 0
7525 1
7524 0
7523 1
7522 0
7521 1
7520 0
7519 1
7518 0
7517 1
7516 0
7515 1
7514 0
7513 1
7512 0
7511 1
7510 0
7509 1
7508 0
7507 1
7506 0
7505 1
7504 0
7503 1
7502 0
7501 1
7500 0
7499 1
7498 0
7497 1
7496 0
7495 1
7494 0
7493 1
7492 0
7491 1
7490 0
7489 1
7488 0
7487 1
7486 0
7485 1
7484 0
7483 1
7482 0
7481 1
7480 0
7479 1
7478 0
7477 1
7476 0
7475 1
7474 0
7473 1
7472 0
7471 1
7470 0
7469 1
7468 0
7467 1
7466 0
7465 1
7464 0
7463 1
7462 0
7461 1
7460 0
7459 1
7458 0
7457 1
7456 0
7455 1
7454 0
7453 1
7452 0
7451 1
7450 0
7449 1
7448 0
7447 1
7446 0
7445 1
7444 0
7443 1
7442 0
7441 1
7440 0
7439 1
7438 0
7437 1
7436 0
7435 1
7434 0
7433 1
7432 0
7431 1
7430 0
7429 1
7428 0
7427 1
7426 0
7425 1
7424 0
7423 1
7422 0
7421 1
7420 0
7419 1
7418 0
7417 1
7416 0
7415 1
7414 0
7413 1
7412 0
7411 1
7410 0
7409 1
7408 0
7407 1
7406 0
7405 1
7404 0
7403 1
7402 0
7401 1
7400 0
7399 1
7398 0
7397 1
7396 0
7395 1
7394 0
7393 1
7392 0
7391 1
7390 0
7389 1
7388 0
7387 1
7386 0
7385 1
7384 0
7383 1
7382 0
7381 1
7380 0
7379 1
7378 0
7377 1
7376 0
7375 1
7374 0
7373 1
7372 0
7371 1
7370 0
7369 1
7368 0
7367 1
7366 0
7365 1
7364 0
7363 1
7362 0
7361 1
7360 0
7359 1
7358 0
7357 1
7356 0
7355 1
7354 0
7353 1
7352 0
7351 1
7350 0
7349 1
7348 0
7347 1
7346 0
7345 1
7344 0
7343 1
7342 0
7341 1
7340 0
7339 1
7338 0
7337 1
7336 0
7335 1
7334 0
7333 1
7332 0
7331 1
7330 0
7329 1
7328 0
7327 1
7326 0
7325 1
7324 0
7323 1
7322 0
7321 1
7320 0
7319 1
7318 0
7317 1
7316 0
7315 1
7314 0
7313 1
7312 0
7311 1
7310 0
7309 1
7308 0
7307 1
7306 0
7305 1
7304 0
7303 1
7302 0
7301 1
7300 0
7299 1
7298 0
7297 1
7296 0
7295 1
7294 0
7293 1
7292 0
7291 1
7290 0
7289 1
7288 0
7287 1
7286 0
7285 1
7284 0
7283 1
7282 0
7281 1
7280 0
7279 1
7278 0
7277 1
7276 0
7275 1
7274 0
7273 1
7272 0
7271 1
7270 0
7269 1
7268 0
7267 1
7266 0
7265 1
7264 0
7263 1
7262 0
7261 1
7260 0
7259 1
7258 0
7257 1
7256 0
7255 1
7254 0
7253 1
7252 0
7251 1
7250 0
7249 1
7248 0
7247 1
7246 0
7245 1
7244 0
7243 1
7242 0
7241 1
7240 0
7239 1
7238 0
7237 1
7236 0
7235 1
7234 0
7233 1
7232 0
7231 1
7230 0
7229 1
7228 0
7227 1
7226 0
7225 1
7224 0
7223 1
7222 0
7221 1
7220 0
7219 1
7218 0
7217 1
7216 0
7215 1
7214 0
7213 1
7212 0
7211 1
7210 0
7209 1
7208 0
7207 1
7206 0
7205 1
7204 0
7203 1
7202 0
7201 1
7200 0
7199 1
7198 0
7197 1
7196 0
7195 1
7194 0
7193 1
7192 0
7191 1
7190 0
7189 1
7188 0
7187 1
7186 0
7185 1
7184 0
7183 1
7182 0
7181 1
7180 0
7179 1
7178 0
7177 1
7176 0
7175 1
7174 0
7173 1
7172 0
7171 1
7170 0
7169 1
7168 0
7167 1
7166 0
7165 1
7164 0
7163 1
7162 0
7161 1
7160 0
7159 1
7158 0
7157 1
7156 0
7155 1
7154 0
7153 1
7152 0
7151 1
7150 0
7149 1
7148 0
7147 1
7146 0
7145 1
7144 0
7143 1
7142 0
7141 1
7140 0
7139 1
7138 0
7137 1
7136 0
7135 1
7134 0
7133 1
7132 0
7131 1
7130 0
7129 1
7128 0
7127 1
7126 0
7125 1
7124 0
7123 1
7122 0
7121 1
7120 0
7119 1
7118 0
7117 1
7116 0
7115 1
7114 0
7113 1
7112 0
7111 1
7110 0
7109 1
7108 0
7107 1
7106 0
7105 1
7104 0
7103 1
7102 0
7101 1
7100 0
7099 1
7098 0
7097 1
7096 0
7095 1
7094 0
7093 1
7092 0
7091 1
7090 0
7089 1
7088 0
7087 1
7086 0
7085 1
7084 0
7083 1
7082 0
7081 1
7080 0
7079 1
7078 0
7077 1
7076 0
7075 1
7074 0
7073 1
7072 0
7071 1
7070 0
7069 1
7068 0
7067 1
7066 0
7065 1
7064 0
7063 1
7062 0
7061 1
7060 0
7059 1
7058 0
7057 1
7056 0
7055 1
7054 0
7053 1
7052 0
7051 1
7050 0
7049 1
7048 0
7047 1
7046 0
7045 1
7044 0
7043 1
7042 0
7041 1
7040 0
7039 1
7038 0
7037 1
7036 0
7035 1
7034 0
7033 1
7032 0
7031 1
7030 0
7029 1
7028 0
7027 1
7026 0
7025 1
7024 0
7023 1
7022 0
7021 1
7020 0
7019 1
7018 0
7017 1
7016 0
7015 1
7014 0
7013 1
7012 0
7011 1
7010 0
7009 1
7008 0
7007 1
7006 0
7005 1
7004 0
7003 1
7002 0
7001 1
7000 0
6999 1
6998 0
6997 1
6996 0
6995 1
6994 0
6993 1
6992 0
6991 1
6990 0
6989 1
6988 0
6987 1
6986 0
6985 1
6984 0
6983 1
6982 0
6981 1
6980 0
6979 1
6978 0
6977 1
6976 0
6975 1
6974 0
6973 1
6972 0
6971 1
6970 0
6969 1
6968 0
6967 1
6966 0
6965 1
6964 0
6963 1
6962 0
6961 1
6960 0
6959 1
6958 0
6957 1
6956 0
6955 1
6954 0
6953 1
6952 0
6951 1
6950 0
6949 1
6948 0
6947 1
6946 0
6945 1
6944 0
6943 1
6942 0
6941 1
6940 0
6939 1
6938 0
6937 1
6936 0
6935 1
6934 0
6933 1
6932 0
6931 1
6930 0
6929 1
6928 0
6927 1
6926 0
6925 1
6924 0
6923 1
6922 0
6921 1
6920 0
6919 1
6918 0
6917 1
6916 0
6915 1
6914 0
6913 1
6912 0
6911 1
6910 0
6909 1
6908 0
6907 1
6906 0
6905 1
6904 0
6903 1
6902 0
6901 1
6900 0
6899 1
6898 0
6897 1
6896 0
6895 1
6894 0
6893 1
6892 0
6891 1
6890 0
6889 1
6888 0
6887 1
6886 0
6885 1
6884 0
6883 1
6882 0
6881 1
6880 0
6879 1
6878 0
6877 1
6876 0
6875 1
6874 0
6873 1
6872 0
6871 1
6870 0
6869 1
6868 0
6867 1
6866 0
6865 1
6864 0
6863 1
6862 0
6861 1
6860 0
6859 1
6858 0
6857 1
6856 0
6855 1
6854 0
6853 1
6852 0
6851 1
6850 0
6849 1
6848 0
6847 1
6846 0
6845 1
6844 0
6843 1
6842 0
6841 1
6840 0
6839 1
6838 0
6837 1
6836 0
6835 1
6834 0
6833 1
6832 0
6831 1
6830 0
6829 1
6828 0
6827 1
6826 0
6825 1
6824 0
6823 1
6822 0
6821 1
6820 0
6819 1
6818 0
6817 1
6816 0
6815 1
6814 0
6813 1
6812 0
6811 1
6810 0
6809 1
6808 0
6807 1
6806 0
6805 1
6804 0
6803 1
6802 0
6801 1
6800 0
6799 1
6798 0
6797 1
6796 0
6795 1
6794 0
6793 1
6792 0
6791 1
6790 0
6789 1
6788 0
6787 1
6786 0
6785 1
6784 0
6783 1
6782 0
6781 1
6780 0
6779 1
6778 0
6777 1
6776 0
6775 1
6774 0
6773 1
6772 0
6771 1
6770 0
6769 1
6768 0
6767 1
6766 0
6765 1
6764 0
6763 1
6762 0
6761 1
6760 0
6759 1
6758 0
6757 1
6756 0
6755 1
6754 0
6753 1
6752 0
6751 1
6750 0
6749 1
6748 0
6747 1
6746 0
6745 1
6744 0
6743 1
6742 0
6741 1
6740 0
6739 1
6738 0
6737 1
6736 0
6735 1
6734 0
6733 1
6732 0
6731 1
6730 0
6729 1
6728 0
6727 1
6726 0
6725 1
6724 0
6723 1
6722 0
6721 1
6720 0
6719 1
6718 0
6717 1
6716 0
6715 1
6714 0
6713 1
6712 0
6711 1
6710 0
6709 1
6708 0
6707 1
6706 0
6705 1
6704 0
6703 1
6702 0
6701 1
6700 0
6699 1
6698 0
6697 1
6696 0
6695 1
6694 0
6693 1
6692 0
6691 1
6690 0
6689 1
6688 0
6687 1
6686 0
6685 1
6684 0
6683 1
6682 0
6681 1
6680 0
6679 1
6678 0
6677 1
6676 0
6675 1
6674 0
6673 1
6672 0
6671 1
6670 0
6669 1
6668 0
6667 1
6666 0
6665 1
6664 0
6663 1
6662 0
6661 1
6660 0
6659 1
6658 0
6657 1
6656 0
6655 1
6654 0
6653 1
6652 0
6651 1
6650 0
6649 1
6648 0
6647 1
6646 0
6645 1
6644 0
6643 1
6642 0
6641 1
6640 0
6639 1
6638 0
6637 1
6636 0
6635 1
6634 0
6633 1
6632 0
6631 1
6630 0
6629 1
6628 0
6627 1
6626 0
6625 1
6624 0
6623 1
6622 0
6621 1
6620 0
6619 1
6618 0
6617 1
6616 0
6615 1
6614 0
6613 1
6612 0
6611 1
6610 0
6609 1
6608 0
6607 1
6606 0
6605 1
6604 0
6603 1
6602 0
6601 1
6600 0
6599 1
6598 0
6597 1
6596 0
6595 1
6594 0
6593 1
6592 0
6591 1
6590 0
6589 1
6588 0
6587 1
6586 0
6585 1
6584 0
6583 1
6582 0
6581 1
6580 0
6579 1
6578 0
6577 1
6576 0
6575 1
6574 0
6573 1
6572 0
6571 1
6570 0
6569 1
6568 0
6567 1
6566 0
6565 1
6564 0
6563 1
6562 0
6561 1
6560 0
6559 1
6558 0
6557 1
6556 0
6555 1
6554 0
6553 1
6552 0
6551 1
6550 0
6549 1
6548 0
6547 1
6546 0
6545 1
6544 0
6543 1
6542 0
6541 1
6540 0
6539 1
6538 0
6537 1
6536 0
6535 1
6534 0
6533 1
6532 0
6531 1
6530 0
6529 1
6528 0
6527 1
6526 0
6525 1
6524 0
6523 1
6522 0
6521 1
6520 0
6519 1
6518 0
6517 1
6516 0
6515 1
6514 0
6513 1
6512 0
6511 1
6510 0
6509 1
6508 0
6507 1
6506 0
6505 1
6504 0
6503 1
6502 0
6501 1
6500 0
6499 1
6498 0
6497 1
6496 0
6495 1
6494 0
6493 1
6492 0
6491 1
6490 0
6489 1
6488 0
6487 1
6486 0
6485 1
6484 0
6483 1
6482 0
6481 1
6480 0
6479 1
6478 0
6477 1
6476 0
6475 1
6474 0
6473 1
6472 0
6471 1
6470 0
6469 1
6468 0
6467 1
6466 0
6465 1
6464 0
6463 1
6462 0
6461 1
6460 0
6459 1
6458 0
6457 1
6456 0
6455 1
6454 0
6453 1
6452 0
6451 1
6450 0
6449 1
6448 0
6447 1
6446 0
6445 1
6444 0
6443 1
6442 0
6441 1
6440 0
6439 1
6438 0
6437 1
6436 0
6435 1
6434 0
6433 1
6432 0
6431 1
6430 0
6429 1
6428 0
6427 1
6426 0
6425 1
6424 0
6423 1
6422 0
6421 1
6420 0
6419 1
6418 0
6417 1
6416 0
6415 1
6414 0
6413 1
6412 0
6411 1
6410 0
6409 1
6408 0
6407 1
6406 0
6405 1
6404 0
6403 1
6402 0
6401 1
6400 0
6399 1
6398 0
6397 1
6396 0
6395 1
6394 0
6393 1
6392 0
6391 1
6390 0
6389 1
6388 0
6387 1
6386 0
6385 1
6384 0
6383 1
6382 0
6381 1
6380 0
6379 1
6378 0
6377 1
6376 0
6375 1
6374 0
6373 1
6372 0
6371 1
6370 0
6369 1
6368 0
6367 1
6366 0
6365 1
6364 0
6363 1
6362 0
6361 1
6360 0
6359 1
6358 0
6357 1
6356 0
6355 1
6354 0
6353 1
6352 0
6351 1
6350 0
6349 1
6348 0
6347 1
6346 0
6345 1
6344 0
6343 1
6342 0
6341 1
6340 0
6339 1
6338 0
6337 1
6336 0
6335 1
6334 0
6333 1
6332 0
6331 1
6330 0
6329 1
6328 0
6327 1
6326 0
6325 1
6324 0
6323 1
6322 0
6321 1
6320 0
6319 1
6318 0
6317 1
6316 0
6315 1
6314 0
6313 1
6312 0
6311 1
6310 0
6309 1
6308 0
6307 1
6306 0
6305 1
6304 0
6303 1
6302 0
6301 1
6300 0
6299 1
6298 0
6297 1
6296 0
6295 1
6294 0
6293 1
6292 0
6291 1
6290 0
6289 1
6288 0
6287 1
6286 0
6285 1
6284 0
6283 1
6282 0
6281 1
6280 0
6279 1
6278 0
6277 1
6276 0
6275 1
6274 0
6273 1
6272 0
6271 1
6270 0
6269 1
6268 0
6267 1
6266 0
6265 1
6264 0
6263 1
6262 0
6261 1
6260 0
6259 1
6258 0
6257 1
6256 0
6255 1
6254 0
6253 1
6252 0
6251 1
6250 0
6249 1
6248 0
6247 1
6246 0
6245 1
6244 0
6243 1
6242 0
6241 1
6240 0
6239 1
6238 0
6237 1
6236 0
6235 1
6234 0
6233 1
6232 0
6231 1
6230 0
6229 1
6228 0
6227 1
6226 0
6225 1
6224 0
6223 1
6222 0
6221 1
6220 0
6219 1
6218 0
6217 1
6216 0
6215 1
6214 0
6213 1
6212 0
6211 1
6210 0
6209 1
6208 0
6207 1
6206 0
6205 1
6204 0
6203 1
6202 0
6201 1
6200 0
6199 1
6198 0
6197 1
6196 0
6195 1
6194 0
6193 1
6192 0
6191 1
6190 0
6189 1
6188 0
6187 1
6186 0
6185 1
6184 0
6183 1
6182 0
6181 1
6180 0
6179 1
6178 0
6177 1
6176 0
6175 1
6174 0
6173 1
6172 0
6171 1
6170 0
6169 1
6168 0
6167 1
6166 0
6165 1
6164 0
6163 1
6162 0
6161 1
6160 0
6159 1
6158 0
6157 1
6156 0
6155 1
6154 0
6153 1
6152 0
6151 1
6150 0
6149 1
6148 0
6147 1
6146 0
6145 1
6144 0
6143 1
6142 0
6141 1
6140 0
6139 1
6138 0
6137 1
6136 0
6135 1
6134 0
6133 1
6132 0
6131 1
6130 0
6129 1
6128 0
6127 1
6126 0
6125 1
6124 0
6123 1
6122 0
6121 1
6120 0
6119 1
6118 0
6117 1
6116 0
6115 1
6114 0
6113 1
6112 0
6111 1
6110 0
6109 1
6108 0
6107 1
6106 0
6105 1
6104 0
6103 1
6102 0
6101 1
6100 0
6099 1
6098 0
6097 1
6096 0
6095 1
6094 0
6093 1
6092 0
6091 1
6090 0
6089 1
6088 0
6087 1
6086 0
6085 1
6084 0
6083 1
6082 0
6081 1
6080 0
6079 1
6078 0
6077 1
6076 0
6075 1
6074 0
6073 1
6072 0
6071 1
6070 0
6069 1
6068 0
6067 1
6066 0
6065 1
6064 0
6063 1
6062 0
6061 1
6060 0
6059 1
6058 0
6057 1
6056 0
6055 1
6054 0
6053 1
6052 0
6051 1
6050 0
6049 1
6048 0
6047 1
6046 0
6045 1
6044 0
6043 1
6042 0
6041 1
6040 0
6039 1
6038 0
6037 1
6036 0
6035 1
6034 0
6033 1
6032 0
6031 1
6030 0
6029 1
6028 0
6027 1
6026 0
6025 1
6024 0
6023 1
6022 0
6021 1
6020 0
6019 1
6018 0
6017 1
6016 0
6015 1
6014 0
6013 1
6012 0
6011 1
6010 0
6009 1
6008 0
6007 1
6006 0
6005 1
6004 0
6003 1
6002 0
6001 1
6000 0
5999 1
5998 0
5997 1
5996 0
5995 1
5994 0
5993 1
5992 0
5991 1
5990 0
5989 1
5988 0
5987 1
5986 0
5985 1
5984 0
5983 1
5982 0
5981 1
5980 0
5979 1
5978 0
5977 1
5976 0
5975 1
5974 0
5973 1
5972 0
5971 1
5970 0
5969 1
5968 0
5967 1
5966 0
5965 1
5964 0
5963 1
5962 0
5961 1
5960 0
5959 1
5958 0
5957 1
5956 0
5955 1
5954 0
5953 1
5952 0
5951 1
5950 0
5949 1
5948 0
5947 1
5946 0
5945 1
5944 0
5943 1
5942 0
5941 1
5940 0
5939 1
5938 0
5937 1
5936 0
5935 1
5934 0
5933 1
5932 0
5931 1
5930 0
5929 1
5928 0
5927 1
5926 0
5925 1
5924 0
5923 1
5922 0
5921 1
5920 0
5919 1
5918 0
5917 1
5916 0
5915 1
5914 0
5913 1
5912 0
5911 1
5910 0
5909 1
5908 0
5907 1
5906 0
5905 1
5904 0
5903 1
5902 0
5901 1
5900 0
5899 1
5898 0
5897 1
5896 0
5895 1
5894 0
5893 1
5892 0
5891 1
5890 0
5889 1
5888 0
5887 1
5886 0
5885 1
5884 0
5883 1
5882 0
5881 1
5880 0
5879 1
5878 0
5877 1
5876 0
5875 1
5874 0
5873 1
5872 0
5871 1
5870 0
5869 1
5868 0
5867 1
5866 0
5865 1
5864 0
5863 1
5862 0
5861 1
5860 0
5859 1
5858 0
5857 1
5856 0
5855 1
5854 0
5853 1
5852 0
5851 1
5850 0
5849 1
5848 0
5847 1
5846 0
5845 1
5844 0
5843 1
5842 0
5841 1
5840 0
5839 1
5838 0
5837 1
5836 0
5835 1
5834 0
5833 1
5832 0
5831 1
5830 0
5829 1
5828 0
5827 1
5826 0
5825 1
5824 0
5823 1
5822 0
5821 1
5820 0
5819 1
5818 0
5817 1
5816 0
5815 1
5814 0
5813 1
5812 0
5811 1
5810 0
5809 1
5808 0
5807 1
5806 0
5805 1
5804 0
5803 1
5802 0
5801 1
5800 0
5799 1
5798 0
5797 1
5796 0
5795 1
5794 0
5793 1
5792 0
5791 1
5790 0
5789 1
5788 0
5787 1
5786 0
5785 1
5784 0
5783 1
5782 0
5781 1
5780 0
5779 1
5778 0
5777 1
5776 0
5775 1
5774 0
5773 1
5772 0
5771 1
5770 0
5769 1
5768 0
5767 1
5766 0
5765 1
5764 0
5763 1
5762 0
5761 1
5760 0
5759 1
5758 0
5757 1
5756 0
5755 1
5754 0
5753 1
5752 0
5751 1
5750 0
5749 1
5748 0
5747 1
5746 0
5745 1
5744 0
5743 1
5742 0
5741 1
5740 0
5739 1
5738 0
5737 1
5736 0
5735 1
5734 0
5733 1
5732 0
5731 1
5730 0
5729 1
5728 0
5727 1
5726 0
5725 1
5724 0
5723 1
5722 0
5721 1
5720 0
5719 1
5718 0
5717 1
5716 0
5715 1
5714 0
5713 1
5712 0
5711 1
5710 0
5709 1
5708 0
5707 1
5706 0
5705 1
5704 0
5703 1
5702 0
5701 1
5700 0
5699 1
5698 0
5697 1
5696 0
5695 1
5694 0
5693 1
5692 0
5691 1
5690 0
5689 1
5688 0
5687 1
5686 0
5685 1
5684 0
5683 1
5682 0
5681 1
5680 0
5679 1
5678 0
5677 1
5676 0
5675 1
5674 0
5673 1
5672 0
5671 1
5670 0
5669 1
5668 0
5667 1
5666 0
5665 1
5664 0
5663 1
5662 0
5661 1
5660 0
5659 1
5658 0
5657 1
5656 0
5655 1
5654 0
5653 1
5652 0
5651 1
5650 0
5649 1
5648 0
5647 1
5646 0
5645 1
5644 0
5643 1
5642 0
5641 1
5640 0
5639 1
5638 0
5637 1
5636 0
5635 1
5634 0
5633 1
5632 0
5631 1
5630 0
5629 1
5628 0
5627 1
5626 0
5625 1
5624 0
5623 1
5622 0
5621 1
5620 0
5619 1
5618 0
5617 1
5616 0
5615 1
5614 0
5613 1
5612 0
5611 1
5610 0
5609 1
5608 0
5607 1
5606 0
5605 1
5604 0
5603 1
5602 0
5601 1
5600 0
5599 1
5598 0
5597 1
5596 0
5595 1
5594 0
5593 1
5592 0
5591 1
5590 0
5589 1
5588 0
5587 1
5586 0
5585 1
5584 0
5583 1
5582 0
5581 1
5580 0
5579 1
5578 0
5577 1
5576 0
5575 1
5574 0
5573 1
5572 0
5571 1
5570 0
5569 1
5568 0
5567 1
5566 0
5565 1
5564 0
5563 1
5562 0
5561 1
5560 0
5559 1
5558 0
5557 1
5556 0
5555 1
5554 0
5553 1
5552 0
5551 1
5550 0
5549 1
5548 0
5547 1
5546 0
5545 1
5544 0
5543 1
5542 0
5541 1
5540 0
5539 1
5538 0
5537 1
5536 0
5535 1
5534 0
5533 1
5532 0
5531 1
5530 0
5529 1
5528 0
5527 1
5526 0
5525 1
5524 0
5523 1
5522 0
5521 1
5520 0
5519 1
5518 0
5517 1
5516 0
5515 1
5514 0
5513 1
5512 0
5511 1
5510 0
5509 1
5508 0
5507 1
5506 0
5505 1
5504 0
5503 1
5502 0
5501 1
5500 0
5499 1
5498 0
5497 1
5496 0
5495 1
5494 0
5493 1
5492 0
5491 1
5490 0
5489 1
5488 0
5487 1
5486 0
5485 1
5484 0
5483 1
5482 0
5481 1
5480 0
5479 1
5478 0
5477 1
5476 0
5475 1
5474 0
5473 1
5472 0
5471 1
5470 0
5469 1
5468 0
5467 1
5466 0
5465 1
5464 0
5463 1
5462 0
5461 1
5460 0
5459 1
5458 0
5457 1
5456 0
5455 1
5454 0
5453 1
5452 0
5451 1
5450 0
5449 1
5448 0
5447 1
5446 0
5445 1
5444 0
5443 1
5442 0
5441 1
5440 0
5439 1
5438 0
5437 1
5436 0
5435 1
5434 0
5433 1
5432 0
5431 1
5430 0
5429 1
5428 0
5427 1
5426 0
5425 1
5424 0
5423 1
5422 0
5421 1
5420 0
5419 1
5418 0
5417 1
5416 0
5415 1
5414 0
5413 1
5412 0
5411 1
5410 0
5409 1
5408 0
5407 1
5406 0
5405 1
5404 0
5403 1
5402 0
5401 1
5400 0
5399 1
5398 0
5397 1
5396 0
5395 1
5394 0
5393 1
5392 0
5391 1
5390 0
5389 1
5388 0
5387 1
5386 0
5385 1
5384 0
5383 1
5382 0
5381 1
5380 0
5379 1
5378 0
5377 1
5376 0
5375 1
5374 0
5373 1
5372 0
5371 1
5370 0
5369 1
5368 0
5367 1
5366 0
5365 1
5364 0
5363 1
5362 0
5361 1
5360 0
5359 1
5358 0
5357 1
5356 0
5355 1
5354 0
5353 1
5352 0
5351 1
5350 0
5349 1
5348 0
5347 1
5346 0
5345 1
5344 0
5343 1
5342 0
5341 1
5340 0
5339 1
5338 0
5337 1
5336 0
5335 1
5334 0
5333 1
5332 0
5331 1
5330 0
5329 1
5328 0
5327 1
5326 0
5325 1
5324 0
5323 1
5322 0
5321 1
5320 0
5319 1
5318 0
5317 1
5316 0
5315 1
5314 0
5313 1
5312 0
5311 1
5310 0
5309 1
5308 0
5307 1
5306 0
5305 1
5304 0
5303 1
5302 0
5301 1
5300 0
5299 1
5298 0
5297 1
5296 0
5295 1
5294 0
5293 1
5292 0
5291 1
5290 0
5289 1
5288 0
5287 1
5286 0
5285 1
5284 0
5283 1
5282 0
5281 1
5280 0
5279 1
5278 0
5277 1
5276 0
5275 1
5274 0
5273 1
5272 0
5271 1
5270 0
5269 1
5268 0
5267 1
5266 0
5265 1
5264 0
5263 1
5262 0
5261 1
5260 0
5259 1
5258 0
5257 1
5256 0
5255 1
5254 0
5253 1
5252 0
5251 1
5250 0
5249 1
5248 0
5247 1
5246 0
5245 1
5244 0
5243 1
5242 0
5241 1
5240 0
5239 1
5238 0
5237 1
5236 0
5235 1
5234 0
5233 1
5232 0
5231 1
5230 0
5229 1
5228 0
5227 1
5226 0
5225 1
5224 0
5223 1
5222 0
5221 1
5220 0
5219 1
5218 0
5217 1
5216 0
5215 1
5214 0
5213 1
5212 0
5211 1
5210 0
5209 1
5208 0
5207 1
5206 0
5205 1
5204 0
5203 1
5202 0
5201 1
5200 0
5199 1
5198 0
5197 1
5196 0
5195 1
5194 0
5193 1
5192 0
5191 1
5190 0
5189 1
5188 0
5187 1
5186 0
5185 1
5184 0
5183 1
5182 0
5181 1
5180 0
5179 1
5178 0
5177 1
5176 0
5175 1
5174 0
5173 1
5172 0
5171 1
5170 0
5169 1
5168 0
5167 1
5166 0
5165 1
5164 0
5163 1
5162 0
5161 1
5160 0
5159 1
5158 0
5157 1
5156 0
5155 1
5154 0
5153 1
5152 0
5151 1
5150 0
5149 1
5148 0
5147 1
5146 0
5145 1
5144 0
5143 1
5142 0
5141 1
5140 0
5139 1
5138 0
5137 1
5136 0
5135 1
5134 0
5133 1
5132 0
5131 1
5130 0
5129 1
5128 0
5127 1
5126 0
5125 1
5124 0
5123 1
5122 0
5121 1
5120 0
5119 1
5118 0
5117 1
5116 0
5115 1
5114 0
5113 1
5112 0
5111 1
5110 0
5109 1
5108 0
5107 1
5106 0
5105 1
5104 0
5103 1
5102 0
5101 1
5100 0
5099 1
5098 0
5097 1
5096 0
5095 1
5094 0
5093 1
5092 0
5091 1
5090 0
5089 1
5088 0
5087 1
5086 0
5085 1
5084 0
5083 1
5082 0
5081 1
5080 0
5079 1
5078 0
5077 1
5076 0
5075 1
5074 0
5073 1
5072 0
5071 1
5070 0
5069 1
5068 0
5067 1
5066 0
5065 1
5064 0
5063 1
5062 0
5061 1
5060 0
5059 1
5058 0
5057 1
5056 0
5055 1
5054 0
5053 1
5052 0
5051 1
5050 0
5049 1
5048 0
5047 1
5046 0
5045 1
5044 0
5043 1
5042 0
5041 1
5040 0
5039 1
5038 0
5037 1
5036 0
5035 1
5034 0
5033 1
5032 0
5031 1
5030 0
5029 1
5028 0
5027 1
5026 0
5025 1
5024 0
5023 1
5022 0
5021 1
5020 0
5019 1
5018 0
5017 1
5016 0
5015 1
5014 0
5013 1
5012 0
5011 1
5010 0
5009 1
5008 0
5007 1
5006 0
5005 1
5004 0
5003 1
5002 0
5001 1
5000 0
4999 1
4998 0
4997 1
4996 0
4995 1
4994 0
4993 1
4992 0
4991 1
4990 0
4989 1
4988 0
4987 1
4986 0
4985 1
4984 0
4983 1
4982 0
4981 1
4980 0
4979 1
4978 0
4977 1
4976 0
4975 1
4974 0
4973 1
4972 0
4971 1
4970 0
4969 1
4968 0
4967 1
4966 0
4965 1
4964 0
4963 1
4962 0
4961 1
4960 0
4959 1
4958 0
4957 1
4956 0
4955 1
4954 0
4953 1
4952 0
4951 1
4950 0
4949 1
4948 0
4947 1
4946 0
4945 1
4944 0
4943 1
4942 0
4941 1
4940 0
4939 1
4938 0
4937 1
4936 0
4935 1
4934 0
4933 1
4932 0
4931 1
4930 0
4929 1
4928 0
4927 1
4926 0
4925 1
4924 0
4923 1
4922 0
4921 1
4920 0
4919 1
4918 0
4917 1
4916 0
4915 1
4914 0
4913 1
4912 0
4911 1
4910 0
4909 1
4908 0
4907 1
4906 0
4905 1
4904 0
4903 1
4902 0
4901 1
4900 0
4899 1
4898 0
4897 1
4896 0
4895 1
4894 0
4893 1
4892 0
4891 1
4890 0
4889 1
4888 0
4887 1
4886 0
4885 1
4884 0
4883 1
4882 0
4881 1
4880 0
4879 1
4878 0
4877 1
4876 0
4875 1
4874 0
4873 1
4872 0
4871 1
4870 0
4869 1
4868 0
4867 1
4866 0
4865 1
4864 0
4863 1
4862 0
4861 1
4860 0
4859 1
4858 0
4857 1
4856 0
4855 1
4854 0
4853 1
4852 0
4851 1
4850 0
4849 1
4848 0
4847 1
4846 0
4845 1
4844 0
4843 1
4842 0
4841 1
4840 0
4839 1
4838 0
4837 1
4836 0
4835 1
4834 0
4833 1
4832 0
4831 1
4830 0
4829 1
4828 0
4827 1
4826 0
4825 1
4824 0
4823 1
4822 0
4821 1
4820 0
4819 1
4818 0
4817 1
4816 0
4815 1
4814 0
4813 1
4812 0
4811 1
4810 0
4809 1
4808 0
4807 1
4806 0
4805 1
4804 0
4803 1
4802 0
4801 1
4800 0
4799 1
4798 0
4797 1
4796 0
4795 1
4794 0
4793 1
4792 0
4791 1
4790 0
4789 1
4788 0
4787 1
4786 0
4785 1
4784 0
4783 1
4782 0
4781 1
4780 0
4779 1
4778 0
4777 1
4776 0
4775 1
4774 0
4773 1
4772 0
4771 1
4770 0
4769 1
4768 0
4767 1
4766 0
4765 1
4764 0
4763 1
4762 0
4761 1
4760 0
4759 1
4758 0
4757 1
4756 0
4755 1
4754 0
4753 1
4752 0
4751 1
4750 0
4749 1
4748 0
4747 1
4746 0
4745 1
4744 0
4743 1
4742 0
4741 1
4740 0
4739 1
4738 0
4737 1
4736 0
4735 1
4734 0
4733 1
4732 0
4731 1
4730 0
4729 1
4728 0
4727 1
4726 0
4725 1
4724 0
4723 1
4722 0
4721 1
4720 0
4719 1
4718 0
4717 1
4716 0
4715 1
4714 0
4713 1
4712 0
4711 1
4710 0
4709 1
4708 0
4707 1
4706 0
4705 1
4704 0
4703 1
4702 0
4701 1
4700 0
4699 1
4698 0
4697 1
4696 0
4695 1
4694 0
4693 1
4692 0
4691 1
4690 0
4689 1
4688 0
4687 1
4686 0
4685 1
4684 0
4683 1
4682 0
4681 1
4680 0
4679 1
4678 0
4677 1
4676 0
4675 1
4674 0
4673 1
4672 0
4671 1
4670 0
4669 1
4668 0
4667 1
4666 0
4665 1
4664 0
4663 1
4662 0
4661 1
4660 0
4659 1
4658 0
4657 1
4656 0
4655 1
4654 0
4653 1
4652 0
4651 1
4650 0
4649 1
4648 0
4647 1
4646 0
4645 1
4644 0
4643 1
4642 0
4641 1
4640 0
4639 1
4638 0
4637 1
4636 0
4635 1
4634 0
4633 1
4632 0
4631 1
4630 0
4629 1
4628 0
4627 1
4626 0
4625 1
4624 0
4623 1
4622 0
4621 1
4620 0
4619 1
4618 0
4617 1
4616 0
4615 1
4614 0
4613 1
4612 0
4611 1
4610 0
4609 1
4608 0
4607 1
4606 0
4605 1
4604 0
4603 1
4602 0
4601 1
4600 0
4599 1
4598 0
4597 1
4596 0
4595 1
4594 0
4593 1
4592 0
4591 1
4590 0
4589 1
4588 0
4587 1
4586 0
4585 1
4584 0
4583 1
4582 0
4581 1
4580 0
4579 1
4578 0
4577 1
4576 0
4575 1
4574 0
4573 1
4572 0
4571 1
4570 0
4569 1
4568 0
4567 1
4566 0
4565 1
4564 0
4563 1
4562 0
4561 1
4560 0
4559 1
4558 0
4557 1
4556 0
4555 1
4554 0
4553 1
4552 0
4551 1
4550 0
4549 1
4548 0
4547 1
4546 0
4545 1
4544 0
4543 1
4542 0
4541 1
4540 0
4539 1
4538 0
4537 1
4536 0
4535 1
4534 0
4533 1
4532 0
4531 1
4530 0
4529 1
4528 0
4527 1
4526 0
4525 1
4524 0
4523 1
4522 0
4521 1
4520 0
4519 1
4518 0
4517 1
4516 0
4515 1
4514 0
4513 1
4512 0
4511 1
4510 0
4509 1
4508 0
4507 1
4506 0
4505 1
4504 0
4503 1
4502 0
4501 1
4500 0
4499 1
4498 0
4497 1
4496 0
4495 1
4494 0
4493 1
4492 0
4491 1
4490 0
4489 1
4488 0
4487 1
4486 0
4485 1
4484 0
4483 1
4482 0
4481 1
4480 0
4479 1
4478 0
4477 1
4476 0
4475 1
4474 0
4473 1
4472 0
4471 1
4470 0
4469 1
4468 0
4467 1
4466 0
4465 1
4464 0
4463 1
4462 0
4461 1
4460 0
4459 1
4458 0
4457 1
4456 0
4455 1
4454 0
4453 1
4452 0
4451 1
4450 0
4449 1
4448 0
4447 1
4446 0
4445 1
4444 0
4443 1
4442 0
4441 1
4440 0
4439 1
4438 0
4437 1
4436 0
4435 1
4434 0
4433 1
4432 0
4431 1
4430 0
4429 1
4428 0
4427 1
4426 0
4425 1
4424 0
4423 1
4422 0
4421 1
4420 0
4419 1
4418 0
4417 1
4416 0
4415 1
4414 0
4413 1
4412 0
4411 1
4410 0
4409 1
4408 0
4407 1
4406 0
4405 1
4404 0
4403 1
4402 0
4401 1
4400 0
4399 1
4398 0
4397 1
4396 0
4395 1
4394 0
4393 1
4392 0
4391 1
4390 0
4389 1
4388 0
4387 1
4386 0
4385 1
4384 0
4383 1
4382 0
4381 1
4380 0
4379 1
4378 0
4377 1
4376 0
4375 1
4374 0
4373 1
4372 0
4371 1
4370 0
4369 1
4368 0
4367 1
4366 0
4365 1
4364 0
4363 1
4362 0
4361 1
4360 0
4359 1
4358 0
4357 1
4356 0
4355 1
4354 0
4353 1
4352 0
4351 1
4350 0
4349 1
4348 0
4347 1
4346 0
4345 1
4344 0
4343 1
4342 0
4341 1
4340 0
4339 1
4338 0
4337 1
4336 0
4335 1
4334 0
4333 1
4332 0
4331 1
4330 0
4329 1
4328 0
4327 1
4326 0
4325 1
4324 0
4323 1
4322 0
4321 1
4320 0
4319 1
4318 0
4317 1
4316 0
4315 1
4314 0
4313 1
4312 0
4311 1
4310 0
4309 1
4308 0
4307 1
4306 0
4305 1
4304 0
4303 1
4302 0
4301 1
4300 0
4299 1
4298 0
4297 1
4296 0
4295 1
4294 0
4293 1
4292 0
4291 1
4290 0
4289 1
4288 0
4287 1
4286 0
4285 1
4284 0
4283 1
4282 0
4281 1
4280 0
4279 1
4278 0
4277 1
4276 0
4275 1
4274 0
4273 1
4272 0
4271 1
4270 0
4269 1
4268 0
4267 1
4266 0
4265 1
4264 0
4263 1
4262 0
4261 1
4260 0
4259 1
4258 0
4257 1
4256 0
4255 1
4254 0
4253 1
4252 0
4251 1
4250 0
4249 1
4248 0
4247 1
4246 0
4245 1
4244 0
4243 1
4242 0
4241 1
4240 0
4239 1
4238 0
4237 1
4236 0
4235 1
4234 0
4233 1
4232 0
4231 1
4230 0
4229 1
4228 0
4227 1
4226 0
4225 1
4224 0
4223 1
4222 0
4221 1
4220 0
4219 1
4218 0
4217 1
4216 0
4215 1
4214 0
4213 1
4212 0
4211 1
4210 0
4209 1
4208 0
4207 1
4206 0
4205 1
4204 0
4203 1
4202 0
4201 1
4200 0
4199 1
4198 0
4197 1
4196 0
4195 1
4194 0
4193 1
4192 0
4191 1
4190 0
4189 1
4188 0
4187 1
4186 0
4185 1
4184 0
4183 1
4182 0
4181 1
4180 0
4179 1
4178 0
4177 1
4176 0
4175 1
4174 0
4173 1
4172 0
4171 1
4170 0
4169 1
4168 0
4167 1
4166 0
4165 1
4164 0
4163 1
4162 0
4161 1
4160 0
4159 1
4158 0
4157 1
4156 0
4155 1
4154 0
4153 1
4152 0
4151 1
4150 0
4149 1
4148 0
4147 1
4146 0
4145 1
4144 0
4143 1
4142 0
4141 1
4140 0
4139 1
4138 0
4137 1
4136 0
4135 1
4134 0
4133 1
4132 0
4131 1
4130 0
4129 1
4128 0
4127 1
4126 0
4125 1
4124 0
4123 1
4122 0
4121 1
4120 0
4119 1
4118 0
4117 1
4116 0
4115 1
4114 0
4113 1
4112 0
4111 1
4110 0
4109 1
4108 0
4107 1
4106 0
4105 1
4104 0
4103 1
4102 0
4101 1
4100 0
4099 1
4098 0
4097 1
4096 0
4095 1
4094 0
4093 1
4092 0
4091 1
4090 0
4089 1
4088 0
4087 1
4086 0
4085 1
4084 0
4083 1
4082 0
4081 1
4080 0
4079 1
4078 0
4077 1
4076 0
4075 1
4074 0
4073 1
4072 0
4071 1
4070 0
4069 1
4068 0
4067 1
4066 0
4065 1
4064 0
4063 1
4062 0
4061 1
4060 0
4059 1
4058 0
4057 1
4056 0
4055 1
4054 0
4053 1
4052 0
4051 1
4050 0
4049 1
4048 0
4047 1
4046 0
4045 1
4044 0
4043 1
4042 0
4041 1
4040 0
4039 1
4038 0
4037 1
4036 0
4035 1
4034 0
4033 1
4032 0
4031 1
4030 0
4029 1
4028 0
4027 1
4026 0
4025 1
4024 0
4023 1
4022 0
4021 1
4020 0
4019 1
4018 0
4017 1
4016 0
4015 1
4014 0
4013 1
4012 0
4011 1
4010 0
4009 1
4008 0
4007 1
4006 0
4005 1
4004 0
4003 1
4002 0
4001 1
4000 0
3999 1
3998 0
3997 1
3996 0
3995 1
3994 0
3993 1
3992 0
3991 1
3990 0
3989 1
3988 0
3987 1
3986 0
3985 1
3984 0
3983 1
3982 0
3981 1
3980 0
3979 1
3978 0
3977 1
3976 0
3975 1
3974 0
3973 1
3972 0
3971 1
3970 0
3969 1
3968 0
3967 1
3966 0
3965 1
3964 0
3963 1
3962 0
3961 1
3960 0
3959 1
3958 0
3957 1
3956 0
3955 1
3954 0
3953 1
3952 0
3951 1
3950 0
3949 1
3948 0
3947 1
3946 0
3945 1
3944 0
3943 1
3942 0
3941 1
3940 0
3939 1
3938 0
3937 1
3936 0
3935 1
3934 0
3933 1
3932 0
3931 1
3930 0
3929 1
3928 0
3927 1
3926 0
3925 1
3924 0
3923 1
3922 0
3921 1
3920 0
3919 1
3918 0
3917 1
3916 0
3915 1
3914 0
3913 1
3912 0
3911 1
3910 0
3909 1
3908 0
3907 1
3906 0
3905 1
3904 0
3903 1
3902 0
3901 1
3900 0
3899 1
3898 0
3897 1
3896 0
3895 1
3894 0
3893 1
3892 0
3891 1
3890 0
3889 1
3888 0
3887 1
3886 0
3885 1
3884 0
3883 1
3882 0
3881 1
3880 0
3879 1
3878 0
3877 1
3876 0
3875 1
3874 0
3873 1
3872 0
3871 1
3870 0
3869 1
3868 0
3867 1
3866 0
3865 1
3864 0
3863 1
3862 0
3861 1
3860 0
3859 1
3858 0
3857 1
3856 0
3855 1
3854 0
3853 1
3852 0
3851 1
3850 0
3849 1
3848 0
3847 1
3846 0
3845 1
3844 0
3843 1
3842 0
3841 1
3840 0
3839 1
3838 0
3837 1
3836 0
3835 1
3834 0
3833 1
3832 0
3831 1
3830 0
3829 1
3828 0
3827 1
3826 0
3825 1
3824 0
3823 1
3822 0
3821 1
3820 0
3819 1
3818 0
3817 1
3816 0
3815 1
3814 0
3813 1
3812 0
3811 1
3810 0
3809 1
3808 0
3807 1
3806 0
3805 1
3804 0
3803 1
3802 0
3801 1
3800 0
3799 1
3798 0
3797 1
3796 0
3795 1
3794 0
3793 1
3792 0
3791 1
3790 0
3789 1
3788 0
3787 1
3786 0
3785 1
3784 0
3783 1
3782 0
3781 1
3780 0
3779 1
3778 0
3777 1
3776 0
3775 1
3774 0
3773 1
3772 0
3771 1
3770 0
3769 1
3768 0
3767 1
3766 0
3765 1
3764 0
3763 1
3762 0
3761 1
3760 0
3759 1
3758 0
3757 1
3756 0
3755 1
3754 0
3753 1
3752 0
3751 1
3750 0
3749 1
3748 0
3747 1
3746 0
3745 1
3744 0
3743 1
3742 0
3741 1
3740 0
3739 1
3738 0
3737 1
3736 0
3735 1
3734 0
3733 1
3732 0
3731 1
3730 0
3729 1
3728 0
3727 1
3726 0
3725 1
3724 0
3723 1
3722 0
3721 1
3720 0
3719 1
3718 0
3717 1
3716 0
3715 1
3714 0
3713 1
3712 0
3711 1
3710 0
3709 1
3708 0
3707 1
3706 0
3705 1
3704 0
3703 1
3702 0
3701 1
3700 0
3699 1
3698 0
3697 1
3696 0
3695 1
3694 0
3693 1
3692 0
3691 1
3690 0
3689 1
3688 0
3687 1
3686 0
3685 1
3684 0
3683 1
3682 0
3681 1
3680 0
3679 1
3678 0
3677 1
3676 0
3675 1
3674 0
3673 1
3672 0
3671 1
3670 0
3669 1
3668 0
3667 1
3666 0
3665 1
3664 0
3663 1
3662 0
3661 1
3660 0
3659 1
3658 0
3657 1
3656 0
3655 1
3654 0
3653 1
3652 0
3651 1
3650 0
3649 1
3648 0
3647 1
3646 0
3645 1
3644 0
3643 1
3642 0
3641 1
3640 0
3639 1
3638 0
3637 1
3636 0
3635 1
3634 0
3633 1
3632 0
3631 1
3630 0
3629 1
3628 0
3627 1
3626 0
3625 1
3624 0
3623 1
3622 0
3621 1
3620 0
3619 1
3618 0
3617 1
3616 0
3615 1
3614 0
3613 1
3612 0
3611 1
3610 0
3609 1
3608 0
3607 1
3606 0
3605 1
3604 0
3603 1
3602 0
3601 1
3600 0
3599 1
3598 0
3597 1
3596 0
3595 1
3594 0
3593 1
3592 0
3591 1
3590 0
3589 1
3588 0
3587 1
3586 0
3585 1
3584 0
3583 1
3582 0
3581 1
3580 0
3579 1
3578 0
3577 1
3576 0
3575 1
3574 0
3573 1
3572 0
3571 1
3570 0
3569 1
3568 0
3567 1
3566 0
3565 1
3564 0
3563 1
3562 0
3561 1
3560 0
3559 1
3558 0
3557 1
3556 0
3555 1
3554 0
3553 1
3552 0
3551 1
3550 0
3549 1
3548 0
3547 1
3546 0
3545 1
3544 0
3543 1
3542 0
3541 1
3540 0
3539 1
3538 0
3537 1
3536 0
3535 1
3534 0
3533 1
3532 0
3531 1
3530 0
3529 1
3528 0
3527 1
3526 0
3525 1
3524 0
3523 1
3522 0
3521 1
3520 0
3519 1
3518 0
3517 1
3516 0
3515 1
3514 0
3513 1
3512 0
3511 1
3510 0
3509 1
3508 0
3507 1
3506 0
3505 1
3504 0
3503 1
3502 0
3501 1
3500 0
3499 1
3498 0
3497 1
3496 0
3495 1
3494 0
3493 1
3492 0
3491 1
3490 0
3489 1
3488 0
3487 1
3486 0
3485 1
3484 0
3483 1
3482 0
3481 1
3480 0
3479 1
3478 0
3477 1
3476 0
3475 1
3474 0
3473 1
3472 0
3471 1
3470 0
3469 1
3468 0
3467 1
3466 0
3465 1
3464 0
3463 1
3462 0
3461 1
3460 0
3459 1
3458 0
3457 1
3456 0
3455 1
3454 0
3453 1
3452 0
3451 1
3450 0
3449 1
3448 0
3447 1
3446 0
3445 1
3444 0
3443 1
3442 0
3441 1
3440 0
3439 1
3438 0
3437 1
3436 0
3435 1
3434 0
3433 1
3432 0
3431 1
3430 0
3429 1
3428 0
3427 1
3426 0
3425 1
3424 0
3423 1
3422 0
3421 1
3420 0
3419 1
3418 0
3417 1
3416 0
3415 1
3414 0
3413 1
3412 0
3411 1
3410 0
3409 1
3408 0
3407 1
3406 0
3405 1
3404 0
3403 1
3402 0
3401 1
3400 0
3399 1
3398 0
3397 1
3396 0
3395 1
3394 0
3393 1
3392 0
3391 1
3390 0
3389 1
3388 0
3387 1
3386 0
3385 1
3384 0
3383 1
3382 0
3381 1
3380 0
3379 1
3378 0
3377 1
3376 0
3375 1
3374 0
3373 1
3372 0
3371 1
3370 0
3369 1
3368 0
3367 1
3366 0
3365 1
3364 0
3363 1
3362 0
3361 1
3360 0
3359 1
3358 0
3357 1
3356 0
3355 1
3354 0
3353 1
3352 0
3351 1
3350 0
3349 1
3348 0
3347 1
3346 0
3345 1
3344 0
3343 1
3342 0
3341 1
3340 0
3339 1
3338 0
3337 1
3336 0
3335 1
3334 0
3333 1
3332 0
3331 1
3330 0
3329 1
3328 0
3327 1
3326 0
3325 1
3324 0
3323 1
3322 0
3321 1
3320 0
3319 1
3318 0
3317 1
3316 0
3315 1
3314 0
3313 1
3312 0
3311 1
3310 0
3309 1
3308 0
3307 1
3306 0
3305 1
3304 0
3303 1
3302 0
3301 1
3300 0
3299 1
3298 0
3297 1
3296 0
3295 1
3294 0
3293 1
3292 0
3291 1
3290 0
3289 1
3288 0
3287 1
3286 0
3285 1
3284 0
3283 1
3282 0
3281 1
3280 0
3279 1
3278 0
3277 1
3276 0
3275 1
3274 0
3273 1
3272 0
3271 1
3270 0
3269 1
3268 0
3267 1
3266 0
3265 1
3264 0
3263 1
3262 0
3261 1
3260 0
3259 1
3258 0
3257 1
3256 0
3255 1
3254 0
3253 1
3252 0
3251 1
3250 0
3249 1
3248 0
3247 1
3246 0
3245 1
3244 0
3243 1
3242 0
3241 1
3240 0
3239 1
3238 0
3237 1
3236 0
3235 1
3234 0
3233 1
3232 0
3231 1
3230 0
3229 1
3228 0
3227 1
3226 0
3225 1
3224 0
3223 1
3222 0
3221 1
3220 0
3219 1
3218 0
3217 1
3216 0
3215 1
3214 0
3213 1
3212 0
3211 1
3210 0
3209 1
3208 0
3207 1
3206 0
3205 1
3204 0
3203 1
3202 0
3201 1
3200 0
3199 1
3198 0
3197 1
3196 0
3195 1
3194 0
3193 1
3192 0
3191 1
3190 0
3189 1
3188 0
3187 1
3186 0
3185 1
3184 0
3183 1
3182 0
3181 1
3180 0
3179 1
3178 0
3177 1
3176 0
3175 1
3174 0
3173 1
3172 0
3171 1
3170 0
3169 1
3168 0
3167 1
3166 0
3165 1
3164 0
3163 1
3162 0
3161 1
3160 0
3159 1
3158 0
3157 1
3156 0
3155 1
3154 0
3153 1
3152 0
3151 1
3150 0
3149 1
3148 0
3147 1
3146 0
3145 1
3144 0
3143 1
3142 0
3141 1
3140 0
3139 1
3138 0
3137 1
3136 0
3135 1
3134 0
3133 1
3132 0
3131 1
3130 0
3129 1
3128 0
3127 1
3126 0
3125 1
3124 0
3123 1
3122 0
3121 1
3120 0
3119 1
3118 0
3117 1
3116 0
3115 1
3114 0
3113 1
3112 0
3111 1
3110 0
3109 1
3108 0
3107 1
3106 0
3105 1
3104 0
3103 1
3102 0
3101 1
3100 0
3099 1
3098 0
3097 1
3096 0
3095 1
3094 0
3093 1
3092 0
3091 1
3090 0
3089 1
3088 0
3087 1
3086 0
3085 1
3084 0
3083 1
3082 0
3081 1
3080 0
3079 1
3078 0
3077 1
3076 0
3075 1
3074 0
3073 1
3072 0
3071 1
3070 0
3069 1
3068 0
3067 1
3066 0
3065 1
3064 0
3063 1
3062 0
3061 1
3060 0
3059 1
3058 0
3057 1
3056 0
3055 1
3054 0
3053 1
3052 0
3051 1
3050 0
3049 1
3048 0
3047 1
3046 0
3045 1
3044 0
3043 1
3042 0
3041 1
3040 0
3039 1
3038 0
3037 1
3036 0
3035 1
3034 0
3033 1
3032 0
3031 1
3030 0
3029 1
3028 0
3027 1
3026 0
3025 1
3024 0
3023 1
3022 0
3021 1
3020 0
3019 1
3018 0
3017 1
3016 0
3015 1
3014 0
3013 1
3012 0
3011 1
3010 0
3009 1
3008 0
3007 1
3006 0
3005 1
3004 0
3003 1
3002 0
3001 1
3000 0
2999 1
2998 0
2997 1
2996 0
2995 1
2994 0
2993 1
2992 0
2991 1
2990 0
2989 1
2988 0
2987 1
2986 0
2985 1
2984 0
2983 1
2982 0
2981 1
2980 0
2979 1
2978 0
2977 1
2976 0
2975 1
2974 0
2973 1
2972 0
2971 1
2970 0
2969 1
2968 0
2967 1
2966 0
2965 1
2964 0
2963 1
2962 0
2961 1
2960 0
2959 1
2958 0
2957 1
2956 0
2955 1
2954 0
2953 1
2952 0
2951 1
2950 0
2949 1
2948 0
2947 1
2946 0
2945 1
2944 0
2943 1
2942 0
2941 1
2940 0
2939 1
2938 0
2937 1
2936 0
2935 1
2934 0
2933 1
2932 0
2931 1
2930 0
2929 1
2928 0
2927 1
2926 0
2925 1
2924 0
2923 1
2922 0
2921 1
2920 0
2919 1
2918 0
2917 1
2916 0
2915 1
2914 0
2913 1
2912 0
2911 1
2910 0
2909 1
2908 0
2907 1
2906 0
2905 1
2904 0
2903 1
2902 0
2901 1
2900 0
2899 1
2898 0
2897 1
2896 0
2895 1
2894 0
2893 1
2892 0
2891 1
2890 0
2889 1
2888 0
2887 1
2886 0
2885 1
2884 0
2883 1
2882 0
2881 1
2880 0
2879 1
2878 0
2877 1
2876 0
2875 1
2874 0
2873 1
2872 0
2871 1
2870 0
2869 1
2868 0
2867 1
2866 0
2865 1
2864 0
2863 1
2862 0
2861 1
2860 0
2859 1
2858 0
2857 1
2856 0
2855 1
2854 0
2853 1
2852 0
2851 1
2850 0
2849 1
2848 0
2847 1
2846 0
2845 1
2844 0
2843 1
2842 0
2841 1
2840 0
2839 1
2838 0
2837 1
2836 0
2835 1
2834 0
2833 1
2832 0
2831 1
2830 0
2829 1
2828 0
2827 1
2826 0
2825 1
2824 0
2823 1
2822 0
2821 1
2820 0
2819 1
2818 0
2817 1
2816 0
2815 1
2814 0
2813 1
2812 0
2811 1
2810 0
2809 1
2808 0
2807 1
2806 0
2805 1
2804 0
2803 1
2802 0
2801 1
2800 0
2799 1
2798 0
2797 1
2796 0
2795 1
2794 0
2793 1
2792 0
2791 1
2790 0
2789 1
2788 0
2787 1
2786 0
2785 1
2784 0
2783 1
2782 0
2781 1
2780 0
2779 1
2778 0
2777 1
2776 0
2775 1
2774 0
2773 1
2772 0
2771 1
2770 0
2769 1
2768 0
2767 1
2766 0
2765 1
2764 0
2763 1
2762 0
2761 1
2760 0
2759 1
2758 0
2757 1
2756 0
2755 1
2754 0
2753 1
2752 0
2751 1
2750 0
2749 1
2748 0
2747 1
2746 0
2745 1
2744 0
2743 1
2742 0
2741 1
2740 0
2739 1
2738 0
2737 1
2736 0
2735 1
2734 0
2733 1
2732 0
2731 1
2730 0
2729 1
2728 0
2727 1
2726 0
2725 1
2724 0
2723 1
2722 0
2721 1
2720 0
2719 1
2718 0
2717 1
2716 0
2715 1
2714 0
2713 1
2712 0
2711 1
2710 0
2709 1
2708 0
2707 1
2706 0
2705 1
2704 0
2703 1
2702 0
2701 1
2700 0
2699 1
2698 0
2697 1
2696 0
2695 1
2694 0
2693 1
2692 0
2691 1
2690 0
2689 1
2688 0
2687 1
2686 0
2685 1
2684 0
2683 1
2682 0
2681 1
2680 0
2679 1
2678 0
2677 1
2676 0
2675 1
2674 0
2673 1
2672 0
2671 1
2670 0
2669 1
2668 0
2667 1
2666 0
2665 1
2664 0
2663 1
2662 0
2661 1
2660 0
2659 1
2658 0
2657 1
2656 0
2655 1
2654 0
2653 1
2652 0
2651 1
2650 0
2649 1
2648 0
2647 1
2646 0
2645 1
2644 0
2643 1
2642 0
2641 1
2640 0
2639 1
2638 0
2637 1
2636 0
2635 1
2634 0
2633 1
2632 0
2631 1
2630 0
2629 1
2628 0
2627 1
2626 0
2625 1
2624 0
2623 1
2622 0
2621 1
2620 0
2619 1
2618 0
2617 1
2616 0
2615 1
2614 0
2613 1
2612 0
2611 1
2610 0
2609 1
2608 0
2607 1
2606 0
2605 1
2604 0
2603 1
2602 0
2601 1
2600 0
2599 1
2598 0
2597 1
2596 0
2595 1
2594 0
2593 1
2592 0
2591 1
2590 0
2589 1
2588 0
2587 1
2586 0
2585 1
2584 0
2583 1
2582 0
2581 1
2580 0
2579 1
2578 0
2577 1
2576 0
2575 1
2574 0
2573 1
2572 0
2571 1
2570 0
2569 1
2568 0
2567 1
2566 0
2565 1
2564 0
2563 1
2562 0
2561 1
2560 0
2559 1
2558 0
2557 1
2556 0
2555 1
2554 0
2553 1
2552 0
2551 1
2550 0
2549 1
2548 0
2547 1
2546 0
2545 1
2544 0
2543 1
2542 0
2541 1
2540 0
2539 1
2538 0
2537 1
2536 0
2535 1
2534 0
2533 1
2532 0
2531 1
2530 0
2529 1
2528 0
2527 1
2526 0
2525 1
2524 0
2523 1
2522 0
2521 1
2520 0
2519 1
2518 0
2517 1
2516 0
2515 1
2514 0
2513 1
2512 0
2511 1
2510 0
2509 1
2508 0
2507 1
2506 0
2505 1
2504 0
2503 1
2502 0
2501 1
2500 0
2499 1
2498 0
2497 1
2496 0
2495 1
2494 0
2493 1
2492 0
2491 1
2490 0
2489 1
2488 0
2487 1
2486 0
2485 1
2484 0
2483 1
2482 0
2481 1
2480 0
2479 1
2478 0
2477 1
2476 0
2475 1
2474 0
2473 1
2472 0
2471 1
2470 0
2469 1
2468 0
2467 1
2466 0
2465 1
2464 0
2463 1
2462 0
2461 1
2460 0
2459 1
2458 0
2457 1
2456 0
2455 1
2454 0
2453 1
2452 0
2451 1
2450 0
2449 1
2448 0
2447 1
2446 0
2445 1
2444 0
2443 1
2442 0
2441 1
2440 0
2439 1
2438 0
2437 1
2436 0
2435 1
2434 0
2433 1
2432 0
2431 1
2430 0
2429 1
2428 0
2427 1
2426 0
2425 1
2424 0
2423 1
2422 0
2421 1
2420 0
2419 1
2418 0
2417 1
2416 0
2415 1
2414 0
2413 1
2412 0
2411 1
2410 0
2409 1
2408 0
2407 1
2406 0
2405 1
2404 0
2403 1
2402 0
2401 1
2400 0
2399 1
2398 0
2397 1
2396 0
2395 1
2394 0
2393 1
2392 0
2391 1
2390 0
2389 1
2388 0
2387 1
2386 0
2385 1
2384 0
2383 1
2382 0
2381 1
2380 0
2379 1
2378 0
2377 1
2376 0
2375 1
2374 0
2373 1
2372 0
2371 1
2370 0
2369 1
2368 0
2367 1
2366 0
2365 1
2364 0
2363 1
2362 0
2361 1
2360 0
2359 1
2358 0
2357 1
2356 0
2355 1
2354 0
2353 1
2352 0
2351 1
2350 0
2349 1
2348 0
2347 1
2346 0
2345 1
2344 0
2343 1
2342 0
2341 1
2340 0
2339 1
2338 0
2337 1
2336 0
2335 1
2334 0
2333 1
2332 0
2331 1
2330 0
2329 1
2328 0
2327 1
2326 0
2325 1
2324 0
2323 1
2322 0
2321 1
2320 0
2319 1
2318 0
2317 1
2316 0
2315 1
2314 0
2313 1
2312 0
2311 1
2310 0
2309 1
2308 0
2307 1
2306 0
2305 1
2304 0
2303 1
2302 0
2301 1
2300 0
2299 1
2298 0
2297 1
2296 0
2295 1
2294 0
2293 1
2292 0
2291 1
2290 0
2289 1
2288 0
2287 1
2286 0
2285 1
2284 0
2283 1
2282 0
2281 1
2280 0
2279 1
2278 0
2277 1
2276 0
2275 1
2274 0
2273 1
2272 0
2271 1
2270 0
2269 1
2268 0
2267 1
2266 0
2265 1
2264 0
2263 1
2262 0
2261 1
2260 0
2259 1
2258 0
2257 1
2256 0
2255 1
2254 0
2253 1
2252 0
2251 1
2250 0
2249 1
2248 0
2247 1
2246 0
2245 1
2244 0
2243 1
2242 0
2241 1
2240 0
2239 1
2238 0
2237 1
2236 0
2235 1
2234 0
2233 1
2232 0
2231 1
2230 0
2229 1
2228 0
2227 1
2226 0
2225 1
2224 0
2223 1
2222 0
2221 1
2220 0
2219 1
2218 0
2217 1
2216 0
2215 1
2214 0
2213 1
2212 0
2211 1
2210 0
2209 1
2208 0
2207 1
2206 0
2205 1
2204 0
2203 1
2202 0
2201 1
2200 0
2199 1
2198 0
2197 1
2196 0
2195 1
2194 0
2193 1
2192 0
2191 1
2190 0
2189 1
2188 0
2187 1
2186 0
2185 1
2184 0
2183 1
2182 0
2181 1
2180 0
2179 1
2178 0
2177 1
2176 0
2175 1
2174 0
2173 1
2172 0
2171 1
2170 0
2169 1
2168 0
2167 1
2166 0
2165 1
2164 0
2163 1
2162 0
2161 1
2160 0
2159 1
2158 0
2157 1
2156 0
2155 1
2154 0
2153 1
2152 0
2151 1
2150 0
2149 1
2148 0
2147 1
2146 0
2145 1
2144 0
2143 1
2142 0
2141 1
2140 0
2139 1
2138 0
2137 1
2136 0
2135 1
2134 0
2133 1
2132 0
2131 1
2130 0
2129 1
2128 0
2127 1
2126 0
2125 1
2124 0
2123 1
2122 0
2121 1
2120 0
2119 1
2118 0
2117 1
2116 0
2115 1
2114 0
2113 1
2112 0
2111 1
2110 0
2109 1
2108 0
2107 1
2106 0
2105 1
2104 0
2103 1
2102 0
2101 1
2100 0
2099 1
2098 0
2097 1
2096 0
2095 1
2094 0
2093 1
2092 0
2091 1
2090 0
2089 1
2088 0
2087 1
2086 0
2085 1
2084 0
2083 1
2082 0
2081 1
2080 0
2079 1
2078 0
2077 1
2076 0
2075 1
2074 0
2073 1
2072 0
2071 1
2070 0
2069 1
2068 0
2067 1
2066 0
2065 1
2064 0
2063 1
2062 0
2061 1
2060 0
2059 1
2058 0
2057 1
2056 0
2055 1
2054 0
2053 1
2052 0
2051 1
2050 0
2049 1
2048 0
2047 1
2046 0
2045 1
2044 0
2043 1
2042 0
2041 1
2040 0
2039 1
2038 0
2037 1
2036 0
2035 1
2034 0
2033 1
2032 0
2031 1
2030 0
2029 1
2028 0
2027 1
2026 0
2025 1
2024 0
2023 1
2022 0
2021 1
2020 0
2019 1
2018 0
2017 1
2016 0
2015 1
2014 0
2013 1
2012 0
2011 1
2010 0
2009 1
2008 0
2007 1
2006 0
2005 1
2004 0
2003 1
2002 0
2001 1
2000 0
1999 1
1998 0
1997 1
1996 0
1995 1
1994 0
1993 1
1992 0
1991 1
1990 0
1989 1
1988 0
1987 1
1986 0
1985 1
1984 0
1983 1
1982 0
1981 1
1980 0
1979 1
1978 0
1977 1
1976 0
1975 1
1974 0
1973 1
1972 0
1971 1
1970 0
1969 1
1968 0
1967 1
1966 0
1965 1
1964 0
1963 1
1962 0
1961 1
1960 0
1959 1
1958 0
1957 1
1956 0
1955 1
1954 0
1953 1
1952 0
1951 1
1950 0
1949 1
1948 0
1947 1
1946 0
1945 1
1944 0
1943 1
1942 0
1941 1
1940 0
1939 1
1938 0
1937 1
1936 0
1935 1
1934 0
1933 1
1932 0
1931 1
1930 0
1929 1
1928 0
1927 1
1926 0
1925 1
1924 0
1923 1
1922 0
1921 1
1920 0
1919 1
1918 0
1917 1
1916 0
1915 1
1914 0
1913 1
1912 0
1911 1
1910 0
1909 1
1908 0
1907 1
1906 0
1905 1
1904 0
1903 1
1902 0
1901 1
1900 0
1899 1
1898 0
1897 1
1896 0
1895 1
1894 0
1893 1
1892 0
1891 1
1890 0
1889 1
1888 0
1887 1
1886 0
1885 1
1884 0
1883 1
1882 0
1881 1
1880 0
1879 1
1878 0
1877 1
1876 0
1875 1
1874 0
1873 1
1872 0
1871 1
1870 0
1869 1
1868 0
1867 1
1866 0
1865 1
1864 0
1863 1
1862 0
1861 1
1860 0
1859 1
1858 0
1857 1
1856 0
1855 1
1854 0
1853 1
1852 0
1851 1
1850 0
1849 1
1848 0
1847 1
1846 0
1845 1
1844 0
1843 1
1842 0
1841 1
1840 0
1839 1
1838 0
1837 1
1836 0
1835 1
1834 0
1833 1
1832 0
1831 1
1830 0
1829 1
1828 0
1827 1
1826 0
1825 1
1824 0
1823 1
1822 0
1821 1
1820 0
1819 1
1818 0
1817 1
1816 0
1815 1
1814 0
1813 1
1812 0
1811 1
1810 0
1809 1
1808 0
1807 1
1806 0
1805 1
1804 0
1803 1
1802 0
1801 1
1800 0
1799 1
1798 0
1797 1
1796 0
1795 1
1794 0
1793 1
1792 0
1791 1
1790 0
1789 1
1788 0
1787 1
1786 0
1785 1
1784 0
1783 1
1782 0
1781 1
1780 0
1779 1
1778 0
1777 1
1776 0
1775 1
1774 0
1773 1
1772 0
1771 1
1770 0
1769 1
1768 0
1767 1
1766 0
1765 1
1764 0
1763 1
1762 0
1761 1
1760 0
1759 1
1758 0
1757 1
1756 0
1755 1
1754 0
1753 1
1752 0
1751 1
1750 0
1749 1
1748 0
1747 1
1746 0
1745 1
1744 0
1743 1
1742 0
1741 1
1740 0
1739 1
1738 0
1737 1
1736 0
1735 1
1734 0
1733 1
1732 0
1731 1
1730 0
1729 1
1728 0
1727 1
1726 0
1725 1
1724 0
1723 1
1722 0
1721 1
1720 0
1719 1
1718 0
1717 1
1716 0
1715 1
1714 0
1713 1
1712 0
1711 1
1710 0
1709 1
1708 0
1707 1
1706 0
1705 1
1704 0
1703 1
1702 0
1701 1
1700 0
1699 1
1698 0
1697 1
1696 0
1695 1
1694 0
1693 1
1692 0
1691 1
1690 0
1689 1
1688 0
1687 1
1686 0
1685 1
1684 0
1683 1
1682 0
1681 1
1680 0
1679 1
1678 0
1677 1
1676 0
1675 1
1674 0
1673 1
1672 0
1671 1
1670 0
1669 1
1668 0
1667 1
1666 0
1665 1
1664 0
1663 1
1662 0
1661 1
1660 0
1659 1
1658 0
1657 1
1656 0
1655 1
1654 0
1653 1
1652 0
1651 1
1650 0
1649 1
1648 0
1647 1
1646 0
1645 1
1644 0
1643 1
1642 0
1641 1
1640 0
1639 1
1638 0
1637 1
1636 0
1635 1
1634 0
1633 1
1632 0
1631 1
1630 0
1629 1
1628 0
1627 1
1626 0
1625 1
1624 0
1623 1
1622 0
1621 1
1620 0
1619 1
1618 0
1617 1
1616 0
1615 1
1614 0
1613 1
1612 0
1611 1
1610 0
1609 1
1608 0
1607 1
1606 0
1605 1
1604 0
1603 1
1602 0
1601 1
1600 0
1599 1
1598 0
1597 1
1596 0
1595 1
1594 0
1593 1
1592 0
1591 1
1590 0
1589 1
1588 0
1587 1
1586 0
1585 1
1584 0
1583 1
1582 0
1581 1
1580 0
1579 1
1578 0
1577 1
1576 0
1575 1
1574 0
1573 1
1572 0
1571 1
1570 0
1569 1
1568 0
1567 1
1566 0
1565 1
1564 0
1563 1
1562 0
1561 1
1560 0
1559 1
1558 0
1557 1
1556 0
1555 1
1554 0
1553 1
1552 0
1551 1
1550 0
1549 1
1548 0
1547 1
1546 0
1545 1
1544 0
1543 1
1542 0
1541 1
1540 0
1539 1
1538 0
1537 1
1536 0
1535 1
1534 0
1533 1
1532 0
1531 1
1530 0
1529 1
1528 0
1527 1
1526 0
1525 1
1524 0
1523 1
1522 0
1521 1
1520 0
1519 1
1518 0
1517 1
1516 0
1515 1
1514 0
1513 1
1512 0
1511 1
1510 0
1509 1
1508 0
1507 1
1506 0
1505 1
1504 0
1503 1
1502 0
1501 1
1500 0
1499 1
1498 0
1497 1
1496 0
1495 1
1494 0
1493 1
1492 0
1491 1
1490 0
1489 1
1488 0
1487 1
1486 0
1485 1
1484 0
1483 1
1482 0
1481 1
1480 0
1479 1
1478 0
1477 1
1476 0
1475 1
1474 0
1473 1
1472 0
1471 1
1470 0
1469 1
1468 0
1467 1
1466 0
1465 1
1464 0
1463 1
1462 0
1461 1
1460 0
1459 1
1458 0
1457 1
1456 0
1455 1
1454 0
1453 1
1452 0
1451 1
1450 0
1449 1
1448 0
1447 1
1446 0
1445 1
1444 0
1443 1
1442 0
1441 1
1440 0
1439 1
1438 0
1437 1
1436 0
1435 1
1434 0
1433 1
1432 0
1431 1
1430 0
1429 1
1428 0
1427 1
1426 0
1425 1
1424 0
1423 1
1422 0
1421 1
1420 0
1419 1
1418 0
1417 1
1416 0
1415 1
1414 0
1413 1
1412 0
1411 1
1410 0
1409 1
1408 0
1407 1
1406 0
1405 1
1404 0
1403 1
1402 0
1401 1
1400 0
1399 1
1398 0
1397 1
1396 0
1395 1
1394 0
1393 1
1392 0
1391 1
1390 0
1389 1
1388 0
1387 1
1386 0
1385 1
1384 0
1383 1
1382 0
1381 1
1380 0
1379 1
1378 0
1377 1
1376 0
1375 1
1374 0
1373 1
1372 0
1371 1
1370 0
1369 1
1368 0
1367 1
1366 0
1365 1
1364 0
1363 1
1362 0
1361 1
1360 0
1359 1
1358 0
1357 1
1356 0
1355 1
1354 0
1353 1
1352 0
1351 1
1350 0
1349 1
1348 0
1347 1
1346 0
1345 1
1344 0
1343 1
1342 0
1341 1
1340 0
1339 1
1338 0
1337 1
1336 0
1335 1
1334 0
1333 1
1332 0
1331 1
1330 0
1329 1
1328 0
1327 1
1326 0
1325 1
1324 0
1323 1
1322 0
1321 1
1320 0
1319 1
1318 0
1317 1
1316 0
1315 1
1314 0
1313 1
1312 0
1311 1
1310 0
1309 1
1308 0
1307 1
1306 0
1305 1
1304 0
1303 1
1302 0
1301 1
1300 0
1299 1
1298 0
1297 1
1296 0
1295 1
1294 0
1293 1
1292 0
1291 1
1290 0
1289 1
1288 0
1287 1
1286 0
1285 1
1284 0
1283 1
1282 0
1281 1
1280 0
1279 1
1278 0
1277 1
1276 0
1275 1
1274 0
1273 1
1272 0
1271 1
1270 0
1269 1
1268 0
1267 1
1266 0
1265 1
1264 0
1263 1
1262 0
1261 1
1260 0
1259 1
1258 0
1257 1
1256 0
1255 1
1254 0
1253 1
1252 0
1251 1
1250 0
1249 1
1248 0
1247 1
1246 0
1245 1
1244 0
1243 1
1242 0
1241 1
1240 0
1239 1
1238 0
1237 1
1236 0
1235 1
1234 0
1233 1
1232 0
1231 1
1230 0
1229 1
1228 0
1227 1
1226 0
1225 1
1224 0
1223 1
1222 0
1221 1
1220 0
1219 1
1218 0
1217 1
1216 0
1215 1
1214 0
1213 1
1212 0
1211 1
1210 0
1209 1
1208 0
1207 1
1206 0
1205 1
1204 0
1203 1
1202 0
1201 1
1200 0
1199 1
1198 0
1197 1
1196 0
1195 1
1194 0
1193 1
1192 0
1191 1
1190 0
1189 1
1188 0
1187 1
1186 0
1185 1
1184 0
1183 1
1182 0
1181 1
1180 0
1179 1
1178 0
1177 1
1176 0
1175 1
1174 0
1173 1
1172 0
1171 1
1170 0
1169 1
1168 0
1167 1
1166 0
1165 1
1164 0
1163 1
1162 0
1161 1
1160 0
1159 1
1158 0
1157 1
1156 0
1155 1
1154 0
1153 1
1152 0
1151 1
1150 0
1149 1
1148 0
1147 1
1146 0
1145 1
1144 0
1143 1
1142 0
1141 1
1140 0
1139 1
1138 0
1137 1
1136 0
1135 1
1134 0
1133 1
1132 0
1131 1
1130 0
1129 1
1128 0
1127 1
1126 0
1125 1
1124 0
1123 1
1122 0
1121 1
1120 0
1119 1
1118 0
1117 1
1116 0
1115 1
1114 0
1113 1
1112 0
1111 1
1110 0
1109 1
1108 0
1107 1
1106 0
1105 1
1104 0
1103 1
1102 0
1101 1
1100 0
1099 1
1098 0
1097 1
1096 0
1095 1
1094 0
1093 1
1092 0
1091 1
1090 0
1089 1
1088 0
1087 1
1086 0
1085 1
1084 0
1083 1
1082 0
1081 1
1080 0
1079 1
1078 0
1077 1
1076 0
1075 1
1074 0
1073 1
1072 0
1071 1
1070 0
1069 1
1068 0
1067 1
1066 0
1065 1
1064 0
1063 1
1062 0
1061 1
1060 0
1059 1
1058 0
1057 1
1056 0
1055 1
1054 0
1053 1
1052 0
1051 1
1050 0
1049 1
1048 0
1047 1
1046 0
1045 1
1044 0
1043 1
1042 0
1041 1
1040 0
1039 1
1038 0
1037 1
1036 0
1035 1
1034 0
1033 1
1032 0
1031 1
1030 0
1029 1
1028 0
1027 1
1026 0
1025 1
1024 0
1023 1
1022 0
1021 1
1020 0
1019 1
1018 0
1017 1
1016 0
1015 1
1014 0
1013 1
1012 0
1011 1
1010 0
1009 1
1008 0
1007 1
1006 0
1005 1
1004 0
1003 1
1002 0
1001 1
1000 0
999 1
998 0
997 1
996 0
995 1
994 0
993 1
992 0
991 1
990 0
989 1
988 0
987 1
986 0
985 1
984 0
983 1
982 0
981 1
980 0
979 1
978 0
977 1
976 0
975 1
974 0
973 1
972 0
971 1
970 0
969 1
968 0
967 1
966 0
965 1
964 0
963 1
962 0
961 1
960 0
959 1
958 0
957 1
956 0
955 1
954 0
953 1
952 0
951 1
950 0
949 1
948 0
947 1
946 0
945 1
944 0
943 1
942 0
941 1
940 0
939 1
938 0
937 1
936 0
935 1
934 0
933 1
932 0
931 1
930 0
929 1
928 0
927 1
926 0
925 1
924 0
923 1
922 0
921 1
920 0
919 1
918 0
917 1
916 0
915 1
914 0
913 1
912 0
911 1
910 0
909 1
908 0
907 1
906 0
905 1
904 0
903 1
902 0
901 1
900 0
899 1
898 0
897 1
896 0
895 1
894 0
893 1
892 0
891 1
890 0
889 1
888 0
887 1
886 0
885 1
884 0
883 1
882 0
881 1
880 0
879 1
878 0
877 1
876 0
875 1
874 0
873 1
872 0
871 1
870 0
869 1
868 0
867 1
866 0
865 1
864 0
863 1
862 0
861 1
860 0
859 1
858 0
857 1
856 0
855 1
854 0
853 1
852 0
851 1
850 0
849 1
848 0
847 1
846 0
845 1
844 0
843 1
842 0
841 1
840 0
839 1
838 0
837 1
836 0
835 1
834 0
833 1
832 0
831 1
830 0
829 1
828 0
827 1
826 0
825 1
824 0
823 1
822 0
821 1
820 0
819 1
818 0
817 1
816 0
815 1
814 0
813 1
812 0
811 1
810 0
809 1
808 0
807 1
806 0
805 1
804 0
803 1
802 0
801 1
800 0
799 1
798 0
797 1
796 0
795 1
794 0
793 1
792 0
791 1
790 0
789 1
788 0
787 1
786 0
785 1
784 0
783 1
782 0
781 1
780 0
779 1
778 0
777 1
776 0
775 1
774 0
773 1
772 0
771 1
770 0
769 1
768 0
767 1
766 0
765 1
764 0
763 1
762 0
761 1
760 0
759 1
758 0
757 1
756 0
755 1
754 0
753 1
752 0
751 1
750 0
749 1
748 0
747 1
746 0
745 1
744 0
743 1
742 0
741 1
740 0
739 1
738 0
737 1
736 0
735 1
734 0
733 1
732 0
731 1
730 0
729 1
728 0
727 1
726 0
725 1
724 0
723 1
722 0
721 1
720 0
719 1
718 0
717 1
716 0
715 1
714 0
713 1
712 0
711 1
710 0
709 1
708 0
707 1
706 0
705 1
704 0
703 1
702 0
701 1
700 0
699 1
698 0
697 1
696 0
695 1
694 0
693 1
692 0
691 1
690 0
689 1
688 0
687 1
686 0
685 1
684 0
683 1
682 0
681 1
680 0
679 1
678 0
677 1
676 0
675 1
674 0
673 1
672 0
671 1
670 0
669 1
668 0
667 1
666 0
665 1
664 0
663 1
662 0
661 1
660 0
659 1
658 0
657 1
656 0
655 1
654 0
653 1
652 0
651 1
650 0
649 1
648 0
647 1
646 0
645 1
644 0
643 1
642 0
641 1
640 0
639 1
638 0
637 1
636 0
635 1
634 0
633 1
632 0
631 1
630 0
629 1
628 0
627 1
626 0
625 1
624 0
623 1
622 0
621 1
620 0
619 1
618 0
617 1
616 0
615 1
614 0
613 1
612 0
611 1
610 0
609 1
608 0
607 1
606 0
605 1
604 0
603 1
602 0
601 1
600 0
599 1
598 0
597 1
596 0
595 1
594 0
593 1
592 0
591 1
590 0
589 1
588 0
587 1
586 0
585 1
584 0
583 1
582 0
581 1
580 0
579 1
578 0
577 1
576 0
575 1
574 0
573 1
572 0
571 1
570 0
569 1
568 0
567 1
566 0
565 1
564 0
563 1
562 0
561 1
560 0
559 1
558 0
557 1
556 0
555 1
554 0
553 1
552 0
551 1
550 0
549 1
548 0
547 1
546 0
545 1
544 0
543 1
542 0
541 1
540 0
539 1
538 0
537 1
536 0
535 1
534 0
533 1
532 0
531 1
530 0
529 1
528 0
527 1
526 0
525 1
524 0
523 1
522 0
521 1
520 0
519 1
518 0
517 1
516 0
515 1
514 0
513 1
512 0
511 1
510 0
509 1
508 0
507 1
506 0
505 1
504 0
503 1
502 0
501 1
500 0
499 1
498 0
497 1
496 0
495 1
494 0
493 1
492 0
491 1
490 0
489 1
488 0
487 1
486 0
485 1
484 0
483 1
482 0
481 1
480 0
479 1
478 0
477 1
476 0
475 1
474 0
473 1
472 0
471 1
470 0
469 1
468 0
467 1
466 0
465 1
464 0
463 1
462 0
461 1
460 0
459 1
458 0
457 1
456 0
455 1
454 0
453 1
452 0
451 1
450 0
449 1
448 0
447 1
446 0
445 1
444 0
443 1
442 0
441 1
440 0
439 1
438 0
437 1
436 0
435 1
434 0
433 1
432 0
431 1
430 0
429 1
428 0
427 1
426 0
425 1
424 0
423 1
422 0
421 1
420 0
419 1
418 0
417 1
416 0
415 1
414 0
413 1
412 0
411 1
410 0
409 1
408 0
407 1
406 0
405 1
404 0
403 1
402 0
401 1
400 0
399 1
398 0
397 1
396 0
395 1
394 0
393 1
392 0
391 1
390 0
389 1
388 0
387 1
386 0
385 1
384 0
383 1
382 0
381 1
380 0
379 1
378 0
377 1
376 0
375 1
374 0
373 1
372 0
371 1
370 0
369 1
368 0
367 1
366 0
365 1
364 0
363 1
362 0
361 1
360 0
359 1
358 0
357 1
356 0
355 1
354 0
353 1
352 0
351 1
350 0
349 1
348 0
347 1
346 0
345 1
344 0
343 1
342 0
341 1
340 0
339 1
338 0
337 1
336 0
335 1
334 0
333 1
332 0
331 1
330 0
329 1
328 0
327 1
326 0
325 1
324 0
323 1
322 0
321 1
320 0
319 1
318 0
317 1
316 0
315 1
314 0
313 1
312 0
311 1
310 0
309 1
308 0
307 1
306 0
305 1
304 0
303 1
302 0
301 1
300 0
299 1
298 0
297 1
296 0
295 1
294 0
293 1
292 0
291 1
290 0
289 1
288 0
287 1
286 0
285 1
284 0
283 1
282 0
281 1
280 0
279 1
278 0
277 1
276 0
275 1
274 0
273 1
272 0
271 1
270 0
269 1
268 0
267 1
266 0
265 1
264 0
263 1
262 0
261 1
260 0
259 1
258 0
257 1
256 0
255 1
254 0
253 1
252 0
251 1
250 0
249 1
248 0
247 1
246 0
245 1
244 0
243 1
242 0
241 1
240 0
239 1
238 0
237 1
236 0
235 1
234 0
233 1
232 0
231 1
230 0
229 1
228 0
227 1
226 0
225 1
224 0
223 1
222 0
221 1
220 0
219 1
218 0
217 1
216 0
215 1
214 0
213 1
212 0
211 1
210 0
209 1
208 0
207 1
206 0
205 1
204 0
203 1
202 0
201 1
200 0
199 1
198 0
197 1
196 0
195 1
194 0
193 1
192 0
191 1
190 0
189 1
188 0
187 1
186 0
185 1
184 0
183 1
182 0
181 1
180 0
179 1
178 0
177 1
176 0
175 1
174 0
173 1
172 0
171 1
170 0
169 1
168 0
167 1
166 0
165 1
164 0
163 1
162 0
161 1
160 0
159 1
158 0
157 1
156 0
155 1
154 0
153 1
152 0
151 1
150 0
149 1
148 0
147 1
146 0
145 1
144 0
143 1
142 0
141 1
140 0
139 1
138 0
137 1
136 0
135 1
134 0
133 1
132 0
131 1
130 0
129 1
128 0
127 1
126 0
125 1
124 0
123 1
122 0
121 1
120 0
119 1
118 0
117 1
116 0
115 1
114 0
113 1
112 0
111 1
110 0
109 1
108 0
107 1
106 0
105 1
104 0
103 1
102 0
101 1
100 0
99 1
98 0
97 1
96 0
95 1
94 0
93 1
92 0
91 1
90 0
89 1
88 0
87 1
86 0
85 1
84 0
83 1
82 0
81 1
80 0
79 1
78 0
77 1
76 0
75 1
74 0
73 1
72 0
71 1
70 0
69 1
68 0
67 1
66 0
65 1
64 0
63 1
62 0
61 1
60 0
59 1
58 0
57 1
56 0
55 1
54 0
53 1
52 0
51 1
50 0
49 1
48 0
47 1
46 0
45 1
44 0
43 1
42 0
41 1
40 0
39 1
38 0
37 1
36 0
35 1
34 0
33 1
32 0
31 1
30 0
29 1
28 0
27 1
26 0
25 1
24 0
23 1
22 0
21 1
20 0
19 1
18 0
17 1
16 0
15 1
14 0
13 1
12 0
11 1
10 0
9 1
8 0
7 1
6 0
5 1
4 0
3 1
2 0
1 1
0 0
